reference,subject,document_date,document_url,slug,parse_status,ksei_reference,ticker,event_family,record_date,distribution_date,transition_date,transition_semantic,diagnostics,source_url,source_sha256
KSEI-23256/JKU/1123,Jadwal Penawaran Tender Sukarela atas saham PT Tower Bersama Infrastructure Tbk (TBIG),2023-11-07,https://web.ksei.co.id/Announcement/Files/160799_ksei_23256_jku_1123_202311071800.pdf,masr,UNRESOLVED,KSEI-23256/JKU/1123,TBIG,UNKNOWN,,,,,NO_EXPLICIT_REGULAR_MARKET_TRANSITION|UNKNOWN_SCHEDULE_FAMILY,https://web.ksei.co.id/Announcement/Files/160799_ksei_23256_jku_1123_202311071800.pdf,5965832229ebc8d352d146efc8c4465fd0bd28935c4f6e9a712bd96db62d332f
KSEI-24440/JKU/1123,Jadwal Penawaran Tender Wajib atas saham PT Golden Eagle Energy Tbk (SMMT),2023-11-22,https://web.ksei.co.id/Announcement/Files/161213_ksei_24440_jku_1123_202311221745.pdf,masr,UNRESOLVED,KSEI-24440/JKU/1123,SMMT,UNKNOWN,,2023-11-23,,,NO_EXPLICIT_REGULAR_MARKET_TRANSITION|UNKNOWN_SCHEDULE_FAMILY,https://web.ksei.co.id/Announcement/Files/161213_ksei_24440_jku_1123_202311221745.pdf,f4ab027e1f377496ece32ec8f6ca110210b364a33a6dc1c49c91ab0936edcec5
KSEI-24442/JKU/1123,Penggabungan Usaha (Merger) PT Jhonlin Agro Raya Tbk (JARR) dan PT Jhonlin Agro Lestari,2023-11-22,https://web.ksei.co.id/Announcement/Files/161214_ksei_24442_jku_1123_202311221748.pdf,masr,UNRESOLVED,KSEI-24442/JKU/1123,JARR,MERGER_OR_RESTRUCTURING,,2023-12-07,,,NO_EXPLICIT_REGULAR_MARKET_TRANSITION,https://web.ksei.co.id/Announcement/Files/161214_ksei_24442_jku_1123_202311221748.pdf,88ea646546d05ded9ca03182ea72b3fde8885846e008a83de4dd0210ba6ba2be
KSEI-24804/JKU/1123,Jadwal Penawaran Tender Wajib atas saham PT Estika Tata Tiara Tbk (BEEF),2023-11-27,https://web.ksei.co.id/Announcement/Files/161372_ksei_24804_jku_1123_202311271617.pdf,masr,UNRESOLVED,KSEI-24804/JKU/1123,BEEF,UNKNOWN,,2024-01-08,,,NO_EXPLICIT_REGULAR_MARKET_TRANSITION|UNKNOWN_SCHEDULE_FAMILY,https://web.ksei.co.id/Announcement/Files/161372_ksei_24804_jku_1123_202311271617.pdf,9b66d18077132005012d8cd46b0cd44776e2601f661114c2edcb40cb1242575c
KSEI-24804/JKU/1123,Jadwal Penawaran Tender Wajib atas saham PT Estika Tata Tiara Tbk (BEEF),2023-11-27,https://web.ksei.co.id/Announcement/Files/161373_ksei_24804_jku_1123_202311271617.pdf,masr,UNRESOLVED,KSEI-24804/JKU/1123,BEEF,UNKNOWN,,2024-01-08,,,NO_EXPLICIT_REGULAR_MARKET_TRANSITION|UNKNOWN_SCHEDULE_FAMILY,https://web.ksei.co.id/Announcement/Files/161373_ksei_24804_jku_1123_202311271617.pdf,9b66d18077132005012d8cd46b0cd44776e2601f661114c2edcb40cb1242575c
KSEI-0826/JKU/0124,Jadwal Penawaran Tender Wajib atas saham PT Transkon Jaya Tbk (TRJA),2024-01-11,https://web.ksei.co.id/Announcement/Files/162861_ksei_0826_jku_0124_202401111856.pdf,masr,UNRESOLVED_PROVIDER,,,UNKNOWN,,,,,PROVIDER_FAILED,https://web.ksei.co.id/Announcement/Files/162861_ksei_0826_jku_0124_202401111856.pdf,
KSEI-3874/JKU/0224,Jadwal Penawaran Tender Wajib atas saham PT Ketrosden Triasmitra Tbk (KETR),2024-02-27,https://web.ksei.co.id/Announcement/Files/164097_ksei_3874_jku_0224_202403041127.pdf,masr,UNRESOLVED_PROVIDER,,,UNKNOWN,,,,,PROVIDER_FAILED,https://web.ksei.co.id/Announcement/Files/164097_ksei_3874_jku_0224_202403041127.pdf,
KSEI-6713/JKU/0424,Jadwal Penawaran Tender Wajib atas saham PT ICTSI Jasa Prima Tbk (KARW),2024-04-02,https://web.ksei.co.id/Announcement/Files/165468_ksei_6713_jku_0424_202404021910.pdf,masr,UNRESOLVED,KSEI-6713/JKU/0424,KARW,UNKNOWN,,2024-05-02,,,NO_EXPLICIT_REGULAR_MARKET_TRANSITION|UNKNOWN_SCHEDULE_FAMILY,https://web.ksei.co.id/Announcement/Files/165468_ksei_6713_jku_0424_202404021910.pdf,159a7cea3191cdd629ec8ac798bacdedfc8d09159c8db11ac8858b886e8a6e7f
KSEI-8656/JKU/0424,Jadwal Penawaran Tender Wajib atas saham PT Petrosea Tbk (PTRO),2024-04-29,https://web.ksei.co.id/Announcement/Files/166095_ksei_8656_jku_0424_202404291958.pdf,masr,UNRESOLVED,KSEI-8656/JKU/0424,PTRO,UNKNOWN,,,,,NO_EXPLICIT_REGULAR_MARKET_TRANSITION|UNKNOWN_SCHEDULE_FAMILY,https://web.ksei.co.id/Announcement/Files/166095_ksei_8656_jku_0424_202404291958.pdf,c85f98ee7d83d698b18db46312b9ea7eea83c44ad6041664909b3a3cf4ebf345
KSEI-8785/JKU/0424,Jadwal Penawaran Tender Wajib atas saham PT Fortune Indonesia Tbk (FORU),2024-04-30,https://web.ksei.co.id/Announcement/Files/166124_ksei_8785_jku_0424_202405031114.pdf,masr,UNRESOLVED,KSEI-8785/JKU/0424,FORU,UNKNOWN,,2024-05-31,,,NO_EXPLICIT_REGULAR_MARKET_TRANSITION|UNKNOWN_SCHEDULE_FAMILY,https://web.ksei.co.id/Announcement/Files/166124_ksei_8785_jku_0424_202405031114.pdf,a20c5c8227038b60c44151720498874c5127c23009087736de944c97c660d97d
KSEI-9582/JKU/0524,Jadwal Pembelian Kembali Saham PT Chandra Asri Pacific Tbk ( TPIA) sehubungan dengan Pemisahan Unit Usaha.,2024-05-07,https://web.ksei.co.id/Announcement/Files/166504_ksei_9582_jku_0524_202405071819.pdf,masr,UNRESOLVED,KSEI-9582/JKU/0524,,UNKNOWN,,2024-05-13,,,MISSING_TICKER|NO_EXPLICIT_REGULAR_MARKET_TRANSITION|UNKNOWN_SCHEDULE_FAMILY,https://web.ksei.co.id/Announcement/Files/166504_ksei_9582_jku_0524_202405071819.pdf,f1f2d9b93daf1c8dae2ffa89d492f89caebf87058603ca96c91b52f1485684f0
KSEI-9709/JKU/0524,Jadwal Penawaran Tender Wajib,,https://web.ksei.co.id/Announcement/Files/166553_ksei_9709_jku_0524_202405081435.pdf,masr,UNRESOLVED,,,UNKNOWN,,2024-06-06,,,MISSING_KSEI_REFERENCE|MISSING_TICKER|NO_EXPLICIT_REGULAR_MARKET_TRANSITION|UNKNOWN_SCHEDULE_FAMILY,https://web.ksei.co.id/Announcement/Files/166553_ksei_9709_jku_0524_202405081435.pdf,3c1b09a489b0c737be53d63e7853eab8b2ced31bddd10c7374aa27c1b897eec1
KSEI-9795/JKU/0524,Harga Pembelian Kembali Saham PT Chandra Asri Pacific Tbk ( TPIA) sehubungan dengan Pemisahan Unit Usaha.,2024-05-08,https://web.ksei.co.id/Announcement/Files/166561_ksei_9795_jku_0524_202405081826.pdf,masr,UNRESOLVED,KSEI-9795/JKU/0524,,UNKNOWN,,,,,MISSING_TICKER|NO_EXPLICIT_REGULAR_MARKET_TRANSITION|UNKNOWN_SCHEDULE_FAMILY,https://web.ksei.co.id/Announcement/Files/166561_ksei_9795_jku_0524_202405081826.pdf,8240a50d2efb082d46165f3cd03c10ad584315157c3c56f701059fed3788c220
KSEI-10665/JKU/0524,Revisi Jadwal Penawaran Tender Wajib atas saham PT Fortune Indonesia Tbk (FORU),2024-05-17,https://web.ksei.co.id/Announcement/Files/166949_ksei_10665_jku_0524_202405170857.pdf,masr,UNRESOLVED,KSEI-10665/JKU/0524,FORU,UNKNOWN,,2024-06-12,,,NO_EXPLICIT_REGULAR_MARKET_TRANSITION|UNKNOWN_SCHEDULE_FAMILY,https://web.ksei.co.id/Announcement/Files/166949_ksei_10665_jku_0524_202405170857.pdf,28fc061bcd4e3d77d69d734a68040f18b48383f3114da5909e3403415815d9a6
KSEI-15867/JKU/0724,"Bahwa Emiten diatas bermaksud untuk melakukan Pemecahan Nilai Nominal Saham (Stock Split) dengan ketentuan sebagai berikut : Adapun jadwal Pelaksanaan Pemecahan Saham (Stock Split) adalah sebagai berikut : Akhir perdagangan saham dengan Nilai Nominal Lama (Nominal Rp 1,000,- per saham) di Pasar Reguler dan Pasar Negosiasi Mulai perdagangan saham dengan Nilai Nominal Baru (Nominal Rp 100,- per saham) di Pasar Reguler dan Pasar Negosiasi Tanggal terakhir penyelesaian transaksi saham dengan Nilai Nominal Lama Rp 1,000,- Tanggal Pencatatan (Recording Date) Tanggal distribusi saham dengan Nilai Nominal Baru Rp 100,- Awal perdagangan saham di Pasar Tunai dengan Nilai Nominal Baru Rp 100,- per saham. Tanggal dimulainya penyelesaian transaksi saham dengan Nilai Nominal Baru Rp 100,- per saham. Petunjuk penggunaan fasilitas Corporate Action melalui C-BEST dapat dilihat pada home page KSEI http://www.ksei.co.id (menu download file) 8 Juli 2024 5 Juli 2024 3 Juli 2024 4 Juli 2024 Rasio Pemecahan Nilai Nominal Saham (Stock Split) dengan Nilai Nominal Lama Rp 1.000,- per saham menjadi Nominal baru Rp100,- per saham. Rasio pemecahan unit saham 1:10 Tembusan Yth: 1. Direksi PT Bursa Efek Indonesia. 2. Direksi PT Kliring Penjaminan Efek Indonesia. 3. Direksi INDOSPRING Tbk, PT 4. Direksi ADIMITRA JASA KORPORA, PT Kepada Yth. Direksi Pemegang Rekening PT Kustodian Sentral Efek Indonesia (KSEI) di tempat No : KSEI-15867/JKU/0724 Jakarta, 1 Juli 2024 Emiten Kode dan Nama Saham Kode ISIN : INDOSPRING Tbk, PT : INDS - INDOSPRING Tbk : ID1000072002",2024-07-01,https://web.ksei.co.id/Announcement/Files/168973_ksei_15867_jku_0724_202407020938.pdf,masr,UNRESOLVED,KSEI-15867/JKU/0724,KODE,STOCK_SPLIT,,,,,NO_EXPLICIT_REGULAR_MARKET_TRANSITION,https://web.ksei.co.id/Announcement/Files/168973_ksei_15867_jku_0724_202407020938.pdf,1376a82691758b73b5629012deb67c497b57e4d7f2bd9d65fe6fa5ea5211bb32
KSEI-15913/JKU/0724,Jadwal Penawaran Tender Sukarela atas saham PT Mega Manunggal Property Tbk (MMLP),2024-07-01,https://web.ksei.co.id/Announcement/Files/168998_ksei_15913_jku_0724_202407020840.pdf,masr,UNRESOLVED,KSEI-15913/JKU/0724,MMLP,UNKNOWN,,2024-07-31,,,NO_EXPLICIT_REGULAR_MARKET_TRANSITION|UNKNOWN_SCHEDULE_FAMILY,https://web.ksei.co.id/Announcement/Files/168998_ksei_15913_jku_0724_202407020840.pdf,a6683168ca47d85753d90a4c9a8440cff38431f80646d93832ac26777b1c6b46
KSEI-18070/JKU/0724,Jadwal Penawaran Tender Wajib atas saham PT Mandala Multifinance Tbk (MFIN),2024-07-23,https://web.ksei.co.id/Announcement/Files/169716_ksei_18070_jku_0724_202407230952.pdf,masr,UNRESOLVED,KSEI-18070/JKU/0724,MFIN,UNKNOWN,,,,,NO_EXPLICIT_REGULAR_MARKET_TRANSITION|UNKNOWN_SCHEDULE_FAMILY,https://web.ksei.co.id/Announcement/Files/169716_ksei_18070_jku_0724_202407230952.pdf,e66823eb03ad648efb106c61903a539e0a677916f9b0a2b21d6dbd1e1c069f87
KSEI-18871/JKU/0824,Jadwal Pembelian Kembali Saham PT Bank OCBC NISP Tbk ( NISP) sehubungan dengan Penggabungan Perseroan dengan PT Bank Commonwealth.,2024-08-02,https://web.ksei.co.id/Announcement/Files/170083_ksei_18871_jku_0824_202408021645.pdf,masr,UNRESOLVED,KSEI-18871/JKU/0824,,MERGER_OR_RESTRUCTURING,,2024-09-05,,,MISSING_TICKER|NO_EXPLICIT_REGULAR_MARKET_TRANSITION,https://web.ksei.co.id/Announcement/Files/170083_ksei_18871_jku_0824_202408021645.pdf,e10df1986f9010838536a32cb7adf7be6088c0da3ebd719215aacba8f4ee007c
KSEI-18981/JKU/0824,Jadwal Penawaran Tender Sukarela atas saham PT Siloam International Hospitals Tbk (SILO),2024-08-05,https://web.ksei.co.id/Announcement/Files/170131_ksei_18981_jku_0824_202408051509.pdf,masr,UNRESOLVED,KSEI-18981/JKU/0824,SILO,UNKNOWN,,2024-09-03,,,NO_EXPLICIT_REGULAR_MARKET_TRANSITION|UNKNOWN_SCHEDULE_FAMILY,https://web.ksei.co.id/Announcement/Files/170131_ksei_18981_jku_0824_202408051509.pdf,c45f8a57d2f3a4d346b1da2c40ffd1ece0efbdb3e825eb6885b1005e25266aaa
KSEI-20353/JKU/0824,Jadwal Penawaran Tender Sukarela,,https://web.ksei.co.id/Announcement/Files/170791_ksei_20353_jku_0824_202408231633.pdf,masr,UNRESOLVED,,,UNKNOWN,,2024-10-04,,,MISSING_KSEI_REFERENCE|MISSING_TICKER|NO_EXPLICIT_REGULAR_MARKET_TRANSITION|UNKNOWN_SCHEDULE_FAMILY,https://web.ksei.co.id/Announcement/Files/170791_ksei_20353_jku_0824_202408231633.pdf,9042597640a0ca56af891c3c245ffad81fb05b0ad14623de6b622d0a79009275
KSEI-21206/JKU/0924,Jadwal Penawaran Tender Wajib,,https://web.ksei.co.id/Announcement/Files/171214_ksei_21206_jku_0924_202409041633.pdf,masr,UNRESOLVED,,,UNKNOWN,,,,,MISSING_KSEI_REFERENCE|MISSING_TICKER|NO_EXPLICIT_REGULAR_MARKET_TRANSITION|UNKNOWN_SCHEDULE_FAMILY,https://web.ksei.co.id/Announcement/Files/171214_ksei_21206_jku_0924_202409041633.pdf,f19b8de4a912b6de3eb1d0f075db82a219d46c1955c010b722db7c2303320a47
KSEI-24744/JKU/1024,Keterbukaan Informasi Reverse Stock dan Penyelesaian Saham Odd Lot PT Net Visi Media Tbk (NETV),2024-10-18,https://web.ksei.co.id/Announcement/Files/172783_ksei_24744_jku_1024_202410181515.pdf,masr,UNRESOLVED,KSEI-24744/JKU/1024,NETV,REVERSE_SPLIT,2024-10-23,2024-10-23,,,NO_EXPLICIT_REGULAR_MARKET_TRANSITION,https://web.ksei.co.id/Announcement/Files/172783_ksei_24744_jku_1024_202410181515.pdf,7dd3bd41b82367907586d23d60b966d3cc354c24730e03f8db2e2360ec65a1f4
KSEI-24991/JKU/1024,"Informasi Harga Pembelian Saham yang Jumlahnya Tidak Memenuhi 1 (satu) Satuan Perdagangan (""Odd Lot"") dalam Penggabungan Saham (""Reverse Stock"") PT Net Visi Media Tbk (NETV)",2024-10-22,https://web.ksei.co.id/Announcement/Files/172861_ksei_24991_jku_1024_202410221717.pdf,masr,UNRESOLVED,KSEI-24991/JKU/1024,,REVERSE_SPLIT,,,,,MISSING_TICKER|NO_EXPLICIT_REGULAR_MARKET_TRANSITION,https://web.ksei.co.id/Announcement/Files/172861_ksei_24991_jku_1024_202410221717.pdf,4b41327c3e1ab8ec1a95107155b59c444a49a4e25e3f62123425cb010ca282fd
KSEI-25594/JKU/1024,"Informasi Harga Pembelian Saham yang Juml ahnya Tidak Memenuhi 1 (satu) Satuan Perdagangan (""Odd Lot"") dalam Penggabungan S aham (""Reverse Stock"") PT Net Visi Media Tbk (NETV)",,https://web.ksei.co.id/Announcement/Files/173172_ksei_25594_jku_1024_202410311702.pdf,masr,UNRESOLVED,KSEI-25594/JKU/1024,,REVERSE_SPLIT,,,,,MISSING_TICKER|NO_EXPLICIT_REGULAR_MARKET_TRANSITION,https://web.ksei.co.id/Announcement/Files/173172_ksei_25594_jku_1024_202410311702.pdf,dba726f9c0578de5fa1c028628d1b62ec5334fd05b893e8ce2c664a025e934d2
KSEI-27597/JKU/1124,Jadwal Penawaran Umum oleh Pemegang Saham PT Alamtri Resources Indonesia Tbk (ADRO),2024-11-29,https://web.ksei.co.id/Announcement/Files/174075_ksei_27597_jku_1124_202411291609.pdf,rights-distribution,UNRESOLVED,KSEI-27597/JKU/1124,ADRO,UNKNOWN,2024-12-05,2024-12-05,,,NO_EXPLICIT_REGULAR_MARKET_TRANSITION|UNKNOWN_SCHEDULE_FAMILY,https://web.ksei.co.id/Announcement/Files/174075_ksei_27597_jku_1124_202411291609.pdf,4c51477093cdb6b93f568781ac3d21f834a26154e18f2ac09576f1eed3867aca
KSEI-28171/JKU/1224,Harga Pelaksanaan Penawaran Umum oleh Pemegang Saham PT Alamtri Resources Indonesia Tbk (ADRO-H),2024-12-05,https://web.ksei.co.id/Announcement/Files/174447_ksei_28171_jku_1224_202412051900.pdf,rights-distribution,UNRESOLVED,KSEI-28171/JKU/1224,,UNKNOWN,2024-12-02,2024-12-05,,,MISSING_TICKER|NO_EXPLICIT_REGULAR_MARKET_TRANSITION|UNKNOWN_SCHEDULE_FAMILY,https://web.ksei.co.id/Announcement/Files/174447_ksei_28171_jku_1224_202412051900.pdf,177618678e05cb18f68022a2e89f33c76e05e5ad0a501ace2c4cff2fb8527b8e
KSEI-3193/JKU/0225,Jadwal Penawaran Tender Wajib atas saham PT EXPLOITASI ENERGI INDONESIA Tbk (CNKO),2025-02-14,https://web.ksei.co.id/Announcement/Files/176872_ksei_3193_jku_0225_202502141713.pdf,masr,UNRESOLVED,KSEI-3193/JKU/0225,CNKO,UNKNOWN,,,,,NO_EXPLICIT_REGULAR_MARKET_TRANSITION|UNKNOWN_SCHEDULE_FAMILY,https://web.ksei.co.id/Announcement/Files/176872_ksei_3193_jku_0225_202502141713.pdf,4ec76cc821e95373fd5ea794d6888f96b1e1c78a779bc42721ed853104c93c59
KSEI-4109/JKU/0225,Harga Penawaran Tender Wajib PT Abadi Nusantara Hijau Investama Tbk (PACK),2025-02-26,https://web.ksei.co.id/Announcement/Files/177372_ksei_4109_jku_0225_202502261435.pdf,masr,UNRESOLVED,KSEI-4109/JKU/0225,PACK,UNKNOWN,,,,,NO_EXPLICIT_REGULAR_MARKET_TRANSITION|UNKNOWN_SCHEDULE_FAMILY,https://web.ksei.co.id/Announcement/Files/177372_ksei_4109_jku_0225_202502261435.pdf,d2734b217ea4ea5a7f34d71e8969fdee7d8eb176904c320317d3581f9a426100
KSEI-3978/JKU/0225,Jadwal Penawaran Tender Wajib atas saham PT ABADI NUSANTARA HIJAU INVESTAMA Tbk (PACK),2025-02-25,https://web.ksei.co.id/Announcement/Files/177376_ksei_3978_jku_0225_202502261637.pdf,masr,UNRESOLVED,KSEI-3978/JKU/0225,PACK,UNKNOWN,,2025-03-26,,,NO_EXPLICIT_REGULAR_MARKET_TRANSITION|UNKNOWN_SCHEDULE_FAMILY,https://web.ksei.co.id/Announcement/Files/177376_ksei_3978_jku_0225_202502261637.pdf,a4db1d730853f5bc3b1737820a661e725cf85e58c6fb7fce9ac83af46796936e
KSEI-4907/JKU/0325,Jadwal Penawaran Tender Wajib atas saham PT Futura Energi Global Tbk (FUTR),2025-03-10,https://web.ksei.co.id/Announcement/Files/177825_ksei_4907_jku_0325_202503101643.pdf,masr,UNRESOLVED,KSEI-4907/JKU/0325,FUTR,UNKNOWN,,2025-03-07,,,NO_EXPLICIT_REGULAR_MARKET_TRANSITION|UNKNOWN_SCHEDULE_FAMILY,https://web.ksei.co.id/Announcement/Files/177825_ksei_4907_jku_0325_202503101643.pdf,30d4d78ec53a55b67d96a8b152a1873ee9a1e3d300cc555afe0f2bea63462109
KSEI-7035/JKU/0325,Pembelian Kembali atas saham PT XL Axiata Tbk (EXCL),2025-03-26,https://web.ksei.co.id/Announcement/Files/178674_ksei_7035_jku_0325_202503262133.pdf,masr,UNRESOLVED,KSEI-7035/JKU/0325,EXCL,UNKNOWN,,2025-04-16,,,NO_EXPLICIT_REGULAR_MARKET_TRANSITION|UNKNOWN_SCHEDULE_FAMILY,https://web.ksei.co.id/Announcement/Files/178674_ksei_7035_jku_0325_202503262133.pdf,93e19889307720b16b5a912392972f4098c6f7f7f367d1c37774af53b21975f3
KSEI-8253/JKU/0425,Jadwal Penawaran Tender Wajib atas saham PT Klinko Karya Imaji Tbk (KLIN),2025-04-16,https://web.ksei.co.id/Announcement/Files/179219_ksei_8253_jku_0425_202504161450.pdf,masr,UNRESOLVED,KSEI-8253/JKU/0425,KLIN,UNKNOWN,,,,,NO_EXPLICIT_REGULAR_MARKET_TRANSITION|UNKNOWN_SCHEDULE_FAMILY,https://web.ksei.co.id/Announcement/Files/179219_ksei_8253_jku_0425_202504161450.pdf,8238e1708b0ecb04ae1b62d5307c7acee2ca456af52ea54061dff4ad5a392210
KSEI-8637/JKU/0425,Jadwal Penawaran Tender Wajib atas saham PT AESLER GRUP INTERNASIONAL Tbk (RONY),2025-04-23,https://web.ksei.co.id/Announcement/Files/179433_ksei_8637_jku_0425_202504231756.pdf,masr,UNRESOLVED,KSEI-8637/JKU/0425,RONY,UNKNOWN,,,,,NO_EXPLICIT_REGULAR_MARKET_TRANSITION|UNKNOWN_SCHEDULE_FAMILY,https://web.ksei.co.id/Announcement/Files/179433_ksei_8637_jku_0425_202504231756.pdf,445d79855f4c8c297561cbbcb2027941e8101891784be88eb19567bd5246c6bd
KSEI-16300/JKU/0625,Jadwal Penawaran Tender Wajib atas saham PT REMALA ABADI TBK (DATA),2025-06-30,https://web.ksei.co.id/Announcement/Files/182345_ksei_16300_jku_0625_202506301743.pdf,masr,UNRESOLVED,KSEI-16300/JKU/0625,DATA,UNKNOWN,,,,,NO_EXPLICIT_REGULAR_MARKET_TRANSITION|UNKNOWN_SCHEDULE_FAMILY,https://web.ksei.co.id/Announcement/Files/182345_ksei_16300_jku_0625_202506301743.pdf,b2fc54feaeb0b053b6fd65d1ceaecf0787dfdb2c87416f4526ca424f9288fb70
KSEI-16924/JKU/0725,Informasi Tambahan atas Penggabungan Usaha (Merger) PT ADIRA DINAMIKA MULTI FINANCE Tbk (ADMF) dan PT MANDALA MULTIFINANCE Tbk (MFIN),2025-07-03,https://web.ksei.co.id/Announcement/Files/182649_ksei_16924_jku_0725_202507031821.pdf,masr,UNRESOLVED,KSEI-16924/JKU/0725,,MERGER_OR_RESTRUCTURING,,,,,MISSING_TICKER|NO_EXPLICIT_REGULAR_MARKET_TRANSITION,https://web.ksei.co.id/Announcement/Files/182649_ksei_16924_jku_0725_202507031821.pdf,c8c6ae32b100146e0b5766e74288c3aaf7c7aa2594b0da2355ed1e96aa84a350
KSEI-16892/JKU/0725,Jadwal Pembelian Kembali atas Saham PT MANDALA MULTIFINANCE TBK (MFIN),2025-07-03,https://web.ksei.co.id/Announcement/Files/182650_ksei_16892_jku_0725_202507031822.pdf,masr,UNRESOLVED,KSEI-16892/JKU/0725,MFIN,UNKNOWN,,2025-09-26,,,NO_EXPLICIT_REGULAR_MARKET_TRANSITION|UNKNOWN_SCHEDULE_FAMILY,https://web.ksei.co.id/Announcement/Files/182650_ksei_16892_jku_0725_202507031822.pdf,78cc09b19f75bc6d4b6b21caeb529be390484236c614196233d942c42f8db54b
KSEI-16896/JKU/0725,Jadwal Pembelian Kembali atas Saham PT ADIRA DINAMIKA MULTI FINANCE TBK (ADMF),2025-07-03,https://web.ksei.co.id/Announcement/Files/182651_ksei_16896_jku_0725_202507031823.pdf,masr,UNRESOLVED,KSEI-16896/JKU/0725,ADMF,UNKNOWN,,2025-09-26,,,NO_EXPLICIT_REGULAR_MARKET_TRANSITION|UNKNOWN_SCHEDULE_FAMILY,https://web.ksei.co.id/Announcement/Files/182651_ksei_16896_jku_0725_202507031823.pdf,0bc815b45880e1660b0d5ff812fa2ca92d72ae7da22755e429583998d0890a9c
KSEI-17201/JKU/0725,Perubahan Sebagian Informasi Pembelian Kembali atas S aham PT ADIRA DINAMIKA MULTI FINANCE TBK (ADMF),2025-07-07,https://web.ksei.co.id/Announcement/Files/182723_ksei_17201_jku_0725_202507071820.pdf,masr,UNRESOLVED,KSEI-17201/JKU/0725,ADMF,UNKNOWN,,,,,NO_EXPLICIT_REGULAR_MARKET_TRANSITION|UNKNOWN_SCHEDULE_FAMILY,https://web.ksei.co.id/Announcement/Files/182723_ksei_17201_jku_0725_202507071820.pdf,79e9cdf81b47ba2701bc5c32784810cdcf8fb86a8aca3f0c4d78e75ebe700038
KSEI-17202/JKU/0725,Perubahan Sebagian Informasi Pembelian Kembali atas S aham PT MANDALA MULTIFINANCE TBK (MFIN),2025-07-07,https://web.ksei.co.id/Announcement/Files/182724_ksei_17202_jku_0725_202507071821.pdf,masr,UNRESOLVED,KSEI-17202/JKU/0725,MFIN,UNKNOWN,,,,,NO_EXPLICIT_REGULAR_MARKET_TRANSITION|UNKNOWN_SCHEDULE_FAMILY,https://web.ksei.co.id/Announcement/Files/182724_ksei_17202_jku_0725_202507071821.pdf,506119a62e4bfa9cf012cf0371fef475a5ee3899821848c07cf3c4859db67f1c
KSEI-20962/JKU/0825,Jadwal Penawaran Tender Wajib atas saham PT MENN TEKNOLOGI INDONESIA Tbk (MENN),2025-08-22,https://web.ksei.co.id/Announcement/Files/184297_ksei_20962_jku_0825_202508221831.pdf,masr,UNRESOLVED,KSEI-20962/JKU/0825,MENN,UNKNOWN,,,,,NO_EXPLICIT_REGULAR_MARKET_TRANSITION|UNKNOWN_SCHEDULE_FAMILY,https://web.ksei.co.id/Announcement/Files/184297_ksei_20962_jku_0825_202508221831.pdf,1e86b70362f9f49273a67d9baf6b1f18e39201f61223dc0c23a46f4636e93b35
KSEI-21077/JKU/0825,Jadwal Penawaran Tender Sukarela atas saham PT Minna Padi Investama Sekuritas Tbk (PADI),2025-08-25,https://web.ksei.co.id/Announcement/Files/184314_ksei_21077_jku_0825_202508252044.pdf,masr,UNRESOLVED,KSEI-21077/JKU/0825,PADI,UNKNOWN,,2025-10-03,,,NO_EXPLICIT_REGULAR_MARKET_TRANSITION|UNKNOWN_SCHEDULE_FAMILY,https://web.ksei.co.id/Announcement/Files/184314_ksei_21077_jku_0825_202508252044.pdf,0bc35ae49060ef70bff1299cd104ed3a18da73b2b9621277a047f775442fcef4
KSEI-21076/JKU/0825,Jadwal Penawaran Tender Wajib atas saham PT AUSTINDO NUSANTARA JAYA TBK (ANJT),2025-08-25,https://web.ksei.co.id/Announcement/Files/184315_ksei_21076_jku_0825_202508252045.pdf,masr,UNRESOLVED,KSEI-21076/JKU/0825,ANJT,UNKNOWN,,,,,NO_EXPLICIT_REGULAR_MARKET_TRANSITION|UNKNOWN_SCHEDULE_FAMILY,https://web.ksei.co.id/Announcement/Files/184315_ksei_21076_jku_0825_202508252045.pdf,111880adade2282aaf656429cd19820805a24df1d588cb247b19352ee04d1187
KSEI-22124/JKU/0925,Konfirmasi Tanggal Pembayaran Pembelian Kembali atas S aham PT MANDALA MULTIFINANCE TBK (MFIN),2025-09-08,https://web.ksei.co.id/Announcement/Files/184846_ksei_22124_jku_0925_202509081315.pdf,masr,UNRESOLVED,KSEI-22124/JKU/0925,MFIN,UNKNOWN,,2025-09-15,,,NO_EXPLICIT_REGULAR_MARKET_TRANSITION|UNKNOWN_SCHEDULE_FAMILY,https://web.ksei.co.id/Announcement/Files/184846_ksei_22124_jku_0925_202509081315.pdf,c0b393c73a28f4ac1e3e242f2af0b3502101d9ca79cda6b7957ceba5a19cb5b8
KSEI-22159/JKU/0925,Konfirmasi Tanggal Pembayaran Pembelian Kembali atas S aham PT ADIRA DINAMIKA MULTI FINANCE TBK (ADMF),2025-09-08,https://web.ksei.co.id/Announcement/Files/184857_ksei_22159_jku_0925_202509081730.pdf,masr,UNRESOLVED,KSEI-22159/JKU/0925,ADMF,UNKNOWN,,2025-09-15,,,NO_EXPLICIT_REGULAR_MARKET_TRANSITION|UNKNOWN_SCHEDULE_FAMILY,https://web.ksei.co.id/Announcement/Files/184857_ksei_22159_jku_0925_202509081730.pdf,63b91b29d2cc8360b1de9c6d78bc44def124f23697b41406add0182032778ca1
KSEI-22615/JKU/0925,Jadwal Penawaran Tender Wajib atas saham PT AVIANA SINAR ABADI TBK (IRSX),2025-09-16,https://web.ksei.co.id/Announcement/Files/185006_ksei_22615_jku_0925_202509161530.pdf,masr,UNRESOLVED,KSEI-22615/JKU/0925,IRSX,UNKNOWN,,2025-08-12,,,NO_EXPLICIT_REGULAR_MARKET_TRANSITION|UNKNOWN_SCHEDULE_FAMILY,https://web.ksei.co.id/Announcement/Files/185006_ksei_22615_jku_0925_202509161530.pdf,df37637e0e55f835833577b466e9852d76cc517b33e134d1b19986075a7e494d
KSEI-23593/JKU/0925,Informasi Jadwal Final Penggabungan Usaha (Merger) PT ADIRA DINAMIKA MULTI FINANCE Tbk (ADMF) dan PT MANDALA MULTIFINANCE Tbk (MFIN),2025-09-26,https://web.ksei.co.id/Announcement/Files/185416_ksei_23593_jku_0925_202509262039.pdf,masr,UNRESOLVED,KSEI-23593/JKU/0925,,MERGER_OR_RESTRUCTURING,2025-09-30,2025-10-01,,,MISSING_TICKER|NO_EXPLICIT_REGULAR_MARKET_TRANSITION,https://web.ksei.co.id/Announcement/Files/185416_ksei_23593_jku_0925_202509262039.pdf,7df4549ca449ac2dcfa109c266ea8fbe059ba8e5eb92580bcebf993da4485838
KSEI-25683/JKU/1025,Jadwal Penawaran Tender Wajib atas saham PT BAHTERA BUMI RAYA TBK (PGJO),2025-10-22,https://web.ksei.co.id/Announcement/Files/186438_ksei_25683_jku_1025_202510221342.pdf,masr,UNRESOLVED,KSEI-25683/JKU/1025,PGJO,UNKNOWN,,2025-11-21,,,NO_EXPLICIT_REGULAR_MARKET_TRANSITION|UNKNOWN_SCHEDULE_FAMILY,https://web.ksei.co.id/Announcement/Files/186438_ksei_25683_jku_1025_202510221342.pdf,fd9b5e00f88f2ed6fae9334296f3efd9353eb360deddad7121b4609274378f7d
KSEI-27768/JKU/1125,Jadwal Penawaran Tender Wajib atas saham PT Bangun Karya Perkasa Jaya Tbk (KRYA),2025-11-19,https://web.ksei.co.id/Announcement/Files/187556_ksei_27768_jku_1125_202511191512.pdf,masr,UNRESOLVED,KSEI-27768/JKU/1125,KRYA,UNKNOWN,,,,,NO_EXPLICIT_REGULAR_MARKET_TRANSITION|UNKNOWN_SCHEDULE_FAMILY,https://web.ksei.co.id/Announcement/Files/187556_ksei_27768_jku_1125_202511191512.pdf,7c99d815780357c46a37f6f7cba004ea9ca5e0a85814347a456dbe26c122fff9
KSEI-28173/JKU/1125,Jadwal Penawaran Tender Wajib atas saham PT Mega Manunggal Property Tbk (MMLP),2025-11-25,https://web.ksei.co.id/Announcement/Files/187842_ksei_28173_jku_1125_202511251813.pdf,masr,UNRESOLVED,KSEI-28173/JKU/1125,MMLP,UNKNOWN,,,,,NO_EXPLICIT_REGULAR_MARKET_TRANSITION|UNKNOWN_SCHEDULE_FAMILY,https://web.ksei.co.id/Announcement/Files/187842_ksei_28173_jku_1125_202511251813.pdf,e179c9ce2804811ab52fed97ff28c05af8a5134525188c18acee465c1fe044e9
KSEI-29639/JKU/1225,Jadwal Penawaran Tender Wajib atas saham PT Sumber Mas Konstruksi Tbk (SMKM),2025-12-11,https://web.ksei.co.id/Announcement/Files/188413_ksei_29639_jku_1225_202512111443.pdf,masr,UNRESOLVED,KSEI-29639/JKU/1225,SMKM,UNKNOWN,,,,,NO_EXPLICIT_REGULAR_MARKET_TRANSITION|UNKNOWN_SCHEDULE_FAMILY,https://web.ksei.co.id/Announcement/Files/188413_ksei_29639_jku_1225_202512111443.pdf,f68195ab497ada2c5d2f50a6a83e2b1a9e26938d8de1716b2e08fded810ecbd0
KSEI-30219/JKU/1225,Jadwal Penawaran Tender Wajib atas saham PT Futura Energi Global Tbk (FUTR),2025-12-17,https://web.ksei.co.id/Announcement/Files/188689_ksei_30219_jku_1225_202512171804.pdf,masr,UNRESOLVED,KSEI-30219/JKU/1225,FUTR,UNKNOWN,,2026-01-27,,,NO_EXPLICIT_REGULAR_MARKET_TRANSITION|UNKNOWN_SCHEDULE_FAMILY,https://web.ksei.co.id/Announcement/Files/188689_ksei_30219_jku_1225_202512171804.pdf,f306c34709831434e70bb43738aecfe8abb559bd53a94d4ead6972c4973e721e
KSEI-30336/JKU/1225,Perubahan Tanggal Pembayaran Tender Wajib atas efek PT Mega Manunggal Property TBK (MMLP),2025-12-18,https://web.ksei.co.id/Announcement/Files/188700_ksei_30336_jku_1225_202512181124.pdf,masr,UNRESOLVED,KSEI-30336/JKU/1225,MMLP,UNKNOWN,,2025-11-25,,,NO_EXPLICIT_REGULAR_MARKET_TRANSITION|UNKNOWN_SCHEDULE_FAMILY,https://web.ksei.co.id/Announcement/Files/188700_ksei_30336_jku_1225_202512181124.pdf,e3373b703c159f19e1ee9d5ca49d44cc86b5ed4f1e41e5e18db0455881a6dae0
KSEI-30340/JKU/1225,"Perubahan Jadwal Kegiatan Penawaran Umum Terbata s I Dalam Rangka Penerbitan Hak Memesan Efek Terlebih Dahulu (HMETD) Atas Saham CAHAYASAKTI INVESTINDO SUKSES Tbk, PT (CSIS)",2025-12-18,https://web.ksei.co.id/Announcement/Files/188702_ksei_30340_jku_1225_202512181208.pdf,rights-distribution,UNRESOLVED,KSEI-30340/JKU/1225,CSIS,RIGHTS_HMETD,2025-12-24,2025-12-24,,,NO_EXPLICIT_REGULAR_MARKET_TRANSITION,https://web.ksei.co.id/Announcement/Files/188702_ksei_30340_jku_1225_202512181208.pdf,276f08ff8c8b7949fa1ed13a0781dcbdb79adab9fb49e16c92c96d1e69faf072
KSEI-30437/JKU/1225,Jadwal Penawaran Tender Wajib atas saham PT Techno9 Indonesia Tbk (NINE),2025-12-19,https://web.ksei.co.id/Announcement/Files/188758_ksei_30437_jku_1225_202512191530.pdf,masr,UNRESOLVED,KSEI-30437/JKU/1225,NINE,UNKNOWN,,,,,NO_EXPLICIT_REGULAR_MARKET_TRANSITION|UNKNOWN_SCHEDULE_FAMILY,https://web.ksei.co.id/Announcement/Files/188758_ksei_30437_jku_1225_202512191530.pdf,e2637d2e5090786cb22281087fdd26382b8cceb59c5c15b78e905b2a794e370f
KSEI-31139/JKU/1225,"Jadwal HMETD adalah sebagai berikut : Tanggal Cum di Pasar Tunai Tanggal Pencatatan (Recording Date) Tanggal Distribusi 6 Januari 2026 7 Januari 2026 6 Januari 2026 2 Januari 2026 5 Januari 2026 Kepada Yth. Direksi Pemegang Rekening PT Kustodian Sentral Efek Indonesia (KSEI) di tempat No. Ref. : KSEI-31139/JKU/1225 Jakarta, 29 Desember 2025 Emiten Kode dan Nama Saham Kode ISIN Saham Kode HMETD & ISIN : SINERGI INTI ANDALAN PRIMA Tbk, PT : INET - SINERGI INTI ANDALAN PRIMA Tbk : ID1000192404 : INET-R, ID3000068600",2025-12-29,https://web.ksei.co.id/Announcement/Files/189080_ksei_31139_jku_1225_202601071742.pdf,rights-distribution,UNRESOLVED,,KODE,RIGHTS_HMETD,2026-01-06,2026-01-06,,,MISSING_KSEI_REFERENCE|NO_EXPLICIT_REGULAR_MARKET_TRANSITION,https://web.ksei.co.id/Announcement/Files/189080_ksei_31139_jku_1225_202601071742.pdf,464dff8f436c2ae9c8233a13ff7c4055fb5afa8c906d27aabf53c02bc22f0d54
KSEI-31354/JKU/1225,"Perubahan Jadwal Kegiatan Penawaran Umum Terbatas I Dalam Rangka Penerbitan Hak Memesan Efek Terlebih Dahulu (HMETD) Atas Saham SINERGI INTI ANDALAN PRIMA Tbk, PT (INET)",2025-12-30,https://web.ksei.co.id/Announcement/Files/189233_ksei_31354_jku_1225_202512301528.pdf,rights-distribution,UNRESOLVED,KSEI-31354/JKU/1225,INET,RIGHTS_HMETD,2026-01-07,2026-01-07,,,NO_EXPLICIT_REGULAR_MARKET_TRANSITION,https://web.ksei.co.id/Announcement/Files/189233_ksei_31354_jku_1225_202512301528.pdf,fdb26bc1d49d02d5019bd2ad9e85fcd10e90f56cd157377aec98db0f8091f2c8
KSEI-0085/JKU/0126,Jadwal Penawaran Tender Wajib atas saham PT Multi Makmur Lemindo Tbk (PIPA),2026-01-02,https://web.ksei.co.id/Announcement/Files/189387_ksei_0085_jku_0126_202601021552.pdf,masr,UNRESOLVED,KSEI-0085/JKU/0126,PIPA,UNKNOWN,,,,,NO_EXPLICIT_REGULAR_MARKET_TRANSITION|UNKNOWN_SCHEDULE_FAMILY,https://web.ksei.co.id/Announcement/Files/189387_ksei_0085_jku_0126_202601021552.pdf,fedb2edf7980f1e3ec2792a1624a4c9fdf4607f0da63e3b108a81781b7a918e4
KSEI-1152/JKU/0126,Jadwal Penawaran Tender Wajib atas saham PT Geoprima Solusi Tbk (GPSO),2026-01-15,https://web.ksei.co.id/Announcement/Files/189765_ksei_1152_jku_0126_202601151754.pdf,masr,UNRESOLVED,KSEI-1152/JKU/0126,GPSO,UNKNOWN,,2025-10-23,,,NO_EXPLICIT_REGULAR_MARKET_TRANSITION|UNKNOWN_SCHEDULE_FAMILY,https://web.ksei.co.id/Announcement/Files/189765_ksei_1152_jku_0126_202601151754.pdf,4c9c0c3c29cff10a9688ed51aa47f3597815e1133656cc949bb15306cb4ce5f8
KSEI-1484/JKU/0126,Jadwal Penawaran Tender Wajib atas saham PT Prime Agri Resources Tbk (SGRO),2026-01-21,https://web.ksei.co.id/Announcement/Files/189905_ksei_1484_jku_0126_202601211209.pdf,masr,UNRESOLVED,KSEI-1484/JKU/0126,SGRO,UNKNOWN,,,,,NO_EXPLICIT_REGULAR_MARKET_TRANSITION|UNKNOWN_SCHEDULE_FAMILY,https://web.ksei.co.id/Announcement/Files/189905_ksei_1484_jku_0126_202601211209.pdf,f8714697fe7a8231b24d2a01f038518ab7dba55f5bb8d3adf24ec70b20c6cc20
KSEI-1844/JKU/0126,Jadwal Penawaran Tender Wajib atas saham PT Bintang Oto Global Tbk (BOGA),2026-01-27,https://web.ksei.co.id/Announcement/Files/190058_ksei_1844_jku_0126_202601271422.pdf,masr,UNRESOLVED,KSEI-1844/JKU/0126,BOGA,UNKNOWN,,,,,NO_EXPLICIT_REGULAR_MARKET_TRANSITION|UNKNOWN_SCHEDULE_FAMILY,https://web.ksei.co.id/Announcement/Files/190058_ksei_1844_jku_0126_202601271422.pdf,3553d2833c94d119e896008d58fc24d000b351e44fc4d7f0dbeb4cbf962e6ac0
KSEI-2311/JKU/0226,Jadwal Penawaran Tender Wajib atas saham PT Agung Menjangan Mas Tbk (AMMS),2026-02-03,https://web.ksei.co.id/Announcement/Files/190297_ksei_2311_jku_0226_202602031308.pdf,masr,UNRESOLVED,KSEI-2311/JKU/0226,AMMS,UNKNOWN,,,,,NO_EXPLICIT_REGULAR_MARKET_TRANSITION|UNKNOWN_SCHEDULE_FAMILY,https://web.ksei.co.id/Announcement/Files/190297_ksei_2311_jku_0226_202602031308.pdf,03fe4331bb8318d413237174ab3d687d26b78283f954fc54cb3cfdaef50b15d7
KSEI-2472/JKU/0226,Jadwal Penawaran Tender Wajib atas saham PT Hotel Fitra International Tbk (FITT),2026-02-04,https://web.ksei.co.id/Announcement/Files/190347_ksei_2472_jku_0226_202602041548.pdf,masr,UNRESOLVED,KSEI-2472/JKU/0226,FITT,UNKNOWN,,,,,NO_EXPLICIT_REGULAR_MARKET_TRANSITION|UNKNOWN_SCHEDULE_FAMILY,https://web.ksei.co.id/Announcement/Files/190347_ksei_2472_jku_0226_202602041548.pdf,e81059064293299641527638c17157d01cbe8f8cd229d4919711f1458acb8b7b
KSEI-3271/JKU/0226,Jadwal Penawaran Tender Wajib atas saham PT Surya Permata Andalan Tbk (NATO),2026-02-19,https://web.ksei.co.id/Announcement/Files/190719_ksei_3271_jku_0226_202602191458.pdf,masr,UNRESOLVED,KSEI-3271/JKU/0226,NATO,UNKNOWN,,,,,NO_EXPLICIT_REGULAR_MARKET_TRANSITION|UNKNOWN_SCHEDULE_FAMILY,https://web.ksei.co.id/Announcement/Files/190719_ksei_3271_jku_0226_202602191458.pdf,87345a17c28578b6fee596475792596ac789f90a722102a74723d81b081a3601
KSEI-3380/JKU/0226,Revisi Tanggal Pembayaran Penawaran Tender Wajib atas saham PT Surya Permata Andalan Tbk (NATO),2026-02-19,https://web.ksei.co.id/Announcement/Files/190737_ksei_3380_jku_0226_202602191929.pdf,masr,UNRESOLVED,KSEI-3380/JKU/0226,NATO,UNKNOWN,,2026-02-19,,,NO_EXPLICIT_REGULAR_MARKET_TRANSITION|UNKNOWN_SCHEDULE_FAMILY,https://web.ksei.co.id/Announcement/Files/190737_ksei_3380_jku_0226_202602191929.pdf,34575614b1add7a425cb91f6b8501b934ebc6f37e27ea827cdc167af052164fd
KSEI-3271/JKU/0326,Jadwal Penawaran Tender Wajib atas saham PT Leyand International Tbk (LAPD),2026-03-02,https://web.ksei.co.id/Announcement/Files/191082_ksei_3271_jku_0326_202603020942.pdf,masr,UNRESOLVED,KSEI-3271/JKU/0326,LAPD,UNKNOWN,,,,,NO_EXPLICIT_REGULAR_MARKET_TRANSITION|UNKNOWN_SCHEDULE_FAMILY,https://web.ksei.co.id/Announcement/Files/191082_ksei_3271_jku_0326_202603020942.pdf,43e94e697ed3ab9ea52f4a0699bf123b8c7c52d812dabec4701d6cf151f84883
KSEI-4273/JKU/0326,Perubahan Tanggal Pembayaran Tender Wajib atas efek PT Apollo Global Interactive Tbk (BOGA),2026-03-03,https://web.ksei.co.id/Announcement/Files/191257_ksei_4273_jku_0326_202603032012.pdf,masr,UNRESOLVED,KSEI-4273/JKU/0326,BOGA,UNKNOWN,,2026-01-27,,,NO_EXPLICIT_REGULAR_MARKET_TRANSITION|UNKNOWN_SCHEDULE_FAMILY,https://web.ksei.co.id/Announcement/Files/191257_ksei_4273_jku_0326_202603032012.pdf,a8b159024638e123cb6b783ab498c5fa2fad76b87b3dfe0cc586c3f7c8447d3c
KSEI-4407/JKU/0326,Jadwal Penawaran Tender Wajib atas saham PT Asri Karya Lestari Tbk (ASLI),2026-03-04,https://web.ksei.co.id/Announcement/Files/191295_ksei_4407_jku_0326_202603041812.pdf,masr,UNRESOLVED,KSEI-4407/JKU/0326,ASLI,UNKNOWN,,2026-04-15,,,NO_EXPLICIT_REGULAR_MARKET_TRANSITION|UNKNOWN_SCHEDULE_FAMILY,https://web.ksei.co.id/Announcement/Files/191295_ksei_4407_jku_0326_202603041812.pdf,d817439f116b75e6169643278e891a4a69b29addff9cb10dfca27c68a1236e6e
KSEI-5127/JKU/0326,Jadwal Penawaran Tender Wajib atas saham PT Agro Yasa Lestari Tbk (AYLS),2026-03-12,https://web.ksei.co.id/Announcement/Files/191620_ksei_5127_jku_0326_202603121807.pdf,masr,UNRESOLVED,KSEI-5127/JKU/0326,AYLS,UNKNOWN,,,,,NO_EXPLICIT_REGULAR_MARKET_TRANSITION|UNKNOWN_SCHEDULE_FAMILY,https://web.ksei.co.id/Announcement/Files/191620_ksei_5127_jku_0326_202603121807.pdf,94ddc23f4b95050194e7e2c79bbd4737ea0872723e65c0d96d5b7b7b237d1f04
KSEI-6229/JKU/0326,Jadwal Penawaran Tender Wajib atas saham PT Harta Djaya Karya Tbk (MEJA),2026-03-27,https://web.ksei.co.id/Announcement/Files/192032_ksei_6229_jku_0326_202603271801.pdf,masr,UNRESOLVED,KSEI-6229/JKU/0326,MEJA,UNKNOWN,,,,,NO_EXPLICIT_REGULAR_MARKET_TRANSITION|UNKNOWN_SCHEDULE_FAMILY,https://web.ksei.co.id/Announcement/Files/192032_ksei_6229_jku_0326_202603271801.pdf,ff4201f45918cd77832fcde143d8013998ad2469ebb28d497dac1fb0e1377c8f
KSEI-6378/JKU/0326,Jadwal Pembelian Kembali Saham PT Mora Telematika Indonesia Tbk ( MORA) Milik Pemegang Saham Perseroan yang Tidak Menyetujui Rencana Penggabungan,2026-03-30,https://web.ksei.co.id/Announcement/Files/192091_ksei_6378_jku_0326_202603301647.pdf,masr,UNRESOLVED,KSEI-6378/JKU/0326,,MERGER_OR_RESTRUCTURING,,2026-04-17,,,MISSING_TICKER|NO_EXPLICIT_REGULAR_MARKET_TRANSITION,https://web.ksei.co.id/Announcement/Files/192091_ksei_6378_jku_0326_202603301647.pdf,5208c96b9c569dca1090f4df1e1c1e89ec5eba0a00797f26f91efa04b76ecb8d
KSEI-7765/JKU/0426,Jadwal Penawaran Tender Wajib atas saham PT Panca Anugrah Wisesa Tbk (MGLV),2026-04-13,https://web.ksei.co.id/Announcement/Files/192724_ksei_7765_jku_0426_202604132103.pdf,masr,UNRESOLVED,KSEI-7765/JKU/0426,MGLV,UNKNOWN,,2026-04-14,,,NO_EXPLICIT_REGULAR_MARKET_TRANSITION|UNKNOWN_SCHEDULE_FAMILY,https://web.ksei.co.id/Announcement/Files/192724_ksei_7765_jku_0426_202604132103.pdf,88ad4c3a5eae33099e5d395c087c1dff15271c95da7b5dc346fb8dd075c0e349
KSEI-8141/JKU/0426,Informasi Tambahan terkait Penetapan Harga dan Pajak atas Dividen Saham PT Nusantara Sejahtera Raya Tbk (CNMA),2026-04-16,https://web.ksei.co.id/Announcement/Files/192885_ksei_8141_jku_0426_202604161825.pdf,mix-dividend,UNRESOLVED,KSEI-8141/JKU/0426,CNMA,STOCK_DIVIDEND,,,,,NO_EXPLICIT_REGULAR_MARKET_TRANSITION,https://web.ksei.co.id/Announcement/Files/192885_ksei_8141_jku_0426_202604161825.pdf,782a1cb7c34500eb5e48dcf5c77742fdbc74a00eeec48b2628c6cca9afc78d15
KSEI-8562/JKU/0426,Jadwal Penawaran Tender Sukarela atas saham PT. MNC ENERGY INVESTMENTS TBK (IATA),2026-04-21,https://web.ksei.co.id/Announcement/Files/193118_ksei_8562_jku_0426_202604211757.pdf,masr,UNRESOLVED,KSEI-8562/JKU/0426,IATA,UNKNOWN,,,,,NO_EXPLICIT_REGULAR_MARKET_TRANSITION|UNKNOWN_SCHEDULE_FAMILY,https://web.ksei.co.id/Announcement/Files/193118_ksei_8562_jku_0426_202604211757.pdf,518a39fd381c6514422acefb7b4b49ce83bdba3803ffa33716ab751c125be636
KSEI-8789/JKU/0426,Informasi Tambahan atas Penawaran Tender Offer PT. MNC ENERGY INVESTMENTS TBK (IATA),2026-04-23,https://web.ksei.co.id/Announcement/Files/193250_ksei_8789_jku_0426_202604231558.pdf,masr,UNRESOLVED,KSEI-8789/JKU/0426,IATA,UNKNOWN,,,,,NO_EXPLICIT_REGULAR_MARKET_TRANSITION|UNKNOWN_SCHEDULE_FAMILY,https://web.ksei.co.id/Announcement/Files/193250_ksei_8789_jku_0426_202604231558.pdf,02ae44af1077ffe72bf01071689879ffebf45dd1bbdb1a619c4996f04729e74f
KSEI-10461/JKU/0526,"Bahwa Emiten diatas bermaksud untuk melakukan Pemecahan Nilai Nominal Saham (Stock Split) dengan ketentuan sebagai berikut : Adapun jadwal Pelaksanaan Pemecahan Saham (Stock Split) adalah sebagai berikut : Akhir perdagangan saham dengan Nilai Nominal Lama (Nominal Rp 25 ,- per saham) di Pasar Reguler dan Pasar Negosiasi Mulai perdagangan saham dengan Nilai Nominal Baru (Nominal Rp 12,5 per saham) di Pasar Reguler dan Pasar Negosiasi Tanggal terakhir penyelesaian transaksi saham dengan Nilai Nominal Lama Rp 25 ,- Tanggal Pencatatan (Recording Date) Tanggal distribusi saham dengan Nilai Nominal Baru Rp Awal perdagangan saham di Pasar Tunai dengan Nilai Nominal Baru Rp per saham. Tanggal dimulainya penyelesaian transaksi saham dengan Nilai Nominal Baru Rp per saham. Petunjuk penggunaan fasilitas Corporate Action melalui C-BEST dapat dilihat pada home page KSEI http://www.ksei.co.id (menu download",2026-05-11,https://web.ksei.co.id/Announcement/Files/193975_ksei_10461_jku_0526_202605111733.pdf,masr,UNRESOLVED,KSEI-10461/JKU/0526,KODE,STOCK_SPLIT,,,,,NO_EXPLICIT_REGULAR_MARKET_TRANSITION,https://web.ksei.co.id/Announcement/Files/193975_ksei_10461_jku_0526_202605111733.pdf,0ce4387eb987edf80a6a463aa631ae038a05f5760261430cac0a19057b0ed5fe
KSEI-10703/JKU/0526,Jadwal Pelaksanaan Pemecahan (Stock Split) WARAN SERI I ITSEC ASIA Tbk dan Perubahan Harga Pelaksanaan WARAN SERI I ITSEC ASIA Tbk (CYBR-W),2026-05-12,https://web.ksei.co.id/Announcement/Files/194067_ksei_10703_jku_0526_202605122007.pdf,masr,UNRESOLVED,KSEI-10703/JKU/0526,,STOCK_SPLIT,2026-05-18,,,,MISSING_TICKER|NO_EXPLICIT_REGULAR_MARKET_TRANSITION,https://web.ksei.co.id/Announcement/Files/194067_ksei_10703_jku_0526_202605122007.pdf,4ec2acb57b538b38059b9b128ae8442c62a379b209d63fa0a49096ae1006523d
KSEI-12034/JKU/0526,Jadwal Pelaksanaan Pembagian Dividen Tunai dan Dividen Saham atas saham PT WINTERMAR OFFSHORE MARINE Tbk (WINS),2026-05-25,https://web.ksei.co.id/Announcement/Files/194594_ksei_12034_jku_0526_202605251700.pdf,mix-dividend,PARSED_EXACT_TRANSITION,KSEI-12034/JKU/0526,WINS,MIXED_DIVIDEND,2026-05-29,2026-06-18,2026-05-26,REGULAR_MARKET_EX_DATE,,https://web.ksei.co.id/Announcement/Files/194594_ksei_12034_jku_0526_202605251700.pdf,f9d091302291a213096ff6531d43010944148b34399754de66b1ac4191f96f3d
KSEI-15293/JKU/0626,Jadwal Penawaran Tender Wajib atas saham PT Personel Alih Daya Tbk (PADA),2026-06-17,https://web.ksei.co.id/Announcement/Files/195898_ksei_15293_jku_0626_202606171756.pdf,masr,UNRESOLVED,KSEI-15293/JKU/0626,PADA,UNKNOWN,,2026-02-04,,,NO_EXPLICIT_REGULAR_MARKET_TRANSITION|UNKNOWN_SCHEDULE_FAMILY,https://web.ksei.co.id/Announcement/Files/195898_ksei_15293_jku_0626_202606171756.pdf,0247f1e1ee31146ae402b7dbba6a1b83d8d7bc1195da62df04f65121c17d1d67
KSEI-16408/JKU/0626,Jadwal Penawaran Tender Sukarela atas saham PT Indointernet Tbk (EDGE),2026-06-25,https://web.ksei.co.id/Announcement/Files/196495_ksei_16408_jku_0626_202606251704.pdf,masr,UNRESOLVED,KSEI-16408/JKU/0626,EDGE,UNKNOWN,,2026-08-05,,,NO_EXPLICIT_REGULAR_MARKET_TRANSITION|UNKNOWN_SCHEDULE_FAMILY,https://web.ksei.co.id/Announcement/Files/196495_ksei_16408_jku_0626_202606251704.pdf,3c5ef2cc173252a40b93e8f2a5ccbc025773dbd9fac3d19de7630eed96c43c5c
KSEI-17262/JKU/0726,Jadwal Pembelian Kembali Saham PT DAYAMITRA TELEKOMUNIKASI Tbk (MTEL) Milik Pemegang Saham Perseroan yang Tidak Menyetujui Rencana Penggabungan,2026-07-02,https://web.ksei.co.id/Announcement/Files/196864_ksei_17262_jku_0726_202607021711.pdf,masr,UNRESOLVED,KSEI-17262/JKU/0726,MTEL,MERGER_OR_RESTRUCTURING,,,,,NO_EXPLICIT_REGULAR_MARKET_TRANSITION,https://web.ksei.co.id/Announcement/Files/196864_ksei_17262_jku_0726_202607021711.pdf,bc5f0aa12b9aff58f489302c8a5ef5923143899b6e5f1a1fbaffda1c36186700
KSEI-18067/JKU/0726,Jadwal Penawaran Tender Sukarela atas saham PT Ketrosden Triasmitra Tbk (KETR),2026-07-09,https://web.ksei.co.id/Announcement/Files/197030_ksei_18067_jku_0726_202607091715.pdf,masr,UNRESOLVED,KSEI-18067/JKU/0726,KETR,UNKNOWN,,,,,NO_EXPLICIT_REGULAR_MARKET_TRANSITION|UNKNOWN_SCHEDULE_FAMILY,https://web.ksei.co.id/Announcement/Files/197030_ksei_18067_jku_0726_202607091715.pdf,bf2964ca8d2d7c83c3300371e4309864c61df7dfffad5f26deabae457d69901e
KSEI-19305/JKU/0726,Perpanjangan Periode Penawaran Tender Sukarela Periode Kedua atas saham PT Indointernet Tbk (EDGE),2026-07-22,https://web.ksei.co.id/Announcement/Files/197538_ksei_19305_jku_0726_202607221747.pdf,masr,UNRESOLVED,KSEI-19305/JKU/0726,EDGE,UNKNOWN,,2026-09-04,,,NO_EXPLICIT_REGULAR_MARKET_TRANSITION|UNKNOWN_SCHEDULE_FAMILY,https://web.ksei.co.id/Announcement/Files/197538_ksei_19305_jku_0726_202607221747.pdf,8783860b8fbef818a019cff3f43b4b53f42f2edd62b421c1b4f3d2818defa61b
KSEI-20516/JKU/0826,Perpanjangan Periode Penawaran Tender Sukarela Periode Kedua atas saham PT Ketrosden Triasmitra Tbk (KETR),2026-08-06,https://web.ksei.co.id/Announcement/Files/198044_ksei_20516_jku_0826_202608061827.pdf,masr,UNRESOLVED,KSEI-20516/JKU/0826,KETR,UNKNOWN,,2026-09-02,,,NO_EXPLICIT_REGULAR_MARKET_TRANSITION|UNKNOWN_SCHEDULE_FAMILY,https://web.ksei.co.id/Announcement/Files/198044_ksei_20516_jku_0826_202608061827.pdf,e09bd0aa26a0e7e66b7353ed27aabcc9b9bd86390a395e49af06101ce20e11f7
KSEI-8543/JKU/0426,"Jadwal HMETD adalah sebagai berikut : Tanggal Cum di Pasar Tunai Tanggal Pencatatan (Recording Date) Tanggal Distribusi 28 April 2026 29 April 2026 28 April 2026 24 April 2026 27 April 2026 Kepada Yth. Direksi Pemegang Rekening PT Kustodian Sentral Efek Indonesia (KSEI) di tempat No : KSEI-8543/JKU/0426 Jakarta, 21 April 2026 Emiten Kode dan Nama Saham Kode ISIN Saham Kode HMETD & ISIN : MULTITREND INDO Tbk, PT : BABY - MULTITREND INDO Tbk : ID1000197809 : BABY-R, ID3000068808",2026-04-21,https://web.ksei.co.id/Announcement/Files/BABY_RIGHT_20260428_ID.pdf,rights-distribution,UNRESOLVED,KSEI-8543/JKU/0426,KODE,RIGHTS_HMETD,2026-04-28,2026-04-28,,,NO_EXPLICIT_REGULAR_MARKET_TRANSITION,https://web.ksei.co.id/Announcement/Files/BABY_RIGHT_20260428_ID.pdf,6d54c5c678c27e327e2732b178fda426bf5053781331c7c40acb052ff219a896
KSEI-25975/JKU/1025,"Jadwal HMETD adalah sebagai berikut : Tanggal Cum di Pasar Tunai Tanggal Pencatatan (Recording Date) Tanggal Distribusi 5 November 2025 6 November 2025 5 November 2025 3 November 2025 4 November 2025 Kepada Yth. Direksi Pemegang Rekening PT Kustodian Sentral Efek Indonesia (KSEI) di tempat No : KSEI-25975/JKU/1025 Jakarta, 28 Oktober 2025 Emiten Kode dan Nama Saham Kode ISIN Saham Kode HMETD & ISIN : BUKIT ULUWATU VILLA Tbk, PT : BUVA - BUKIT ULUWATU VILLA Tbk : ID1000116007 : BUVA-R, ID3000068105",2025-10-28,https://web.ksei.co.id/Announcement/Files/BUVA_RIGHT_20251105_ID.pdf,rights-distribution,UNRESOLVED,KSEI-25975/JKU/1025,KODE,RIGHTS_HMETD,2025-11-05,2025-11-05,,,NO_EXPLICIT_REGULAR_MARKET_TRANSITION,https://web.ksei.co.id/Announcement/Files/BUVA_RIGHT_20251105_ID.pdf,062336a705faf936a35c1ac45d96785f387547d7993ce178d1bb825ef44a61f4
KSEI-24163/JKU/1025,"Jadwal HMETD adalah sebagai berikut : Tanggal Cum di Pasar Tunai Tanggal Pencatatan (Recording Date) Tanggal Distribusi 10 Oktober 2025 13 Oktober 2025 10 Oktober 2025 8 Oktober 2025 9 Oktober 2025 Kepada Yth. Direksi Pemegang Rekening PT Kustodian Sentral Efek Indonesia (KSEI) di tempat No : KSEI-24163/JKU/1025 Jakarta, 2 Oktober 2025 Emiten Kode dan Nama Saham Kode ISIN Saham Kode HMETD & ISIN : WAHANA INTERFOOD NUSANTARA Tbk, PT : COCO - WAHANA INTERFOOD NUSANTARA Tbk : ID1000148208 : COCO-R, ID3000068006",2025-10-02,https://web.ksei.co.id/Announcement/Files/COCO_RIGHT_20251010_ID.pdf,rights-distribution,UNRESOLVED,KSEI-24163/JKU/1025,KODE,RIGHTS_HMETD,2025-10-10,2025-10-10,,,NO_EXPLICIT_REGULAR_MARKET_TRANSITION,https://web.ksei.co.id/Announcement/Files/COCO_RIGHT_20251010_ID.pdf,bc80f75b6e498f1ab97db558f53583af7f8e411c1609bcf3f5fdef3c1028b8cb
KSEI-30120/JKU/1225,"Jadwal HMETD adalah sebagai berikut : Tanggal Cum di Pasar Tunai Tanggal Pencatatan (Recording Date) Tanggal Distribusi 23 Desember 2025 24 Desember 2025 23 Desember 2025 19 Desember 2025 22 Desember 2025 Kepada Yth. Direksi Pemegang Rekening PT Kustodian Sentral Efek Indonesia (KSEI) di tempat No. Ref. : KSEI-30120/JKU/1225 Jakarta, 16 Desember 2025 Emiten Kode dan Nama Saham Kode ISIN Saham Kode HMETD & ISIN : CAHAYASAKTI INVESTINDO SUKSES Tbk, PT : CSIS - CAHAYASAKTI INVESTINDO SUKSES Tbk : ID1000138704 : CSIS-R, ID3000068501",2025-12-16,https://web.ksei.co.id/Announcement/Files/CSIS_RIGHT_20251223_ID.pdf,rights-distribution,UNRESOLVED,,KODE,RIGHTS_HMETD,2025-12-23,2025-12-23,,,MISSING_KSEI_REFERENCE|NO_EXPLICIT_REGULAR_MARKET_TRANSITION,https://web.ksei.co.id/Announcement/Files/CSIS_RIGHT_20251223_ID.pdf,8512d0c9f66f1855f1de9974e81b7e8cf88c57f6618cf39188741d19612b46bd
KSEI-17408/JKU/0725,"Bahwa Emiten diatas bermaksud untuk melakukan Pemecahan Nilai Nominal Saham (Stock Split) dengan ketentuan sebagai berikut : Adapun jadwal Pelaksanaan Pemecahan Saham (Stock Split) adalah sebagai berikut : Akhir perdagangan saham dengan Nilai Nominal Lama (Nominal Rp 200,- per saham) di Pasar Reguler dan Pasar Negosiasi Mulai perdagangan saham dengan Nilai Nominal Baru (Nominal Rp 20,- per saham) di Pasar Reguler dan Pasar Negosiasi Tanggal terakhir penyelesaian transaksi saham dengan Nilai Nominal Lama Rp 200,- Tanggal Pencatatan (Recording Date) Tanggal distribusi saham dengan Nilai Nominal Baru Rp 20,- Awal perdagangan saham di Pasar Tunai dengan Nilai Nominal Baru Rp 20,- per saham. Tanggal dimulainya penyelesaian transaksi saham dengan Nilai Nominal Baru Rp 20,- per saham. Petunjuk penggunaan fasilitas Corporate Action melalui C-BEST dapat dilihat pada home page KSEI http://www.ksei.co.id (menu download file) 17 Juli 2025 16 Juli 2025 14 Juli 2025 15 Juli 2025 Rasio Pemecahan Nilai Nominal Saham (Stock Split) dengan Nilai Nominal Lama Rp200,- persaham menjadi Nominal baru Rp20,- per saham. Rasio pemecahan unit saham 1:10 Tembusan Yth: 1. Direksi PT Bursa Efek Indonesia. 2. Direksi PT Kliring Penjaminan Efek Indonesia. 3. Direksi PETRINDO JAYA KREASI Tbk, PT 4. Direksi DATINDO ENTRYCOM, PT Kepada Yth. Direksi Pemegang Rekening PT Kustodian Sentral Efek Indonesia (KSEI) di tempat No : KSEI-17408/JKU/0725 Jakarta, 9 Juli 2025 Emiten Kode dan Nama Saham Kode ISIN : PETRINDO JAYA KREASI Tbk, PT : CUAN - PETRINDO JAYA KREASI Tbk : ID1000187206",2025-07-09,https://web.ksei.co.id/Announcement/Files/CUAN_MCONV_20250716_ID.pdf,masr,UNRESOLVED,KSEI-17408/JKU/0725,KODE,STOCK_SPLIT,,,,,NO_EXPLICIT_REGULAR_MARKET_TRANSITION,https://web.ksei.co.id/Announcement/Files/CUAN_MCONV_20250716_ID.pdf,3c28105d133e39d8b5950cbc0e8a4d9b56e6c850655498a615f8da114dded379
KSEI-17101/JKU/0724,"Bahwa Emiten diatas bermaksud untuk melakukan Pemecahan Nilai Nominal Saham (Stock Split) dengan ketentuan sebagai berikut : Adapun jadwal Pelaksanaan Pemecahan Saham (Stock Split) adalah sebagai berikut : Akhir perdagangan saham dengan Nilai Nominal Lama (Nominal Rp 250,- per saham) di Pasar Reguler dan Pasar Negosiasi Mulai perdagangan saham dengan Nilai Nominal Baru (Nominal Rp 25,- per saham) di Pasar Reguler dan Pasar Negosiasi Tanggal terakhir penyelesaian transaksi saham dengan Nilai Nominal Lama Rp 250,- Tanggal Pencatatan (Recording Date) Tanggal distribusi saham dengan Nilai Nominal Baru Rp 25,- Awal perdagangan saham di Pasar Tunai dengan Nilai Nominal Baru Rp 25,- per saham. Tanggal dimulainya penyelesaian transaksi saham dengan Nilai Nominal Baru Rp 25,- per saham. Petunjuk penggunaan fasilitas Corporate Action melalui C-BEST dapat dilihat pada home page KSEI http://www.ksei.co.id (menu download file) 22 Juli 2024 19 Juli 2024 17 Juli 2024 18 Juli 2024 Rasio Pemecahan Nilai Nominal Saham (Stock Split) dengan Nilai Nominal Lama Rp 250,- persaham menjadi Nominal baru Rp25,- per saham. Rasio pemecahan unit saham 1:10 Tembusan Yth: 1. Direksi PT Bursa Efek Indonesia. 2. Direksi PT Kliring Penjaminan Efek Indonesia. 3. Direksi PT DIAN SWASTATIKA SENTOSA Tbk. 4. Direksi SINARTAMA GUNITA, PT Kepada Yth. Direksi Pemegang Rekening PT Kustodian Sentral Efek Indonesia (KSEI) di tempat No : KSEI-17101/JKU/0724 Jakarta, 11 Juli 2024 Emiten Kode dan Nama Saham Kode ISIN : PT DIAN SWASTATIKA SENTOSA Tbk. : DSSA - DIAN SWASTATIKA SENTOSA Tbk : ID1000113400",2024-07-11,https://web.ksei.co.id/Announcement/Files/DSSA_MCONV_20240719_ID.pdf,masr,UNRESOLVED,KSEI-17101/JKU/0724,KODE,STOCK_SPLIT,,,,,NO_EXPLICIT_REGULAR_MARKET_TRANSITION,https://web.ksei.co.id/Announcement/Files/DSSA_MCONV_20240719_ID.pdf,002c41c2875b2cf48067f85bfe1f44064c0c7d41cdbc2172f4ade672ae7c6c97
KSEI-6967/JKU/0426,"Bahwa Emiten diatas bermaksud untuk melakukan Pemecahan Nilai Nominal Saham (Stock Split) dengan ketentuan sebagai berikut : Adapun jadwal Pelaksanaan Pemecahan Saham (Stock Split) adalah sebagai berikut : Akhir perdagangan saham dengan Nilai Nominal Lama (Nominal Rp 25,- per saham) di Pasar Reguler dan Pasar Negosiasi Mulai perdagangan saham dengan Nilai Nominal Baru (Nominal Rp 1,- per saham) di Pasar Reguler dan Pasar Negosiasi Tanggal terakhir penyelesaian transaksi saham dengan Nilai Nominal Lama Rp 25,- Tanggal Pencatatan (Recording Date) Tanggal distribusi saham dengan Nilai Nominal Baru Rp 1,- Awal perdagangan saham di Pasar Tunai dengan Nilai Nominal Baru Rp 1,- per saham. Tanggal dimulainya penyelesaian transaksi saham dengan Nilai Nominal Baru Rp 1,- per saham. Petunjuk penggunaan fasilitas Corporate Action melalui C-BEST dapat dilihat pada home page KSEI http://www.ksei.co.id (menu download file) 13 April 2026 10 April 2026 8 April 2026 9 April 2026 Rasio Pemecahan Nilai Nominal Saham (Stock Split) dengan Nilai Nominal Lama Rp25,- persaham menjadi Nominal baru Rp1,- per saham. Rasio pemecahan unit saham 1:25 Tembusan Yth: 1. Direksi PT Bursa Efek Indonesia. 2. Direksi PT Kliring Penjaminan Efek Indonesia. 3. Direksi PT DIAN SWASTATIKA SENTOSA Tbk. 4. Direksi SINARTAMA GUNITA, PT Kepada Yth. Direksi Pemegang Rekening PT Kustodian Sentral Efek Indonesia (KSEI) di tempat No : KSEI-6967/JKU/0426 Jakarta, 2 April 2026 Emiten Kode dan Nama Saham Kode ISIN : PT DIAN SWASTATIKA SENTOSA Tbk. : DSSA - DIAN SWASTATIKA SENTOSA Tbk : ID1000113400",2026-04-02,https://web.ksei.co.id/Announcement/Files/DSSA_MCONV_20260410_ID.pdf,masr,UNRESOLVED,KSEI-6967/JKU/0426,KODE,STOCK_SPLIT,,,,,NO_EXPLICIT_REGULAR_MARKET_TRANSITION,https://web.ksei.co.id/Announcement/Files/DSSA_MCONV_20260410_ID.pdf,6823ff997a74fd026b44a7da2ad6d24d04daf36b8f366dadee0a7f2b6cc0d4d7
KSEI-23549/JKU/1123,"Bahwa Emiten diatas bermaksud untuk melakukan Pemecahan Nilai Nominal Saham (Stock Split) dengan ketentuan sebagai berikut : Adapun jadwal Pelaksanaan Pemecahan Saham (Stock Split) adalah sebagai berikut : Akhir perdagangan saham dengan Nilai Nominal Lama (Nominal Rp 50,- per saham) di Pasar Reguler dan Pasar Negosiasi Mulai perdagangan saham dengan Nilai Nominal Baru (Nominal Rp 10,- per saham) di Pasar Reguler dan Pasar Negosiasi Tanggal terakhir penyelesaian transaksi saham dengan Nilai Nominal Lama Rp 50,- Tanggal Pencatatan (Recording Date) Tanggal distribusi saham dengan Nilai Nominal Baru Rp 10,- Awal perdagangan saham di Pasar Tunai dengan Nilai Nominal Baru Rp 10,- per saham. Tanggal dimulainya penyelesaian transaksi saham dengan Nilai Nominal Baru Rp 10,- per saham. Petunjuk penggunaan fasilitas Corporate Action melalui C-BEST dapat dilihat pada home page KSEI http://www.ksei.co.id (menu download file) 17 November 2023 16 November 2023 14 November 2023 15 November 2023 Rasio Pemecahan Nilai Nominal Saham (Stock Split) dengan Nilai Nominal Lama Rp50,- persaham menjadi Nominal baru Rp10,- per saham. Rasio pemecahan unit saham 1:5 Tembusan Yth: 1. Direksi PT Bursa Efek Indonesia. 2. Direksi PT Kliring Penjaminan Efek Indonesia. 3. Direksi INDOINTERNET Tbk, PT 4. Direksi ADIMITRA JASA KORPORA, PT Kepada Yth. Direksi Pemegang Rekening PT Kustodian Sentral Efek Indonesia (KSEI) di tempat No : KSEI-23549/JKU/1123 Jakarta, 10 November 2023 Emiten Kode dan Nama Saham Kode ISIN : INDOINTERNET Tbk, PT : EDGE - INDOINTERNET Tbk : ID1000159403",2023-11-10,https://web.ksei.co.id/Announcement/Files/EDGE_MCONV_20231116_ID.pdf,masr,UNRESOLVED,KSEI-23549/JKU/1123,KODE,STOCK_SPLIT,,,,,NO_EXPLICIT_REGULAR_MARKET_TRANSITION,https://web.ksei.co.id/Announcement/Files/EDGE_MCONV_20231116_ID.pdf,d346729a43e7c301ddcda431e55251ebaa888a8643b55c30e25f375e0cf7b3e7
KSEI-30122/JKU/1225,"Jadwal HMETD adalah sebagai berikut : Tanggal Cum di Pasar Tunai Tanggal Pencatatan (Recording Date) Tanggal Distribusi 23 Desember 2025 24 Desember 2025 23 Desember 2025 19 Desember 2025 22 Desember 2025 Kepada Yth. Direksi Pemegang Rekening PT Kustodian Sentral Efek Indonesia (KSEI) di tempat No : KSEI-30122/JKU/1225 Jakarta, 16 Desember 2025 Emiten Kode dan Nama Saham Kode ISIN Saham Kode HMETD & ISIN : GARUDA MAINTENANCE FACILITY AERO ASIA Tbk, PT : GMFI - GARUDA MAINTENANCE FACILITY AERO ASIA Tbk : ID1000140601 : GMFI-R, ID3000068402",2025-12-16,https://web.ksei.co.id/Announcement/Files/GMFI_RIGHT_20251223_ID.pdf,rights-distribution,UNRESOLVED,KSEI-30122/JKU/1225,KODE,RIGHTS_HMETD,2025-12-23,2025-12-23,,,NO_EXPLICIT_REGULAR_MARKET_TRANSITION,https://web.ksei.co.id/Announcement/Files/GMFI_RIGHT_20251223_ID.pdf,5102179867d88237470a85be2cf1f4f755dfd0693d3c345650401a884b71409b
KSEI-5081/JKU/0325,"Bahwa Emiten diatas bermaksud untuk melakukan Pemecahan Nilai Nominal Saham (Stock Split) dengan ketentuan sebagai berikut : Adapun jadwal Pelaksanaan Pemecahan Saham (Stock Split) adalah sebagai berikut : Akhir perdagangan saham dengan Nilai Nominal Lama (Nominal Rp 100,- per saham) di Pasar Reguler dan Pasar Negosiasi Mulai perdagangan saham dengan Nilai Nominal Baru (Nominal Rp 20,- per saham) di Pasar Reguler dan Pasar Negosiasi Tanggal terakhir penyelesaian transaksi saham dengan Nilai Nominal Lama Rp 100,- Tanggal Pencatatan (Recording Date) Tanggal distribusi saham dengan Nilai Nominal Baru Rp 20,- Awal perdagangan saham di Pasar Tunai dengan Nilai Nominal Baru Rp 20,- per saham. Tanggal dimulainya penyelesaian transaksi saham dengan Nilai Nominal Baru Rp 20,- per saham. Petunjuk penggunaan fasilitas Corporate Action melalui C-BEST dapat dilihat pada home page KSEI http://www.ksei.co.id (menu download file) 18 Maret 2025 17 Maret 2025 13 Maret 2025 14 Maret 2025 Rasio Pemecahan Nilai Nominal Saham (Stock Split) dengan Nilai Nominal Lama Rp 100,- persaham menjadi Nominal baru Rp20,- per saham. Rasio pemecahan unit saham 1:5 Tembusan Yth: 1. Direksi PT Bursa Efek Indonesia. 2. Direksi PT Kliring Penjaminan Efek Indonesia. 3. Direksi HILLCON Tbk, PT 4. Direksi BIMA REGISTRA, PT Kepada Yth. Direksi Pemegang Rekening PT Kustodian Sentral Efek Indonesia (KSEI) di tempat No : KSEI-5081/JKU/0325 Jakarta, 10 Maret 2025 Emiten Kode dan Nama Saham Kode ISIN : HILLCON Tbk, PT : HILL - HILLCON Tbk : ID1000186901",2025-03-10,https://web.ksei.co.id/Announcement/Files/HILL_MCONV_20250317_ID.pdf,masr,UNRESOLVED,KSEI-5081/JKU/0325,KODE,STOCK_SPLIT,,,,,NO_EXPLICIT_REGULAR_MARKET_TRANSITION,https://web.ksei.co.id/Announcement/Files/HILL_MCONV_20250317_ID.pdf,2155476dcb2d6d20f78b063fdc721f0ad59bfa5240a9f3a5b18c8be725a9ae21
KSEI-29031/JKU/1225,"Jadwal HMETD adalah sebagai berikut : Tanggal Cum di Pasar Tunai Tanggal Pencatatan (Recording Date) Tanggal Distribusi 10 Desember 2025 11 Desember 2025 10 Desember 2025 8 Desember 2025 9 Desember 2025 Kepada Yth. Direksi Pemegang Rekening PT Kustodian Sentral Efek Indonesia (KSEI) di tempat No : KSEI-29031/JKU/1225 Jakarta, 3 Desember 2025 Emiten Kode dan Nama Saham Kode ISIN Saham Kode HMETD & ISIN : INDOMOBIL MULTI JASA Tbk, PT : IMJS - INDOMOBIL MULTI JASA Tbk : ID1000129901 : IMJS-R, ID3000068303",2025-12-03,https://web.ksei.co.id/Announcement/Files/IMJS_RIGHT_20251210_ID.pdf,rights-distribution,UNRESOLVED,KSEI-29031/JKU/1225,KODE,RIGHTS_HMETD,2025-12-10,2025-12-10,,,NO_EXPLICIT_REGULAR_MARKET_TRANSITION,https://web.ksei.co.id/Announcement/Files/IMJS_RIGHT_20251210_ID.pdf,c254d24e430410f96c5f85d23a3ba8196f1db41cc755a1dea67ed1d598e6ad83
KSEI-18691/JKU/0726,"Bahwa Emiten diatas bermaksud untuk melakukan Pemecahan Nilai Nominal Saham (Stock Split) dengan ketentuan sebagai berikut : Adapun jadwal Pelaksanaan Pemecahan Saham (Stock Split) adalah sebagai berikut : Akhir perdagangan saham dengan Nilai Nominal Lama (Nominal Rp 100,- per saham) di Pasar Reguler dan Pasar Negosiasi Mulai perdagangan saham dengan Nilai Nominal Baru (Nominal Rp 4,- per saham) di Pasar Reguler dan Pasar Negosiasi Tanggal terakhir penyelesaian transaksi saham dengan Nilai Nominal Lama Rp 100,- Tanggal Pencatatan (Recording Date) Tanggal distribusi saham dengan Nilai Nominal Baru Rp 4,- Awal perdagangan saham di Pasar Tunai dengan Nilai Nominal Baru Rp 4,- per saham. Tanggal dimulainya penyelesaian transaksi saham dengan Nilai Nominal Baru Rp 4,- per saham. Petunjuk penggunaan fasilitas Corporate Action melalui C-BEST dapat dilihat pada home page KSEI http://www.ksei.co.id (menu download file) 23 Juli 2026 22 Juli 2026 20 Juli 2026 21 Juli 2026 Rasio Pemecahan Nilai Nominal Saham (Stock Split) dengan Nilai Nominal Lama Rp 100,- persaham menjadi Nominal baru Rp4,- per saham. Rasio pemecahan unit saham 1:25 Tembusan Yth: 1. Direksi PT Bursa Efek Indonesia. 2. Direksi PT Kliring Penjaminan Efek Indonesia. 3. Direksi PT. MULTIPOLAR TECHNOLOGY Tbk 4. Direksi SHARESTAR INDONESIA, PT Kepada Yth. Direksi Pemegang Rekening PT Kustodian Sentral Efek Indonesia (KSEI) di tempat No : KSEI-18691/JKU/0726 Jakarta, 15 Juli 2026 Emiten Kode dan Nama Saham Kode ISIN : PT. MULTIPOLAR TECHNOLOGY Tbk : MLPT - MULTIPOLAR TECHNOLOGY Tbk : ID1000128408",2026-07-15,https://web.ksei.co.id/Announcement/Files/MLPT_MCONV_20260722_ID.pdf,masr,UNRESOLVED,KSEI-18691/JKU/0726,KODE,STOCK_SPLIT,,,,,NO_EXPLICIT_REGULAR_MARKET_TRANSITION,https://web.ksei.co.id/Announcement/Files/MLPT_MCONV_20260722_ID.pdf,3d98ae958b06fa191ed21e5e2bc89ad4695631aaaad345e2c814d60252c25b11
KSEI-23410/JKU/1024,"Bahwa Emiten diatas bermaksud untuk melakukan Pemecahan Nilai Nominal Saham (Stock Split) dengan ketentuan sebagai berikut : Adapun jadwal Pelaksanaan Pemecahan Saham (Stock Split) adalah sebagai berikut : Akhir perdagangan saham dengan Nilai Nominal Lama (Nominal Rp 50,- per saham) di Pasar Reguler dan Pasar Negosiasi Mulai perdagangan saham dengan Nilai Nominal Baru (Nominal Rp 10,- per saham) di Pasar Reguler dan Pasar Negosiasi Tanggal terakhir penyelesaian transaksi saham dengan Nilai Nominal Lama Rp 50,- Tanggal Pencatatan (Recording Date) Tanggal distribusi saham dengan Nilai Nominal Baru Rp 10,- Awal perdagangan saham di Pasar Tunai dengan Nilai Nominal Baru Rp 10,- per saham. Tanggal dimulainya penyelesaian transaksi saham dengan Nilai Nominal Baru Rp 10,- per saham. Petunjuk penggunaan fasilitas Corporate Action melalui C-BEST dapat dilihat pada home page KSEI http://www.ksei.co.id (menu download file) 9 Oktober 2024 8 Oktober 2024 4 Oktober 2024 7 Oktober 2024 Rasio Pemecahan Nilai Nominal Saham (Stock Split) dengan Nilai Nominal Lama Rp 50,- persaham menjadi Nominal baru Rp10,- per saham. Rasio pemecahan unit saham 1:5 Tembusan Yth: 1. Direksi PT Bursa Efek Indonesia. 2. Direksi PT Kliring Penjaminan Efek Indonesia. 3. Direksi PT. MNC DIGITAL ENTERTAINMENT Tbk 4. Direksi BSR INDONESIA PT. Kepada Yth. Direksi Pemegang Rekening PT Kustodian Sentral Efek Indonesia (KSEI) di tempat No : KSEI-23410/JKU/1024 Jakarta, 1 Oktober 2024 Emiten Kode dan Nama Saham Kode ISIN : PT. MNC DIGITAL ENTERTAINMENT Tbk : MSIN - MNC DIGITAL ENTERTAINMENT Tbk : ID1000143605",2024-10-01,https://web.ksei.co.id/Announcement/Files/MSIN_MCONV_20241008_ID.pdf,masr,UNRESOLVED,KSEI-23410/JKU/1024,KODE,STOCK_SPLIT,,,,,NO_EXPLICIT_REGULAR_MARKET_TRANSITION,https://web.ksei.co.id/Announcement/Files/MSIN_MCONV_20241008_ID.pdf,04f3084dff361bb1482dcccc7d659c32352b84bc70ac68ff83206d9406a1dbab
KSEI-28766/JKU/1225,"Jadwal HMETD adalah sebagai berikut : Tanggal Cum di Pasar Tunai Tanggal Pencatatan (Recording Date) Tanggal Distribusi 10 Desember 2025 11 Desember 2025 10 Desember 2025 8 Desember 2025 9 Desember 2025 Kepada Yth. Direksi Pemegang Rekening PT Kustodian Sentral Efek Indonesia (KSEI) di tempat No : KSEI-28766/JKU/1225 Jakarta, 1 Desember 2025 Emiten Kode dan Nama Saham Kode ISIN Saham Kode HMETD & ISIN : PANTAI INDAH KAPUK DUA Tbk, PT : PANI - PANTAI INDAH KAPUK DUA Tbk : ID1000145303 : PANI-R, ID3000068204",2025-12-01,https://web.ksei.co.id/Announcement/Files/PANI_RIGHT_20251210_ID.pdf,rights-distribution,UNRESOLVED,KSEI-28766/JKU/1225,KODE,RIGHTS_HMETD,2025-12-10,2025-12-10,,,NO_EXPLICIT_REGULAR_MARKET_TRANSITION,https://web.ksei.co.id/Announcement/Files/PANI_RIGHT_20251210_ID.pdf,29b655aa1895245a5cd551d2b836ffcbdfdb9817c6a8b9c35a574c850e3ac1f9
KSEI-30082/JKU/1224,"Bahwa Emiten diatas bermaksud untuk melakukan Pemecahan Nilai Nominal Saham (Stock Split) dengan ketentuan sebagai berikut : Adapun jadwal Pelaksanaan Pemecahan Saham (Stock Split) adalah sebagai berikut : Akhir perdagangan saham dengan Nilai Nominal Lama (Nominal Rp 50,- per saham) di Pasar Reguler dan Pasar Negosiasi Mulai perdagangan saham dengan Nilai Nominal Baru (Nominal Rp 5,- per saham) di Pasar Reguler dan Pasar Negosiasi Tanggal terakhir penyelesaian transaksi saham dengan Nilai Nominal Lama Rp 50,- Tanggal Pencatatan (Recording Date) Tanggal distribusi saham dengan Nilai Nominal Baru Rp 5,- Awal perdagangan saham di Pasar Tunai dengan Nilai Nominal Baru Rp 5,- per saham. Tanggal dimulainya penyelesaian transaksi saham dengan Nilai Nominal Baru Rp 5,- per saham. Petunjuk penggunaan fasilitas Corporate Action melalui C-BEST dapat dilihat pada home page KSEI http://www.ksei.co.id (menu download file) 7 Januari 2025 6 Januari 2025 2 Januari 2025 3 Januari 2025 Rasio Pemecahan Nilai Nominal Saham (Stock Split) dengan Nilai Nominal Lama Rp 50,- persaham menjadi Nominal baru Rp5,- per saham. Rasio pemecahan unit saham 1:10 Tembusan Yth: 1. Direksi PT Bursa Efek Indonesia. 2. Direksi PT Kliring Penjaminan Efek Indonesia. 3. Direksi PETROSEA Tbk, PT 4. Direksi DATINDO ENTRYCOM, PT Kepada Yth. Direksi Pemegang Rekening PT Kustodian Sentral Efek Indonesia (KSEI) di tempat No : KSEI-30082/JKU/1224 Jakarta, 24 Desember 2024 Emiten Kode dan Nama Saham Kode ISIN : PETROSEA Tbk, PT : PTRO - PETROSEA Tbk : ID1000122401",2024-12-24,https://web.ksei.co.id/Announcement/Files/PTRO_MCONV_20250106_ID.pdf,masr,UNRESOLVED,KSEI-30082/JKU/1224,KODE,STOCK_SPLIT,,,,,NO_EXPLICIT_REGULAR_MARKET_TRANSITION,https://web.ksei.co.id/Announcement/Files/PTRO_MCONV_20250106_ID.pdf,2fdc785ee73029bf243f35b7db3ef589a9e46949c94c0886ad8f2b1d5b881dfa
KSEI-18423/JKU/0726,"Bahwa Emiten diatas bermaksud untuk melakukan Pemecahan Nilai Nominal Saham (Stock Split) dengan ketentuan sebagai berikut : Adapun jadwal Pelaksanaan Pemecahan Saham (Stock Split) adalah sebagai berikut : Akhir perdagangan saham dengan Nilai Nominal Lama (Nominal Rp 25,- per saham) di Pasar Reguler dan Pasar Negosiasi Mulai perdagangan saham dengan Nilai Nominal Baru (Nominal Rp 5,- per saham) di Pasar Reguler dan Pasar Negosiasi Tanggal terakhir penyelesaian transaksi saham dengan Nilai Nominal Lama Rp 25,- Tanggal Pencatatan (Recording Date) Tanggal distribusi saham dengan Nilai Nominal Baru Rp 5,- Awal perdagangan saham di Pasar Tunai dengan Nilai Nominal Baru Rp 5,- per saham. Tanggal dimulainya penyelesaian transaksi saham dengan Nilai Nominal Baru Rp 5,- per saham. Petunjuk penggunaan fasilitas Corporate Action melalui C-BEST dapat dilihat pada home page KSEI http://www.ksei.co.id (menu download file) 20 Juli 2026 17 Juli 2026 15 Juli 2026 16 Juli 2026 Rasio Pemecahan Nilai Nominal Saham (Stock Split) dengan Nilai Nominal Lama Rp 25,- persaham menjadi Nominal baru Rp5,- per saham. Rasio pemecahan unit saham 1:5 Tembusan Yth: 1. Direksi PT Bursa Efek Indonesia. 2. Direksi PT Kliring Penjaminan Efek Indonesia. 3. Direksi RUKUN RAHARJA Tbk, PT 4. Direksi FICOMINDO BUANA REGISTRAR, PT Kepada Yth. Direksi Pemegang Rekening PT Kustodian Sentral Efek Indonesia (KSEI) di tempat No : KSEI-18423/JKU/0726 Jakarta, 13 Juli 2026 Emiten Kode dan Nama Saham Kode ISIN : RUKUN RAHARJA Tbk, PT : RAJA - RUKUN RAHARJA Tbk : ID1000094105",2026-07-13,https://web.ksei.co.id/Announcement/Files/RAJA_MCONV_20260717_ID.pdf,masr,UNRESOLVED,KSEI-18423/JKU/0726,KODE,STOCK_SPLIT,,,,,NO_EXPLICIT_REGULAR_MARKET_TRANSITION,https://web.ksei.co.id/Announcement/Files/RAJA_MCONV_20260717_ID.pdf,0d2766536492aa68bb530f79e07013c800da4763cdcd8985c74f2e5c311078eb
KSEI-18420/JKU/0726,"Bahwa Emiten diatas bermaksud untuk melakukan Pemecahan Nilai Nominal Saham (Stock Split) dengan ketentuan sebagai berikut : Adapun jadwal Pelaksanaan Pemecahan Saham (Stock Split) adalah sebagai berikut : Akhir perdagangan saham dengan Nilai Nominal Lama (Nominal Rp 100,- per saham) di Pasar Reguler dan Pasar Negosiasi Mulai perdagangan saham dengan Nilai Nominal Baru (Nominal Rp 20,- per saham) di Pasar Reguler dan Pasar Negosiasi Tanggal terakhir penyelesaian transaksi saham dengan Nilai Nominal Lama Rp 100,- Tanggal Pencatatan (Recording Date) Tanggal distribusi saham dengan Nilai Nominal Baru Rp 20,- Awal perdagangan saham di Pasar Tunai dengan Nilai Nominal Baru Rp 20,- per saham. Tanggal dimulainya penyelesaian transaksi saham dengan Nilai Nominal Baru Rp 20,- per saham. Petunjuk penggunaan fasilitas Corporate Action melalui C-BEST dapat dilihat pada home page KSEI http://www.ksei.co.id (menu download file) 21 Juli 2026 20 Juli 2026 16 Juli 2026 17 Juli 2026 Rasio Pemecahan Nilai Nominal Saham (Stock Split) dengan Nilai Nominal Lama Rp 100,- persaham menjadi Nominal baru Rp20,- per saham. Rasio pemecahan unit saham 1:5 Tembusan Yth: 1. Direksi PT Bursa Efek Indonesia. 2. Direksi PT Kliring Penjaminan Efek Indonesia. 3. Direksi RMK ENERGY Tbk, PT 4. Direksi ADIMITRA JASA KORPORA, PT Kepada Yth. Direksi Pemegang Rekening PT Kustodian Sentral Efek Indonesia (KSEI) di tempat No : KSEI-18420/JKU/0726 Jakarta, 13 Juli 2026 Emiten Kode dan Nama Saham Kode ISIN : RMK ENERGY Tbk, PT : RMKE - RMK ENERGY Tbk : ID1000164908",2026-07-13,https://web.ksei.co.id/Announcement/Files/RMKE_MCONV_20260720_ID.pdf,masr,UNRESOLVED,KSEI-18420/JKU/0726,KODE,STOCK_SPLIT,,,,,NO_EXPLICIT_REGULAR_MARKET_TRANSITION,https://web.ksei.co.id/Announcement/Files/RMKE_MCONV_20260720_ID.pdf,15dc12b800ea8957de87d4ba72239296255d76b2635389586b38c3cc54705a1e
