session_index,date
135,2021-11-17
138,2021-11-22
141,2021-11-25
142,2021-11-26
143,2021-11-29
144,2021-11-30
145,2021-12-01
147,2021-12-03
149,2021-12-07
153,2021-12-13
155,2021-12-15
157,2021-12-17
159,2021-12-21
160,2021-12-22
161,2021-12-23
162,2021-12-24
163,2021-12-27
164,2021-12-28
165,2021-12-29
166,2021-12-30
167,2022-01-03
168,2022-01-04
169,2022-01-05
170,2022-01-06
171,2022-01-07
172,2022-01-10
173,2022-01-11
174,2022-01-12
175,2022-01-13
176,2022-01-14
177,2022-01-17
178,2022-01-18
179,2022-01-19
180,2022-01-20
181,2022-01-21
182,2022-01-24
183,2022-01-25
184,2022-01-26
185,2022-01-27
186,2022-01-28
187,2022-01-31
188,2022-02-02
189,2022-02-03
190,2022-02-04
191,2022-02-07
192,2022-02-08
193,2022-02-09
194,2022-02-10
195,2022-02-11
196,2022-02-14
197,2022-02-15
198,2022-02-16
199,2022-02-17
200,2022-02-18
201,2022-02-21
202,2022-02-22
203,2022-02-23
204,2022-02-24
205,2022-02-25
206,2022-03-01
207,2022-03-02
208,2022-03-04
209,2022-03-07
210,2022-03-08
211,2022-03-09
212,2022-03-10
213,2022-03-11
214,2022-03-14
215,2022-03-15
216,2022-03-16
217,2022-03-17
218,2022-03-18
219,2022-03-21
220,2022-03-22
221,2022-03-23
222,2022-03-24
223,2022-03-25
224,2022-03-28
225,2022-03-29
226,2022-03-30
227,2022-03-31
228,2022-04-01
229,2022-04-04
230,2022-04-05
231,2022-04-06
232,2022-04-07
233,2022-04-08
234,2022-04-11
235,2022-04-12
236,2022-04-13
237,2022-04-14
238,2022-04-18
239,2022-04-19
240,2022-04-20
241,2022-04-21
242,2022-04-22
243,2022-04-25
244,2022-04-26
245,2022-04-27
246,2022-04-28
247,2022-05-09
248,2022-05-10
249,2022-05-11
250,2022-05-12
251,2022-05-13
252,2022-05-17
253,2022-05-18
254,2022-05-19
255,2022-05-20
256,2022-05-23
257,2022-05-24
258,2022-05-25
259,2022-05-27
260,2022-05-30
261,2022-05-31
262,2022-06-02
263,2022-06-03
264,2022-06-06
265,2022-06-07
266,2022-06-08
267,2022-06-09
268,2022-06-10
269,2022-06-13
270,2022-06-14
271,2022-06-15
272,2022-06-16
273,2022-06-17
274,2022-06-20
275,2022-06-21
276,2022-06-22
277,2022-06-23
278,2022-06-24
279,2022-06-27
280,2022-06-28
281,2022-06-29
282,2022-06-30
283,2022-07-01
284,2022-07-04
285,2022-07-05
286,2022-07-06
287,2022-07-07
288,2022-07-08
289,2022-07-11
290,2022-07-12
291,2022-07-13
292,2022-07-14
293,2022-07-15
294,2022-07-18
295,2022-07-19
296,2022-07-20
297,2022-07-21
298,2022-07-22
299,2022-07-25
300,2022-07-26
301,2022-07-27
302,2022-07-28
303,2022-07-29
304,2022-08-01
305,2022-08-02
306,2022-08-03
307,2022-08-04
308,2022-08-05
309,2022-08-08
310,2022-08-09
311,2022-08-10
312,2022-08-11
313,2022-08-12
314,2022-08-15
315,2022-08-16
316,2022-08-18
317,2022-08-19
318,2022-08-22
319,2022-08-23
320,2022-08-24
321,2022-08-25
322,2022-08-26
323,2022-08-29
324,2022-08-30
325,2022-08-31
326,2022-09-01
327,2022-09-02
328,2022-09-05
329,2022-09-06
330,2022-09-07
331,2022-09-08
332,2022-09-09
333,2022-09-12
334,2022-09-13
335,2022-09-14
336,2022-09-15
337,2022-09-16
338,2022-09-19
339,2022-09-20
340,2022-09-21
341,2022-09-22
342,2022-09-23
343,2022-09-26
344,2022-09-27
345,2022-09-28
346,2022-09-29
347,2022-09-30
348,2022-10-03
349,2022-10-04
350,2022-10-05
351,2022-10-06
352,2022-10-07
353,2022-10-10
354,2022-10-11
355,2022-10-12
356,2022-10-13
357,2022-10-14
358,2022-10-17
359,2022-10-18
360,2022-10-19
361,2022-10-20
362,2022-10-21
363,2022-10-24
364,2022-10-25
365,2022-10-26
366,2022-10-27
367,2022-10-28
368,2022-10-31
369,2022-11-01
370,2022-11-02
371,2022-11-03
372,2022-11-04
373,2022-11-07
374,2022-11-08
375,2022-11-09
376,2022-11-10
377,2022-11-11
378,2022-11-14
379,2022-11-15
380,2022-11-16
381,2022-11-17
382,2022-11-18
383,2022-11-21
384,2022-11-22
385,2022-11-23
386,2022-11-24
387,2022-11-25
388,2022-11-28
389,2022-11-29
390,2022-11-30
391,2022-12-01
392,2022-12-02
393,2022-12-05
394,2022-12-06
395,2022-12-07
396,2022-12-08
397,2022-12-09
398,2022-12-12
399,2022-12-13
400,2022-12-14
401,2022-12-15
402,2022-12-16
403,2022-12-19
404,2022-12-20
405,2022-12-21
406,2022-12-22
407,2022-12-23
408,2022-12-26
409,2022-12-27
410,2022-12-28
411,2022-12-29
412,2022-12-30
413,2023-01-02
414,2023-01-03
415,2023-01-04
416,2023-01-05
417,2023-01-06
418,2023-01-09
419,2023-01-10
420,2023-01-11
421,2023-01-12
422,2023-01-13
423,2023-01-16
424,2023-01-17
425,2023-01-18
426,2023-01-19
427,2023-01-20
428,2023-01-24
429,2023-01-25
430,2023-01-26
431,2023-01-27
432,2023-01-30
433,2023-01-31
434,2023-02-01
435,2023-02-02
436,2023-02-03
437,2023-02-06
438,2023-02-07
439,2023-02-08
440,2023-02-09
441,2023-02-10
442,2023-02-13
443,2023-02-14
444,2023-02-15
445,2023-02-16
446,2023-02-17
447,2023-02-20
448,2023-02-21
449,2023-02-22
450,2023-02-23
451,2023-02-24
452,2023-02-27
453,2023-02-28
454,2023-03-01
455,2023-03-02
456,2023-03-03
457,2023-03-06
458,2023-03-07
459,2023-03-08
460,2023-03-09
461,2023-03-10
462,2023-03-13
463,2023-03-14
464,2023-03-15
465,2023-03-16
466,2023-03-17
467,2023-03-20
468,2023-03-21
469,2023-03-24
470,2023-03-27
471,2023-03-28
472,2023-03-29
473,2023-03-30
474,2023-03-31
475,2023-04-03
476,2023-04-04
477,2023-04-05
478,2023-04-06
479,2023-04-10
480,2023-04-11
481,2023-04-12
482,2023-04-13
483,2023-04-14
484,2023-04-17
485,2023-04-18
486,2023-04-26
487,2023-04-27
488,2023-04-28
489,2023-05-02
490,2023-05-03
491,2023-05-04
492,2023-05-05
493,2023-05-08
494,2023-05-09
495,2023-05-10
496,2023-05-11
497,2023-05-12
498,2023-05-15
499,2023-05-16
500,2023-05-17
501,2023-05-19
502,2023-05-22
503,2023-05-23
504,2023-05-24
505,2023-05-25
506,2023-05-26
507,2023-05-29
508,2023-05-30
509,2023-05-31
510,2023-06-05
511,2023-06-06
512,2023-06-07
513,2023-06-08
514,2023-06-09
515,2023-06-12
516,2023-06-13
517,2023-06-14
518,2023-06-15
519,2023-06-16
520,2023-06-19
521,2023-06-20
522,2023-06-21
523,2023-06-22
524,2023-06-23
525,2023-06-26
526,2023-06-27
527,2023-07-03
528,2023-07-04
529,2023-07-05
530,2023-07-06
531,2023-07-07
532,2023-07-10
533,2023-07-11
534,2023-07-12
535,2023-07-13
536,2023-07-14
537,2023-07-17
538,2023-07-18
539,2023-07-20
540,2023-07-21
541,2023-07-24
542,2023-07-25
543,2023-07-26
544,2023-07-27
545,2023-07-28
546,2023-07-31
547,2023-08-01
548,2023-08-02
549,2023-08-03
550,2023-08-04
551,2023-08-07
552,2023-08-08
553,2023-08-09
554,2023-08-10
555,2023-08-11
556,2023-08-14
557,2023-08-15
558,2023-08-16
559,2023-08-18
560,2023-08-21
561,2023-08-22
562,2023-08-23
563,2023-08-24
564,2023-08-25
565,2023-08-28
566,2023-08-29
567,2023-08-30
568,2023-08-31
569,2023-09-01
570,2023-09-04
571,2023-09-05
572,2023-09-06
573,2023-09-07
574,2023-09-08
575,2023-09-11
576,2023-09-12
577,2023-09-13
578,2023-09-14
579,2023-09-15
580,2023-09-18
581,2023-09-19
582,2023-09-20
583,2023-09-21
584,2023-09-22
585,2023-09-25
586,2023-09-26
587,2023-09-27
588,2023-09-29
589,2023-10-02
590,2023-10-03
591,2023-10-04
592,2023-10-05
593,2023-10-06
594,2023-10-09
595,2023-10-10
596,2023-10-11
597,2023-10-12
598,2023-10-13
599,2023-10-16
600,2023-10-17
601,2023-10-18
602,2023-10-19
603,2023-10-20
604,2023-10-23
605,2023-10-24
606,2023-10-25
607,2023-10-26
608,2023-10-27
609,2023-10-30
610,2023-10-31
611,2023-11-01
612,2023-11-02
613,2023-11-03
614,2023-11-06
615,2023-11-07
616,2023-11-08
617,2023-11-09
618,2023-11-10
619,2023-11-13
620,2023-11-14
621,2023-11-15
622,2023-11-16
623,2023-11-17
624,2023-11-20
625,2023-11-21
626,2023-11-22
627,2023-11-23
628,2023-11-24
629,2023-11-27
630,2023-11-28
631,2023-11-29
632,2023-11-30
633,2023-12-01
634,2023-12-04
635,2023-12-05
636,2023-12-06
637,2023-12-07
638,2023-12-08
639,2023-12-11
640,2023-12-12
641,2023-12-13
642,2023-12-14
643,2023-12-15
644,2023-12-18
645,2023-12-19
646,2023-12-20
647,2023-12-21
648,2023-12-22
649,2023-12-27
650,2023-12-28
651,2023-12-29
652,2024-01-02
653,2024-01-03
654,2024-01-04
655,2024-01-05
656,2024-01-08
657,2024-01-09
658,2024-01-10
659,2024-01-11
660,2024-01-12
661,2024-01-15
662,2024-01-16
663,2024-01-17
664,2024-01-18
665,2024-01-19
666,2024-01-22
667,2024-01-23
668,2024-01-24
669,2024-01-25
670,2024-01-26
671,2024-01-29
672,2024-01-30
673,2024-01-31
674,2024-02-01
675,2024-02-02
676,2024-02-05
677,2024-02-06
678,2024-02-07
679,2024-02-12
680,2024-02-13
681,2024-02-15
682,2024-02-16
683,2024-02-19
684,2024-02-20
685,2024-02-21
686,2024-02-22
687,2024-02-23
688,2024-02-26
689,2024-02-27
690,2024-02-28
691,2024-02-29
692,2024-03-01
693,2024-03-04
694,2024-03-05
695,2024-03-06
696,2024-03-07
697,2024-03-08
698,2024-03-13
699,2024-03-14
700,2024-03-15
701,2024-03-18
702,2024-03-19
703,2024-03-20
704,2024-03-21
705,2024-03-22
706,2024-03-25
707,2024-03-26
708,2024-03-27
709,2024-03-28
710,2024-04-01
711,2024-04-02
712,2024-04-03
713,2024-04-04
714,2024-04-05
715,2024-04-16
716,2024-04-17
717,2024-04-18
718,2024-04-19
719,2024-04-22
720,2024-04-23
721,2024-04-24
722,2024-04-25
723,2024-04-26
724,2024-04-29
725,2024-04-30
726,2024-05-02
727,2024-05-03
728,2024-05-06
729,2024-05-07
730,2024-05-08
731,2024-05-13
732,2024-05-14
733,2024-05-15
734,2024-05-16
735,2024-05-17
736,2024-05-20
737,2024-05-21
738,2024-05-22
739,2024-05-27
740,2024-05-28
741,2024-05-29
742,2024-05-30
743,2024-05-31
744,2024-06-03
745,2024-06-04
746,2024-06-05
747,2024-06-06
748,2024-06-07
749,2024-06-10
750,2024-06-11
751,2024-06-12
752,2024-06-13
753,2024-06-14
754,2024-06-19
755,2024-06-20
756,2024-06-21
757,2024-06-24
758,2024-06-25
759,2024-06-26
760,2024-06-27
761,2024-06-28
762,2024-07-01
763,2024-07-02
764,2024-07-03
765,2024-07-04
766,2024-07-05
767,2024-07-08
768,2024-07-09
769,2024-07-10
770,2024-07-11
771,2024-07-12
772,2024-07-15
773,2024-07-16
774,2024-07-17
775,2024-07-18
776,2024-07-19
777,2024-07-22
778,2024-07-23
779,2024-07-24
780,2024-07-25
781,2024-07-26
782,2024-07-29
783,2024-07-30
784,2024-07-31
785,2024-08-01
786,2024-08-02
787,2024-08-05
788,2024-08-06
789,2024-08-07
790,2024-08-08
791,2024-08-09
792,2024-08-12
793,2024-08-13
794,2024-08-14
795,2024-08-15
796,2024-08-16
797,2024-08-19
798,2024-08-20
799,2024-08-21
800,2024-08-22
801,2024-08-23
802,2024-08-26
803,2024-08-27
804,2024-08-28
805,2024-08-29
806,2024-08-30
807,2024-09-02
808,2024-09-03
809,2024-09-04
810,2024-09-05
811,2024-09-06
812,2024-09-09
813,2024-09-10
814,2024-09-11
815,2024-09-12
816,2024-09-13
817,2024-09-17
818,2024-09-18
819,2024-09-19
820,2024-09-20
821,2024-09-23
822,2024-09-24
823,2024-09-25
824,2024-09-26
825,2024-09-27
826,2024-09-30
827,2024-10-01
828,2024-10-02
829,2024-10-03
830,2024-10-04
831,2024-10-07
832,2024-10-08
833,2024-10-09
834,2024-10-10
835,2024-10-11
836,2024-10-14
837,2024-10-15
838,2024-10-16
839,2024-10-17
840,2024-10-18
841,2024-10-21
842,2024-10-22
843,2024-10-23
844,2024-10-24
845,2024-10-25
846,2024-10-28
847,2024-10-29
848,2024-10-30
849,2024-10-31
850,2024-11-01
851,2024-11-04
852,2024-11-05
853,2024-11-06
854,2024-11-07
855,2024-11-08
856,2024-11-11
857,2024-11-12
858,2024-11-13
859,2024-11-14
860,2024-11-15
861,2024-11-18
862,2024-11-19
863,2024-11-20
864,2024-11-21
865,2024-11-22
866,2024-11-25
867,2024-11-26
868,2024-11-28
869,2024-11-29
870,2024-12-02
871,2024-12-03
872,2024-12-04
873,2024-12-05
874,2024-12-06
875,2024-12-09
876,2024-12-10
877,2024-12-11
878,2024-12-12
879,2024-12-13
880,2024-12-16
881,2024-12-17
882,2024-12-18
883,2024-12-19
884,2024-12-20
885,2024-12-23
886,2024-12-24
887,2024-12-27
888,2024-12-30
889,2025-01-02
890,2025-01-03
891,2025-01-06
892,2025-01-07
893,2025-01-08
894,2025-01-09
895,2025-01-10
896,2025-01-13
897,2025-01-14
898,2025-01-15
899,2025-01-16
900,2025-01-17
901,2025-01-20
902,2025-01-21
903,2025-01-22
904,2025-01-23
905,2025-01-24
906,2025-01-30
907,2025-01-31
908,2025-02-03
909,2025-02-04
910,2025-02-05
911,2025-02-06
912,2025-02-07
913,2025-02-10
914,2025-02-11
915,2025-02-12
916,2025-02-13
917,2025-02-14
918,2025-02-17
919,2025-02-18
920,2025-02-19
921,2025-02-20
922,2025-02-21
923,2025-02-24
924,2025-02-25
925,2025-02-26
926,2025-02-27
927,2025-02-28
928,2025-03-03
929,2025-03-04
930,2025-03-05
931,2025-03-06
932,2025-03-07
933,2025-03-10
934,2025-03-11
935,2025-03-12
936,2025-03-13
937,2025-03-14
938,2025-03-17
939,2025-03-18
940,2025-03-19
941,2025-03-20
942,2025-03-21
943,2025-03-24
944,2025-03-25
945,2025-03-26
946,2025-03-27
947,2025-04-08
948,2025-04-09
949,2025-04-10
950,2025-04-11
951,2025-04-14
952,2025-04-15
953,2025-04-16
954,2025-04-17
955,2025-04-21
956,2025-04-22
957,2025-04-23
958,2025-04-24
959,2025-04-25
960,2025-04-28
961,2025-04-29
962,2025-04-30
963,2025-05-02
964,2025-05-05
965,2025-05-06
966,2025-05-07
967,2025-05-08
968,2025-05-09
969,2025-05-14
970,2025-05-15
971,2025-05-16
972,2025-05-19
973,2025-05-20
974,2025-05-21
975,2025-05-22
976,2025-05-23
977,2025-05-26
978,2025-05-27
979,2025-05-28
980,2025-06-02
981,2025-06-03
982,2025-06-04
983,2025-06-05
984,2025-06-10
985,2025-06-11
986,2025-06-12
987,2025-06-13
988,2025-06-16
989,2025-06-17
990,2025-06-18
991,2025-06-19
992,2025-06-20
993,2025-06-23
994,2025-06-24
995,2025-06-25
996,2025-06-26
997,2025-06-30
998,2025-07-01
999,2025-07-02
1000,2025-07-03
1001,2025-07-04
1002,2025-07-07
1003,2025-07-08
1004,2025-07-09
1005,2025-07-10
1006,2025-07-11
1007,2025-07-14
1008,2025-07-15
1009,2025-07-16
1010,2025-07-17
1011,2025-07-18
1012,2025-07-21
1013,2025-07-22
1014,2025-07-23
1015,2025-07-24
1016,2025-07-25
1017,2025-07-28
1018,2025-07-29
1019,2025-07-30
1020,2025-07-31
1021,2025-08-01
1022,2025-08-04
1023,2025-08-05
1024,2025-08-06
1025,2025-08-07
1026,2025-08-08
1027,2025-08-11
1028,2025-08-12
1029,2025-08-13
1030,2025-08-14
1031,2025-08-15
1032,2025-08-19
1033,2025-08-20
1034,2025-08-21
1035,2025-08-22
1036,2025-08-25
1037,2025-08-26
1038,2025-08-27
1039,2025-08-28
1040,2025-08-29
1041,2025-09-01
1042,2025-09-02
1043,2025-09-03
1044,2025-09-04
1045,2025-09-08
1046,2025-09-09
1047,2025-09-10
1048,2025-09-11
1049,2025-09-12
1050,2025-09-15
1051,2025-09-16
1052,2025-09-17
1053,2025-09-18
1054,2025-09-19
1055,2025-09-22
1056,2025-09-23
1057,2025-09-24
1058,2025-09-25
1059,2025-09-26
1060,2025-09-29
1061,2025-09-30
1062,2025-10-01
1063,2025-10-02
1064,2025-10-03
1065,2025-10-06
1066,2025-10-07
1067,2025-10-08
1068,2025-10-09
1069,2025-10-10
1070,2025-10-13
1071,2025-10-14
1072,2025-10-15
1073,2025-10-16
1074,2025-10-17
1075,2025-10-20
1076,2025-10-21
1077,2025-10-22
1078,2025-10-23
1079,2025-10-24
1080,2025-10-27
1081,2025-10-28
1082,2025-10-29
1083,2025-10-30
1084,2025-10-31
1085,2025-11-03
1086,2025-11-04
1087,2025-11-05
1088,2025-11-06
1089,2025-11-07
1090,2025-11-10
1091,2025-11-11
1092,2025-11-12
1093,2025-11-13
1094,2025-11-14
1095,2025-11-17
1096,2025-11-18
1097,2025-11-19
1098,2025-11-20
1099,2025-11-21
1100,2025-11-24
1101,2025-11-25
1102,2025-11-26
1103,2025-11-27
1104,2025-11-28
1105,2025-12-01
1106,2025-12-02
1107,2025-12-03
1108,2025-12-04
1109,2025-12-05
1110,2025-12-08
1111,2025-12-09
1112,2025-12-10
1113,2025-12-11
1114,2025-12-12
1115,2025-12-15
1116,2025-12-16
1117,2025-12-17
1118,2025-12-18
1119,2025-12-19
1120,2025-12-22
1121,2025-12-23
1122,2025-12-24
1123,2025-12-29
1124,2025-12-30
1125,2026-01-02
1126,2026-01-05
1127,2026-01-06
1128,2026-01-07
1129,2026-01-08
1130,2026-01-09
1131,2026-01-12
1132,2026-01-13
1133,2026-01-14
1134,2026-01-15
1135,2026-01-19
1136,2026-01-20
1137,2026-01-21
1138,2026-01-22
1139,2026-01-23
1140,2026-01-26
1141,2026-01-27
1142,2026-01-28
1143,2026-01-29
1144,2026-01-30
1145,2026-02-02
1146,2026-02-03
1147,2026-02-04
1148,2026-02-05
1149,2026-02-06
1150,2026-02-09
1151,2026-02-10
1152,2026-02-11
1153,2026-02-12
1154,2026-02-13
1155,2026-02-18
1156,2026-02-19
1157,2026-02-20
1158,2026-02-23
1159,2026-02-24
1160,2026-02-25
1161,2026-02-26
1162,2026-02-27
1163,2026-03-02
1164,2026-03-03
1165,2026-03-04
1166,2026-03-05
1167,2026-03-06
1168,2026-03-09
1169,2026-03-10
1170,2026-03-11
1171,2026-03-12
1172,2026-03-13
1173,2026-03-16
1174,2026-03-17
1175,2026-03-25
1176,2026-03-26
1177,2026-03-27
1178,2026-03-30
1179,2026-03-31
1180,2026-04-01
1181,2026-04-02
1182,2026-04-06
1183,2026-04-07
1184,2026-04-08
1185,2026-04-09
1186,2026-04-10
1187,2026-04-13
1188,2026-04-14
1189,2026-04-15
1190,2026-04-16
1191,2026-04-17
1192,2026-04-20
1193,2026-04-21
1194,2026-04-22
1195,2026-04-23
1196,2026-04-24
1197,2026-04-27
1198,2026-04-28
1199,2026-04-29
1200,2026-04-30
1201,2026-05-04
1202,2026-05-05
1203,2026-05-06
1204,2026-05-07
1205,2026-05-08
1206,2026-05-11
1207,2026-05-12
1208,2026-05-13
1209,2026-05-18
1210,2026-05-19
1211,2026-05-20
1212,2026-05-21
1213,2026-05-22
1214,2026-05-25
1215,2026-05-26
1216,2026-05-29
1217,2026-06-02
1218,2026-06-03
1219,2026-06-04
1220,2026-06-05
1221,2026-06-08
1222,2026-06-09
1223,2026-06-10
1224,2026-06-11
1225,2026-06-12
1226,2026-06-15
1227,2026-06-17
1228,2026-06-18
1229,2026-06-19
1230,2026-06-22
1231,2026-06-23
1232,2026-06-24
1233,2026-06-25
1234,2026-06-26
1235,2026-06-29
1236,2026-06-30
1237,2026-07-01
1238,2026-07-02
1239,2026-07-03
1240,2026-07-06
1241,2026-07-07
1242,2026-07-08
1243,2026-07-09
1244,2026-07-10
1245,2026-07-13
1246,2026-07-14
1247,2026-07-15
1248,2026-07-16
1249,2026-07-17
1250,2026-07-20
1251,2026-07-21
1252,2026-07-22
1253,2026-07-23
1254,2026-07-24
