FINDING_ID,HUNTER_CLAIM,AUDIT_TARGET_SHA,EXACT_FILES_BLOBS,REACHABLE_CANONICAL_PATH,PROJECT_CONTRACT,CHALLENGER_ATTACK,REPRODUCTION_ATTEMPT,REPRODUCTION_RESULT,COUNTEREVIDENCE,SCIENCE_IMPACT,PRODUCTION_IMPACT,PROSPECTIVE_IMPACT,ACTUAL_BLAST_RADIUS,ROOT_CAUSE_CLUSTER,CHALLENGER_VERDICT,CONFIDENCE
A1,Watchdog covers failed queued or WAITING runs,adc071d6fd7e8009557bed27b1224217421514ae,watchdog.py:305-384 469-504; runner:175-196,Windows fallback to run metadata to covered decision,Covered means durable terminal commit,static_path_verified,synthetic exact-slot failed row,Returns ALREADY_COVERED,main-only dispatch does not check durable commit,None directly,Not proven live,High false-green risk,affected fallback slots,scheduler_false_green,CONFIRMED,High
A2,E2E STARTED attempt has no crash resume,adc071d6fd7e8009557bed27b1224217421514ae,6b6 runner.py:327-348 378-433; runtime:720-735,Cloud runner to provider work to commit,Commit-last is restart-safe,static_path_verified,static crash after provider work,Next run reacquires,crash test only proves no commit,None directly,Not proven live,High duplicate risk,E2E CA and EOD,recovery_commit_semantics,CONFIRMED,High
A3,Stream artifact-before-manifest crash loses recovery,adc071d6fd7e8009557bed27b1224217421514ae,stream_capture_v2.py:343-398 429-557 613-615,Stream provider to raw archive to manifest,Partial writes discoverable,static_path_verified,resume window review,No marker and refetch,partial-manifest test misses window,None directly,Not proven live,High duplicate risk,Stream archive,recovery_commit_semantics,CONFIRMED,High
A4,Intraday can refetch after provider response,adc071d6fd7e8009557bed27b1224217421514ae,intraday runner:200-224; runtime:725-755; archive:308-355,Requester to persistence to journal,No second provider history,static_path_verified,kill after requester before persistence,Restart requests ticker again,kill test ends earlier,None directly,Not proven live,High termination risk,Ticker evidence,recovery_commit_semantics,CONFIRMED,High
A5,Intraday seals nonterminal WAITING,adc071d6fd7e8009557bed27b1224217421514ae,intraday runner:125-128 247-257; archive:176-239 537-576,Intraday slot to committed short-circuit,Only terminal state seals,static_path_verified,WAITING final slot,Later run cannot retry,no terminal-only validator,None directly,Not proven live,High slot risk,Final intraday slot,recovery_commit_semantics,CONFIRMED,High
A6,Official Open SHA only syntax validated,adc071d6fd7e8009557bed27b1224217421514ae,official workflow:50-76; runtime:1035-1040,Variable to checkout to archive,Producer is approved immutable SHA,static_path_verified,alternate forty-hex variable,Producer and consumer remain consistent,current value format-valid,None directly,Not proven live,High provenance risk,Open and PREOPEN,mutable_control_plane,CONFIRMED,High
A7,Official Open manual date permits backfill,adc071d6fd7e8009557bed27b1224217421514ae,official workflow:19-29; archive:215-243,Manual date to official-open-v1,Canonical prefix rejects backfill,static_path_verified,historical session date,no current-date guard writes object,downstream rejects some provenance,None directly,Not proven live,Moderate archive risk,Official Open archive,mutable_control_plane,CONFIRMED,High
A8,Stream manual run permits non-main and arbitrary top_n,adc071d6fd7e8009557bed27b1224217421514ae,stream workflow:11-21 47-80; capture:578-609,Manual workflow to triggering ref to archive,One routine producer governs,static_path_verified,feature branch and altered top_n,archive path remains reachable,metadata shows feature-branch runs,None directly,Not proven live,High provenance risk,Stream universe,mutable_control_plane,CONFIRMED,High
A9,String False can open bool gate,adc071d6fd7e8009557bed27b1224217421514ae,data_gate.py:61-69 95-98; security_master.py:130-193,Data gate caller to bool conversion,Malformed evidence fails closed,static_path_verified,nonempty string input,bool nonempty string is True,normal callers may use bool; Path-A hardens,Potential model input contamination,Not proven live,Potential gate risk,Data gate callers,data_gate_typing,LIKELY_REAL,High
A10,Generic malformed listed_to becomes open-ended,adc071d6fd7e8009557bed27b1224217421514ae,security_master.py:40-45 60-82; Path-A:6b6 security:254-270,Generic identity helper to existence state,Malformed interval blocks,static_path_verified,listed_to not-a-date,Generic treats as listed,Path-A rejects it,Potential PIT identity risk,Canonical impact not proven,Legacy helper risk,Identity helper,identity_semantics,LIKELY_REAL,High
A11,Generic OHLCV normalizer drops conflicts,adc071d6fd7e8009557bed27b1224217421514ae,data.py:44-59,Normalizer to data gate,Conflict is diagnosed,static_path_verified,duplicate differing close,keep-last leaves one,backfill has stronger checks,Potential basis change,Not proven live,Generic ingestion risk,Generic data callers,data_gate_typing,LIKELY_REAL,High
A12,Coverage accepts observed dates outside calendar,adc071d6fd7e8009557bed27b1224217421514ae,coverage.py:56-89; data_gate.py:47-58,security coverage to data gate,Only exchange sessions complete,static_path_verified,add Saturday row,can still report complete,Path-A builder rejects dates,Potential feature contamination,Not proven live,Helper risk,Generic coverage,calendar_pit_semantics,LIKELY_REAL,High
A13,Warmup counts observed not post-listing sessions,adc071d6fd7e8009557bed27b1224217421514ae,universe.py:64-86 98-106,Universe to model population,Warmup is PIT session based,static_path_verified,pre-listing and weekend rows,observed count satisfies warmup,tests use clean fixture,Potential population drift,Not proven live,Prospective population risk,Universe helper,calendar_pit_semantics,LIKELY_REAL,High
A14,Provenance allows missing source and replacement,adc071d6fd7e8009557bed27b1224217421514ae,provenance.py:33-38 69-73,Inventory to admission,Missing or changed input blocks,static_path_verified,missing path and manifest overwrite,None hard failure at helper,Higher gates add rehashing,Historical identity risk,Not proven live,Admission provenance risk,Manifest registry,provenance_binding,CONFIRMED,High
A15,Evaluation gate lacks complete producer and state binding,adc071d6fd7e8009557bed27b1224217421514ae,code pin config; gate:387-452 912-979 1454-1575,Preaccess bundle to metric engine,Exact producer input target state bound,static_path_verified,alternate score target or NAV,unbound changes pass shape checks,Real mode is blocked NOT_AVAILABLE,Attribution risk,Not proven live,High admission risk,Score target NAV state,evaluation_provenance,LIKELY_REAL,High
A16,Metrics do not enforce EVALUABLE filter,adc071d6fd7e8009557bed27b1224217421514ae,prospective_evaluation_v1.py:225-252 735-835,Ledger validation to full alpha metrics,Only eligible rows enter,static_path_verified,add non-evaluable alpha row,row remains unless caller filters,caller may prefilter,IC and rank risk,No live evaluation,Prospective metric risk,Evaluation statistics,evaluation_metrics,LIKELY_REAL,High
A17,Top-k accepts undersized population,adc071d6fd7e8009557bed27b1224217421514ae,prospective_evaluation_v1.py:225-252 301-346,Score to rank summaries,Top-k denominators meaningful,static_path_verified,two-name session,TOP_10 still emits,rank less-than-k may be intended,Population comparability risk,No live evaluation,Prospective statistic risk,Metrics,evaluation_metrics,LIKELY_REAL,High
A18,Feature builder lacks machine-bound CA basis evidence,adc071d6fd7e8009557bed27b1224217421514ae,6b6 ranking features:229-324; forward_ohlcv:25-33,CA evidence to numeric features,Verified basis and timing required,static_path_verified,numeric HLCV without metadata,features proceed,admission may block,Historical semantics risk,No live input,High if reachable,Feature inputs,ca_basis_provenance,LIKELY_REAL,Medium
A19,Generic Security Master lacks instrument scope,adc071d6fd7e8009557bed27b1224217421514ae,security_master.py:10-19 33-65; providers idx.py:40-53,Provider identity to universe,Common shares and scope explicit,static_path_verified,wrong-board or non-common row,no generic scope veto,Path-A adds controls,PIT identity risk,Not proven live,Prospective identity risk,Security universe,identity_semantics,LIKELY_REAL,Medium
A20,Generic delisted adapter only page one,adc071d6fd7e8009557bed27b1224217421514ae,providers idx.py:56-100; Path-A:6b6:130-239,Delisted provider to master,Source exhaustive or incomplete,static_path_verified,mock hidden page two,partial result returned,Path-A exhausts pages,Historical identity risk,Canonical impact not proven,Legacy provider,Security history,identity_semantics,LIKELY_REAL,High
A21,23 registered workflows versus 10 tree files is a defect,adc071d6fd7e8009557bed27b1224217421514ae,GitHub metadata and origin/main workflow tree,Registry to runnable surface,Inventory count proves defect,static_path_verified,compare registry and tree,13 absent registrations unclassified,gh workflow view cannot find absent default-ref files,No direct science,Harmful execution unknown,Potential stale writers,13 absent registrations,workflow_registry,UNRESOLVED_DISPUTE,High
A22,E2E input manifest lacks approved expected hash,adc071d6fd7e8009557bed27b1224217421514ae,origin/main workflow:87; runtime input validation,E2E workflow to manifest to runtime,Frozen bundle externally bound,static_path_verified,replace schema-valid manifest,changed bundle can rehash,internal schema/hash checks remain,Input identity risk,Not observed,High prospective risk,E2E input,provenance_binding,LIKELY_REAL,High
A23,Watchdog installer accepts mutable checkout,adc071d6fd7e8009557bed27b1224217421514ae,install_github_schedule_watchdog.ps1:17-32,Task to supplied RepoRoot to script,Fallback bytes pinned,static_path_verified,install stale checkout,task runs present bytes,installed bytes reportedly match,No direct science,Not proven live,Prospective scheduler risk,Windows fallback,scheduler_false_green,LIKELY_REAL,High
A24,TEAM_STATUS HEAD drift is production bug,adc071d6fd7e8009557bed27b1224217421514ae,TEAM_STATUS claim file and current PR metadata,Coordination snapshot to operator,Refs must always be current,static_path_verified,compare status to PR heads,drift confirmed but no causal error,PR heads naturally move and status is dated,No direct science,No production defect,Review-target risk,Coordination readers,documentation_drift,LIKELY_FALSE_POSITIVE,High
A25,Legacy 56602 CA geometry is current Phase-B size,d018ba4dc4d55daa48d9832b65df6d68e469d396,PR108 R3 handoff:30-47 88-99 122-146,CA support lineage to admission,Impact uses current support,static_path_verified,compare support sets,old overlay is not applicable proven and no recompute,old evidence is hash-pinned but superseded,Historical contamination unresolved,No live evaluation,Direct data blocker,CA support,ca_basis_lineage,CONFIRMED,High
A26,Source row and economic event counts are interchangeable,d018ba4dc4d55daa48d9832b65df6d68e469d396,Current CA handoffs and ontology correction,Source evidence to event taxonomy,Ontologies remain separate,static_path_verified,reconcile typed counts,412 source versus 389 events versus 155 resolved versus 188 unresolved events versus 46 excluded,Current handoff keeps distinction,Mislabeling risk,No runtime effect,Admission report risk,CA reports,ca_ontology,CONFIRMED,High
A27,Stream reported self-hash hashes stored manifest bytes,adc071d6fd7e8009557bed27b1224217421514ae,stream_capture_v2.py:578-615,Manifest serialize to store to self-hash,Hash describes stored bytes,static_path_verified,recompute SHA over stored JSON,reported hash field was added after put,external metadata may be intended,Audit replay ambiguity,Not observed,Prospective provenance risk,Stream manifest,provenance_binding,CONFIRMED,High
A28,E2E stage identity fully reconstructs controller,adc071d6fd7e8009557bed27b1224217421514ae,6b6 runner.py:413-430; archive:809-829,Stage commit to code identity,Replay identifies controller pins,static_path_verified,enumerate persisted identity,workflow run provider and variable fields absent,Workflow pins some values separately,Post-hoc attribution gap,Not observed,Prospective audit risk,Stage provenance,provenance_binding,LIKELY_REAL,High
A29,Off-main E2E pin lacks durable reviewed retention,adc071d6fd7e8009557bed27b1224217421514ae,workflow 6b6 plus branch metadata,Main workflow to off-main checkout,Accepted ref permanent reviewed,static_path_verified,inspect protection and PR,exact SHA works but branch unprotected,Git object is immutable while retained,No direct science,Not observed,Future deployment risk,E2E ref,pin_durability,LIKELY_REAL,High
A30,Current CA remediation proves KSEI and transition coverage,d018ba4dc4d55daa48d9832b65df6d68e469d396,PR108 R3 handoff:39-47 122-146,CA authority to admission,Date-level as-of and transitions required,static_path_verified,read frozen verdict,coverage fails and temporal unknown,identity hashes pass but authority fails,Historical training input blocked,No live evaluation,Direct admission blocker,KSEI CA authority,ca_basis_lineage,CONFIRMED,High
