ticker,continuity_status,reason,risk_rows,ksei_coverage_certified,prior_official_candidate_in_period,ksei_history_rows
AADI,RESOLVED_NO_MECHANICAL_DISCONTINUITY,KSEI_COMPLETE_HISTORY_NO_ACTIVE_MECHANICAL_CA_IN_V4_PERIOD,0,True,False,4
AALI,RESOLVED_NO_MECHANICAL_DISCONTINUITY,KSEI_COMPLETE_HISTORY_NO_ACTIVE_MECHANICAL_CA_IN_V4_PERIOD,0,True,False,71
ABMM,RESOLVED_NO_MECHANICAL_DISCONTINUITY,KSEI_COMPLETE_HISTORY_NO_ACTIVE_MECHANICAL_CA_IN_V4_PERIOD,0,True,False,27
ACES,RESOLVED_NO_MECHANICAL_DISCONTINUITY,KSEI_COMPLETE_HISTORY_NO_ACTIVE_MECHANICAL_CA_IN_V4_PERIOD,0,True,False,42
ACRO,PRICE_CONTINUITY_UNRESOLVED_COVERAGE,KSEI_REGISTERED_SECURITY_HISTORY_NOT_CERTIFIED,0,False,False,0
ACST,RESOLVED_NO_MECHANICAL_DISCONTINUITY,KSEI_COMPLETE_HISTORY_NO_ACTIVE_MECHANICAL_CA_IN_V4_PERIOD,0,True,False,29
ADCP,RESOLVED_NO_MECHANICAL_DISCONTINUITY,KSEI_COMPLETE_HISTORY_NO_ACTIVE_MECHANICAL_CA_IN_V4_PERIOD,0,True,False,10
ADES,RESOLVED_NO_MECHANICAL_DISCONTINUITY,KSEI_COMPLETE_HISTORY_NO_ACTIVE_MECHANICAL_CA_IN_V4_PERIOD,0,True,False,38
ADHI,RESOLVED_NO_MECHANICAL_DISCONTINUITY,KSEI_COMPLETE_HISTORY_NO_ACTIVE_MECHANICAL_CA_IN_V4_PERIOD,0,True,False,56
ADMF,PRICE_CONTINUITY_UNRESOLVED_EFFECTIVE_DATE,KSEI_ACTIVE_MECHANICAL_OR_UNKNOWN_CA_IN_V4_PERIOD:MANDATORY_CONVERSION,2,True,False,59
ADMR,RESOLVED_NO_MECHANICAL_DISCONTINUITY,KSEI_COMPLETE_HISTORY_NO_ACTIVE_MECHANICAL_CA_IN_V4_PERIOD,0,True,False,8
ADRO,PRICE_CONTINUITY_UNRESOLVED_EFFECTIVE_DATE,KSEI_ACTIVE_MECHANICAL_OR_UNKNOWN_CA_IN_V4_PERIOD:RIGHTS_HMETD,1,True,False,65
AEGS,RESOLVED_NO_MECHANICAL_DISCONTINUITY,KSEI_COMPLETE_HISTORY_NO_ACTIVE_MECHANICAL_CA_IN_V4_PERIOD,0,True,False,3
AGII,RESOLVED_NO_MECHANICAL_DISCONTINUITY,KSEI_COMPLETE_HISTORY_NO_ACTIVE_MECHANICAL_CA_IN_V4_PERIOD,0,True,False,19
AGRO,RESOLVED_NO_MECHANICAL_DISCONTINUITY,KSEI_COMPLETE_HISTORY_NO_ACTIVE_MECHANICAL_CA_IN_V4_PERIOD,0,True,False,62
AGRS,PRICE_CONTINUITY_UNRESOLVED_EFFECTIVE_DATE,KSEI_ACTIVE_MECHANICAL_OR_UNKNOWN_CA_IN_V4_PERIOD:RIGHTS_HMETD,1,True,False,29
AHAP,RESOLVED_NO_MECHANICAL_DISCONTINUITY,KSEI_COMPLETE_HISTORY_NO_ACTIVE_MECHANICAL_CA_IN_V4_PERIOD,0,True,False,53
AIMS,RESOLVED_NO_MECHANICAL_DISCONTINUITY,KSEI_COMPLETE_HISTORY_NO_ACTIVE_MECHANICAL_CA_IN_V4_PERIOD,0,True,False,35
AISA,RESOLVED_NO_MECHANICAL_DISCONTINUITY,KSEI_COMPLETE_HISTORY_NO_ACTIVE_MECHANICAL_CA_IN_V4_PERIOD,0,True,False,50
AKRA,RESOLVED_NO_MECHANICAL_DISCONTINUITY,KSEI_COMPLETE_HISTORY_NO_ACTIVE_MECHANICAL_CA_IN_V4_PERIOD,0,True,False,78
AKSI,RESOLVED_NO_MECHANICAL_DISCONTINUITY,KSEI_COMPLETE_HISTORY_NO_ACTIVE_MECHANICAL_CA_IN_V4_PERIOD,0,True,False,44
ALII,RESOLVED_NO_MECHANICAL_DISCONTINUITY,KSEI_COMPLETE_HISTORY_NO_ACTIVE_MECHANICAL_CA_IN_V4_PERIOD,0,True,False,5
AMAN,PRICE_CONTINUITY_UNRESOLVED_COVERAGE,KSEI_REGISTERED_SECURITY_HISTORY_NOT_CERTIFIED,0,False,False,0
AMMN,RESOLVED_NO_MECHANICAL_DISCONTINUITY,KSEI_COMPLETE_HISTORY_NO_ACTIVE_MECHANICAL_CA_IN_V4_PERIOD,0,True,False,4
AMMS,PRICE_CONTINUITY_UNRESOLVED_EFFECTIVE_DATE,KSEI_ACTIVE_MECHANICAL_OR_UNKNOWN_CA_IN_V4_PERIOD:MANDATORY_CONVERSION,1,True,False,7
AMRT,RESOLVED_NO_MECHANICAL_DISCONTINUITY,KSEI_COMPLETE_HISTORY_NO_ACTIVE_MECHANICAL_CA_IN_V4_PERIOD,0,True,False,43
ANJT,PRICE_CONTINUITY_UNRESOLVED_EFFECTIVE_DATE,KSEI_ACTIVE_MECHANICAL_OR_UNKNOWN_CA_IN_V4_PERIOD:MANDATORY_CONVERSION,1,True,False,30
ANTM,RESOLVED_NO_MECHANICAL_DISCONTINUITY,KSEI_COMPLETE_HISTORY_NO_ACTIVE_MECHANICAL_CA_IN_V4_PERIOD,0,True,False,66
APEX,RESOLVED_NO_MECHANICAL_DISCONTINUITY,KSEI_COMPLETE_HISTORY_NO_ACTIVE_MECHANICAL_CA_IN_V4_PERIOD,0,True,False,52
APIC,RESOLVED_NO_MECHANICAL_DISCONTINUITY,KSEI_COMPLETE_HISTORY_NO_ACTIVE_MECHANICAL_CA_IN_V4_PERIOD,0,True,False,41
APLN,RESOLVED_NO_MECHANICAL_DISCONTINUITY,KSEI_COMPLETE_HISTORY_NO_ACTIVE_MECHANICAL_CA_IN_V4_PERIOD,0,True,False,24
ARCI,RESOLVED_NO_MECHANICAL_DISCONTINUITY,KSEI_COMPLETE_HISTORY_NO_ACTIVE_MECHANICAL_CA_IN_V4_PERIOD,0,True,False,7
AREA,RESOLVED_NO_MECHANICAL_DISCONTINUITY,KSEI_COMPLETE_HISTORY_NO_ACTIVE_MECHANICAL_CA_IN_V4_PERIOD,0,True,False,3
ARKO,RESOLVED_NO_MECHANICAL_DISCONTINUITY,KSEI_COMPLETE_HISTORY_NO_ACTIVE_MECHANICAL_CA_IN_V4_PERIOD,0,True,False,7
ARNA,RESOLVED_NO_MECHANICAL_DISCONTINUITY,KSEI_COMPLETE_HISTORY_NO_ACTIVE_MECHANICAL_CA_IN_V4_PERIOD,0,True,False,59
ARTO,RESOLVED_NO_MECHANICAL_DISCONTINUITY,KSEI_COMPLETE_HISTORY_NO_ACTIVE_MECHANICAL_CA_IN_V4_PERIOD,0,True,False,25
ASGR,RESOLVED_NO_MECHANICAL_DISCONTINUITY,KSEI_COMPLETE_HISTORY_NO_ACTIVE_MECHANICAL_CA_IN_V4_PERIOD,0,True,False,74
ASHA,RESOLVED_NO_MECHANICAL_DISCONTINUITY,KSEI_COMPLETE_HISTORY_NO_ACTIVE_MECHANICAL_CA_IN_V4_PERIOD,0,True,False,5
ASII,RESOLVED_NO_MECHANICAL_DISCONTINUITY,KSEI_COMPLETE_HISTORY_NO_ACTIVE_MECHANICAL_CA_IN_V4_PERIOD,0,True,False,82
ASLC,RESOLVED_NO_MECHANICAL_DISCONTINUITY,KSEI_COMPLETE_HISTORY_NO_ACTIVE_MECHANICAL_CA_IN_V4_PERIOD,0,True,False,8
ASLI,PRICE_CONTINUITY_UNRESOLVED_EFFECTIVE_DATE,KSEI_ACTIVE_MECHANICAL_OR_UNKNOWN_CA_IN_V4_PERIOD:MANDATORY_CONVERSION,1,True,False,5
ASPI,RESOLVED_NO_MECHANICAL_DISCONTINUITY,KSEI_COMPLETE_HISTORY_NO_ACTIVE_MECHANICAL_CA_IN_V4_PERIOD,0,True,False,7
ASPR,RESOLVED_NO_MECHANICAL_DISCONTINUITY,KSEI_COMPLETE_HISTORY_NO_ACTIVE_MECHANICAL_CA_IN_V4_PERIOD,0,True,False,2
ASRI,RESOLVED_NO_MECHANICAL_DISCONTINUITY,KSEI_COMPLETE_HISTORY_NO_ACTIVE_MECHANICAL_CA_IN_V4_PERIOD,0,True,False,34
ASSA,RESOLVED_NO_MECHANICAL_DISCONTINUITY,KSEI_COMPLETE_HISTORY_NO_ACTIVE_MECHANICAL_CA_IN_V4_PERIOD,0,True,False,26
ATAP,RESOLVED_NO_MECHANICAL_DISCONTINUITY,KSEI_COMPLETE_HISTORY_NO_ACTIVE_MECHANICAL_CA_IN_V4_PERIOD,0,True,False,9
ATLA,RESOLVED_NO_MECHANICAL_DISCONTINUITY,KSEI_COMPLETE_HISTORY_NO_ACTIVE_MECHANICAL_CA_IN_V4_PERIOD,0,True,False,5
AUTO,RESOLVED_NO_MECHANICAL_DISCONTINUITY,KSEI_COMPLETE_HISTORY_NO_ACTIVE_MECHANICAL_CA_IN_V4_PERIOD,0,True,False,74
AVIA,PRICE_CONTINUITY_UNRESOLVED_COVERAGE,KSEI_REGISTERED_SECURITY_HISTORY_NOT_CERTIFIED,0,False,False,0
AWAN,RESOLVED_NO_MECHANICAL_DISCONTINUITY,KSEI_COMPLETE_HISTORY_NO_ACTIVE_MECHANICAL_CA_IN_V4_PERIOD,0,True,False,4
AYAM,PRICE_CONTINUITY_UNRESOLVED_COVERAGE,KSEI_REGISTERED_SECURITY_HISTORY_NOT_CERTIFIED,0,False,False,0
AYLS,PRICE_CONTINUITY_UNRESOLVED_EFFECTIVE_DATE,KSEI_ACTIVE_MECHANICAL_OR_UNKNOWN_CA_IN_V4_PERIOD:MANDATORY_CONVERSION,1,True,False,12
BABP,PRICE_CONTINUITY_UNRESOLVED_EFFECTIVE_DATE,KSEI_ACTIVE_MECHANICAL_OR_UNKNOWN_CA_IN_V4_PERIOD:RIGHTS_HMETD,1,True,False,64
BABY,PRICE_CONTINUITY_UNRESOLVED_EFFECTIVE_DATE,KSEI_ACTIVE_MECHANICAL_OR_UNKNOWN_CA_IN_V4_PERIOD:RIGHTS_HMETD,1,True,False,5
BACA,RESOLVED_NO_MECHANICAL_DISCONTINUITY,KSEI_COMPLETE_HISTORY_NO_ACTIVE_MECHANICAL_CA_IN_V4_PERIOD,0,True,False,36
BAIK,RESOLVED_NO_MECHANICAL_DISCONTINUITY,KSEI_COMPLETE_HISTORY_NO_ACTIVE_MECHANICAL_CA_IN_V4_PERIOD,0,True,False,6
BANK,RESOLVED_NO_MECHANICAL_DISCONTINUITY,KSEI_COMPLETE_HISTORY_NO_ACTIVE_MECHANICAL_CA_IN_V4_PERIOD,0,True,False,12
BAPA,RESOLVED_NO_MECHANICAL_DISCONTINUITY,KSEI_COMPLETE_HISTORY_NO_ACTIVE_MECHANICAL_CA_IN_V4_PERIOD,0,True,False,23
BATR,RESOLVED_NO_MECHANICAL_DISCONTINUITY,KSEI_COMPLETE_HISTORY_NO_ACTIVE_MECHANICAL_CA_IN_V4_PERIOD,0,True,False,4
BBCA,RESOLVED_NO_MECHANICAL_DISCONTINUITY,KSEI_COMPLETE_HISTORY_NO_ACTIVE_MECHANICAL_CA_IN_V4_PERIOD,0,True,False,86
BBHI,RESOLVED_NO_MECHANICAL_DISCONTINUITY,KSEI_COMPLETE_HISTORY_NO_ACTIVE_MECHANICAL_CA_IN_V4_PERIOD,0,True,False,23
BBKP,RESOLVED_NO_MECHANICAL_DISCONTINUITY,KSEI_COMPLETE_HISTORY_NO_ACTIVE_MECHANICAL_CA_IN_V4_PERIOD,0,True,False,60
BBNI,RESOLVED_NO_MECHANICAL_DISCONTINUITY,KSEI_COMPLETE_HISTORY_NO_ACTIVE_MECHANICAL_CA_IN_V4_PERIOD,0,True,False,75
BBRI,RESOLVED_NO_MECHANICAL_DISCONTINUITY,KSEI_COMPLETE_HISTORY_NO_ACTIVE_MECHANICAL_CA_IN_V4_PERIOD,0,True,False,71
BBRM,RESOLVED_NO_MECHANICAL_DISCONTINUITY,KSEI_COMPLETE_HISTORY_NO_ACTIVE_MECHANICAL_CA_IN_V4_PERIOD,0,True,False,20
BBTN,RESOLVED_NO_MECHANICAL_DISCONTINUITY,KSEI_COMPLETE_HISTORY_NO_ACTIVE_MECHANICAL_CA_IN_V4_PERIOD,0,True,False,48
BBYB,PRICE_CONTINUITY_UNRESOLVED_EFFECTIVE_DATE,KSEI_ACTIVE_MECHANICAL_OR_UNKNOWN_CA_IN_V4_PERIOD:RIGHTS_HMETD,1,True,False,45
BCAP,RESOLVED_NO_MECHANICAL_DISCONTINUITY,KSEI_COMPLETE_HISTORY_NO_ACTIVE_MECHANICAL_CA_IN_V4_PERIOD,0,True,False,49
BCIC,RESOLVED_NO_MECHANICAL_DISCONTINUITY,KSEI_COMPLETE_HISTORY_NO_ACTIVE_MECHANICAL_CA_IN_V4_PERIOD,0,True,False,42
BCIP,PRICE_CONTINUITY_UNRESOLVED_COVERAGE,KSEI_REGISTERED_SECURITY_HISTORY_NOT_CERTIFIED,0,False,False,0
BDKR,PRICE_CONTINUITY_UNRESOLVED_COVERAGE,KSEI_REGISTERED_SECURITY_HISTORY_NOT_CERTIFIED,0,False,False,0
BDMN,RESOLVED_NO_MECHANICAL_DISCONTINUITY,KSEI_COMPLETE_HISTORY_NO_ACTIVE_MECHANICAL_CA_IN_V4_PERIOD,0,True,False,70
BEEF,PRICE_CONTINUITY_UNRESOLVED_EFFECTIVE_DATE,KSEI_ACTIVE_MECHANICAL_OR_UNKNOWN_CA_IN_V4_PERIOD:MANDATORY_CONVERSION|RIGHTS_HMETD,3,True,False,23
BEKS,RESOLVED_NO_MECHANICAL_DISCONTINUITY,KSEI_COMPLETE_HISTORY_NO_ACTIVE_MECHANICAL_CA_IN_V4_PERIOD,0,True,False,72
BELI,RESOLVED_NO_MECHANICAL_DISCONTINUITY,KSEI_COMPLETE_HISTORY_NO_ACTIVE_MECHANICAL_CA_IN_V4_PERIOD,0,True,False,4
BELL,RESOLVED_NO_MECHANICAL_DISCONTINUITY,KSEI_COMPLETE_HISTORY_NO_ACTIVE_MECHANICAL_CA_IN_V4_PERIOD,0,True,False,21
BEST,RESOLVED_NO_MECHANICAL_DISCONTINUITY,KSEI_COMPLETE_HISTORY_NO_ACTIVE_MECHANICAL_CA_IN_V4_PERIOD,0,True,False,25
BFIN,RESOLVED_NO_MECHANICAL_DISCONTINUITY,KSEI_COMPLETE_HISTORY_NO_ACTIVE_MECHANICAL_CA_IN_V4_PERIOD,0,True,False,65
BGTG,RESOLVED_NO_MECHANICAL_DISCONTINUITY,KSEI_COMPLETE_HISTORY_NO_ACTIVE_MECHANICAL_CA_IN_V4_PERIOD,0,True,False,17
BHAT,RESOLVED_NO_MECHANICAL_DISCONTINUITY,KSEI_COMPLETE_HISTORY_NO_ACTIVE_MECHANICAL_CA_IN_V4_PERIOD,0,True,False,7
BHIT,RESOLVED_NO_MECHANICAL_DISCONTINUITY,KSEI_COMPLETE_HISTORY_NO_ACTIVE_MECHANICAL_CA_IN_V4_PERIOD,0,True,False,57
BIKE,RESOLVED_NO_MECHANICAL_DISCONTINUITY,KSEI_COMPLETE_HISTORY_NO_ACTIVE_MECHANICAL_CA_IN_V4_PERIOD,0,True,False,11
BIPI,RESOLVED_NO_MECHANICAL_DISCONTINUITY,KSEI_COMPLETE_HISTORY_NO_ACTIVE_MECHANICAL_CA_IN_V4_PERIOD,0,True,False,40
BIRD,RESOLVED_NO_MECHANICAL_DISCONTINUITY,KSEI_COMPLETE_HISTORY_NO_ACTIVE_MECHANICAL_CA_IN_V4_PERIOD,0,True,False,25
BJBR,RESOLVED_NO_MECHANICAL_DISCONTINUITY,KSEI_COMPLETE_HISTORY_NO_ACTIVE_MECHANICAL_CA_IN_V4_PERIOD,0,True,False,47
BJTM,PRICE_CONTINUITY_UNRESOLVED_COVERAGE,KSEI_REGISTERED_SECURITY_HISTORY_NOT_CERTIFIED,0,False,False,0
BKSL,RESOLVED_NO_MECHANICAL_DISCONTINUITY,KSEI_COMPLETE_HISTORY_NO_ACTIVE_MECHANICAL_CA_IN_V4_PERIOD,0,True,False,54
BLES,RESOLVED_NO_MECHANICAL_DISCONTINUITY,KSEI_COMPLETE_HISTORY_NO_ACTIVE_MECHANICAL_CA_IN_V4_PERIOD,0,True,False,4
BLOG,RESOLVED_NO_MECHANICAL_DISCONTINUITY,KSEI_COMPLETE_HISTORY_NO_ACTIVE_MECHANICAL_CA_IN_V4_PERIOD,0,True,False,2
BLUE,RESOLVED_NO_MECHANICAL_DISCONTINUITY,KSEI_COMPLETE_HISTORY_NO_ACTIVE_MECHANICAL_CA_IN_V4_PERIOD,0,True,False,18
BMHS,RESOLVED_NO_MECHANICAL_DISCONTINUITY,KSEI_COMPLETE_HISTORY_NO_ACTIVE_MECHANICAL_CA_IN_V4_PERIOD,0,True,False,13
BMRI,RESOLVED_NO_MECHANICAL_DISCONTINUITY,KSEI_COMPLETE_HISTORY_NO_ACTIVE_MECHANICAL_CA_IN_V4_PERIOD,0,True,False,73
BMTR,RESOLVED_NO_MECHANICAL_DISCONTINUITY,KSEI_COMPLETE_HISTORY_NO_ACTIVE_MECHANICAL_CA_IN_V4_PERIOD,0,True,False,57
BNBA,RESOLVED_NO_MECHANICAL_DISCONTINUITY,KSEI_COMPLETE_HISTORY_NO_ACTIVE_MECHANICAL_CA_IN_V4_PERIOD,0,True,False,46
BNBR,PRICE_CONTINUITY_UNRESOLVED_EFFECTIVE_DATE,KSEI_ACTIVE_MECHANICAL_OR_UNKNOWN_CA_IN_V4_PERIOD:RIGHTS_HMETD,1,True,False,45
BNGA,RESOLVED_NO_MECHANICAL_DISCONTINUITY,KSEI_COMPLETE_HISTORY_NO_ACTIVE_MECHANICAL_CA_IN_V4_PERIOD,0,True,False,76
BNLI,RESOLVED_NO_MECHANICAL_DISCONTINUITY,KSEI_COMPLETE_HISTORY_NO_ACTIVE_MECHANICAL_CA_IN_V4_PERIOD,0,True,False,68
BOAT,RESOLVED_NO_MECHANICAL_DISCONTINUITY,KSEI_COMPLETE_HISTORY_NO_ACTIVE_MECHANICAL_CA_IN_V4_PERIOD,0,True,False,2
BOGA,PRICE_CONTINUITY_UNRESOLVED_EFFECTIVE_DATE,KSEI_ACTIVE_MECHANICAL_OR_UNKNOWN_CA_IN_V4_PERIOD:MANDATORY_CONVERSION,1,True,False,13
BOLT,RESOLVED_NO_MECHANICAL_DISCONTINUITY,KSEI_COMPLETE_HISTORY_NO_ACTIVE_MECHANICAL_CA_IN_V4_PERIOD,0,True,False,23
BREN,RESOLVED_NO_MECHANICAL_DISCONTINUITY,KSEI_COMPLETE_HISTORY_NO_ACTIVE_MECHANICAL_CA_IN_V4_PERIOD,0,True,False,8
BRIS,RESOLVED_NO_MECHANICAL_DISCONTINUITY,KSEI_COMPLETE_HISTORY_NO_ACTIVE_MECHANICAL_CA_IN_V4_PERIOD,0,True,False,25
BRMS,RESOLVED_NO_MECHANICAL_DISCONTINUITY,KSEI_COMPLETE_HISTORY_NO_ACTIVE_MECHANICAL_CA_IN_V4_PERIOD,0,True,False,26
BRPT,PRICE_CONTINUITY_UNRESOLVED_EFFECTIVE_DATE,KSEI_ACTIVE_MECHANICAL_OR_UNKNOWN_CA_IN_V4_PERIOD:RIGHTS_HMETD,1,True,False,58
BRRC,RESOLVED_NO_MECHANICAL_DISCONTINUITY,KSEI_COMPLETE_HISTORY_NO_ACTIVE_MECHANICAL_CA_IN_V4_PERIOD,0,True,False,3
BSBK,RESOLVED_NO_MECHANICAL_DISCONTINUITY,KSEI_COMPLETE_HISTORY_NO_ACTIVE_MECHANICAL_CA_IN_V4_PERIOD,0,True,False,6
BSDE,RESOLVED_NO_MECHANICAL_DISCONTINUITY,KSEI_COMPLETE_HISTORY_NO_ACTIVE_MECHANICAL_CA_IN_V4_PERIOD,0,True,False,32
BSML,RESOLVED_NO_MECHANICAL_DISCONTINUITY,KSEI_COMPLETE_HISTORY_NO_ACTIVE_MECHANICAL_CA_IN_V4_PERIOD,0,True,False,9
BSSR,RESOLVED_NO_MECHANICAL_DISCONTINUITY,KSEI_COMPLETE_HISTORY_NO_ACTIVE_MECHANICAL_CA_IN_V4_PERIOD,0,True,False,55
BTEK,RESOLVED_NO_MECHANICAL_DISCONTINUITY,KSEI_COMPLETE_HISTORY_NO_ACTIVE_MECHANICAL_CA_IN_V4_PERIOD,0,True,False,34
BTPS,RESOLVED_NO_MECHANICAL_DISCONTINUITY,KSEI_COMPLETE_HISTORY_NO_ACTIVE_MECHANICAL_CA_IN_V4_PERIOD,0,True,False,18
BUKA,RESOLVED_NO_MECHANICAL_DISCONTINUITY,KSEI_COMPLETE_HISTORY_NO_ACTIVE_MECHANICAL_CA_IN_V4_PERIOD,0,True,False,10
BULL,RESOLVED_NO_MECHANICAL_DISCONTINUITY,KSEI_COMPLETE_HISTORY_NO_ACTIVE_MECHANICAL_CA_IN_V4_PERIOD,0,True,False,42
BUMI,RESOLVED_NO_MECHANICAL_DISCONTINUITY,KSEI_COMPLETE_HISTORY_NO_ACTIVE_MECHANICAL_CA_IN_V4_PERIOD,0,True,False,71
BUVA,PRICE_CONTINUITY_UNRESOLVED_EFFECTIVE_DATE,KSEI_ACTIVE_MECHANICAL_OR_UNKNOWN_CA_IN_V4_PERIOD:RIGHTS_HMETD,1,True,False,29
BVIC,RESOLVED_NO_MECHANICAL_DISCONTINUITY,KSEI_COMPLETE_HISTORY_NO_ACTIVE_MECHANICAL_CA_IN_V4_PERIOD,0,True,False,53
BWPT,RESOLVED_NO_MECHANICAL_DISCONTINUITY,KSEI_COMPLETE_HISTORY_NO_ACTIVE_MECHANICAL_CA_IN_V4_PERIOD,0,True,False,35
BYAN,RESOLVED_NO_MECHANICAL_DISCONTINUITY,KSEI_COMPLETE_HISTORY_NO_ACTIVE_MECHANICAL_CA_IN_V4_PERIOD,0,True,False,49
CAMP,RESOLVED_NO_MECHANICAL_DISCONTINUITY,KSEI_COMPLETE_HISTORY_NO_ACTIVE_MECHANICAL_CA_IN_V4_PERIOD,0,True,False,15
CARE,RESOLVED_NO_MECHANICAL_DISCONTINUITY,KSEI_COMPLETE_HISTORY_NO_ACTIVE_MECHANICAL_CA_IN_V4_PERIOD,0,True,False,7
CARS,RESOLVED_NO_MECHANICAL_DISCONTINUITY,KSEI_COMPLETE_HISTORY_NO_ACTIVE_MECHANICAL_CA_IN_V4_PERIOD,0,True,False,20
CASA,RESOLVED_NO_MECHANICAL_DISCONTINUITY,KSEI_COMPLETE_HISTORY_NO_ACTIVE_MECHANICAL_CA_IN_V4_PERIOD,0,True,False,12
CBDK,RESOLVED_NO_MECHANICAL_DISCONTINUITY,KSEI_COMPLETE_HISTORY_NO_ACTIVE_MECHANICAL_CA_IN_V4_PERIOD,0,True,False,4
CBRE,PRICE_CONTINUITY_UNRESOLVED_COVERAGE,KSEI_REGISTERED_SECURITY_HISTORY_NOT_CERTIFIED,0,False,False,0
CDIA,RESOLVED_NO_MECHANICAL_DISCONTINUITY,KSEI_COMPLETE_HISTORY_NO_ACTIVE_MECHANICAL_CA_IN_V4_PERIOD,0,True,False,4
CENT,RESOLVED_NO_MECHANICAL_DISCONTINUITY,KSEI_COMPLETE_HISTORY_NO_ACTIVE_MECHANICAL_CA_IN_V4_PERIOD,0,True,False,51
CFIN,RESOLVED_NO_MECHANICAL_DISCONTINUITY,KSEI_COMPLETE_HISTORY_NO_ACTIVE_MECHANICAL_CA_IN_V4_PERIOD,0,True,False,43
CGAS,RESOLVED_NO_MECHANICAL_DISCONTINUITY,KSEI_COMPLETE_HISTORY_NO_ACTIVE_MECHANICAL_CA_IN_V4_PERIOD,0,True,False,6
CHEK,RESOLVED_NO_MECHANICAL_DISCONTINUITY,KSEI_COMPLETE_HISTORY_NO_ACTIVE_MECHANICAL_CA_IN_V4_PERIOD,0,True,False,1
CHEM,RESOLVED_NO_MECHANICAL_DISCONTINUITY,KSEI_COMPLETE_HISTORY_NO_ACTIVE_MECHANICAL_CA_IN_V4_PERIOD,0,True,False,8
CHIP,RESOLVED_NO_MECHANICAL_DISCONTINUITY,KSEI_COMPLETE_HISTORY_NO_ACTIVE_MECHANICAL_CA_IN_V4_PERIOD,0,True,False,9
CITA,RESOLVED_NO_MECHANICAL_DISCONTINUITY,KSEI_COMPLETE_HISTORY_NO_ACTIVE_MECHANICAL_CA_IN_V4_PERIOD,0,True,False,52
CITY,RESOLVED_NO_MECHANICAL_DISCONTINUITY,KSEI_COMPLETE_HISTORY_NO_ACTIVE_MECHANICAL_CA_IN_V4_PERIOD,0,True,False,9
CLAY,RESOLVED_NO_MECHANICAL_DISCONTINUITY,KSEI_COMPLETE_HISTORY_NO_ACTIVE_MECHANICAL_CA_IN_V4_PERIOD,0,True,False,14
CLEO,PRICE_CONTINUITY_UNRESOLVED_EFFECTIVE_DATE,KSEI_ACTIVE_MECHANICAL_OR_UNKNOWN_CA_IN_V4_PERIOD:RIGHTS_HMETD,1,True,False,25
CMNP,RESOLVED_NO_MECHANICAL_DISCONTINUITY,KSEI_COMPLETE_HISTORY_NO_ACTIVE_MECHANICAL_CA_IN_V4_PERIOD,0,True,False,58
CMNT,RESOLVED_NO_MECHANICAL_DISCONTINUITY,KSEI_COMPLETE_HISTORY_NO_ACTIVE_MECHANICAL_CA_IN_V4_PERIOD,0,True,False,7
CMRY,RESOLVED_NO_MECHANICAL_DISCONTINUITY,KSEI_COMPLETE_HISTORY_NO_ACTIVE_MECHANICAL_CA_IN_V4_PERIOD,0,True,False,12
CNKO,PRICE_CONTINUITY_UNRESOLVED_EFFECTIVE_DATE,KSEI_ACTIVE_MECHANICAL_OR_UNKNOWN_CA_IN_V4_PERIOD:MANDATORY_CONVERSION,1,True,False,55
CNMA,PRICE_CONTINUITY_UNRESOLVED_EFFECTIVE_DATE,KSEI_ACTIVE_MECHANICAL_OR_UNKNOWN_CA_IN_V4_PERIOD:UNKNOWN,2,True,False,11
COAL,RESOLVED_NO_MECHANICAL_DISCONTINUITY,KSEI_COMPLETE_HISTORY_NO_ACTIVE_MECHANICAL_CA_IN_V4_PERIOD,0,True,False,5
COCO,PRICE_CONTINUITY_UNRESOLVED_EFFECTIVE_DATE,KSEI_ACTIVE_MECHANICAL_OR_UNKNOWN_CA_IN_V4_PERIOD:RIGHTS_HMETD,2,True,False,21
COIN,RESOLVED_NO_MECHANICAL_DISCONTINUITY,KSEI_COMPLETE_HISTORY_NO_ACTIVE_MECHANICAL_CA_IN_V4_PERIOD,0,True,False,2
CPIN,RESOLVED_NO_MECHANICAL_DISCONTINUITY,KSEI_COMPLETE_HISTORY_NO_ACTIVE_MECHANICAL_CA_IN_V4_PERIOD,0,True,False,58
CPRO,RESOLVED_NO_MECHANICAL_DISCONTINUITY,KSEI_COMPLETE_HISTORY_NO_ACTIVE_MECHANICAL_CA_IN_V4_PERIOD,0,True,False,34
CRAB,RESOLVED_NO_MECHANICAL_DISCONTINUITY,KSEI_COMPLETE_HISTORY_NO_ACTIVE_MECHANICAL_CA_IN_V4_PERIOD,0,True,False,7
CSIS,PRICE_CONTINUITY_UNRESOLVED_EFFECTIVE_DATE,KSEI_ACTIVE_MECHANICAL_OR_UNKNOWN_CA_IN_V4_PERIOD:RIGHTS_HMETD,1,True,False,18
CSMI,RESOLVED_NO_MECHANICAL_DISCONTINUITY,KSEI_COMPLETE_HISTORY_NO_ACTIVE_MECHANICAL_CA_IN_V4_PERIOD,0,True,False,10
CSRA,RESOLVED_NO_MECHANICAL_DISCONTINUITY,KSEI_COMPLETE_HISTORY_NO_ACTIVE_MECHANICAL_CA_IN_V4_PERIOD,0,True,False,14
CTRA,RESOLVED_NO_MECHANICAL_DISCONTINUITY,KSEI_COMPLETE_HISTORY_NO_ACTIVE_MECHANICAL_CA_IN_V4_PERIOD,0,True,False,58
CTTH,RESOLVED_NO_MECHANICAL_DISCONTINUITY,KSEI_COMPLETE_HISTORY_NO_ACTIVE_MECHANICAL_CA_IN_V4_PERIOD,0,True,False,29
CUAN,PRICE_CONTINUITY_UNRESOLVED_EFFECTIVE_DATE,KSEI_ACTIVE_MECHANICAL_OR_UNKNOWN_CA_IN_V4_PERIOD:MANDATORY_CONVERSION,1,True,False,8
CYBR,PRICE_CONTINUITY_UNRESOLVED_EFFECTIVE_DATE,KSEI_ACTIVE_MECHANICAL_OR_UNKNOWN_CA_IN_V4_PERIOD:MANDATORY_CONVERSION,1,True,False,7
DAAZ,RESOLVED_NO_MECHANICAL_DISCONTINUITY,KSEI_COMPLETE_HISTORY_NO_ACTIVE_MECHANICAL_CA_IN_V4_PERIOD,0,True,False,4
DADA,RESOLVED_NO_MECHANICAL_DISCONTINUITY,KSEI_COMPLETE_HISTORY_NO_ACTIVE_MECHANICAL_CA_IN_V4_PERIOD,0,True,False,10
DATA,PRICE_CONTINUITY_UNRESOLVED_EFFECTIVE_DATE,KSEI_ACTIVE_MECHANICAL_OR_UNKNOWN_CA_IN_V4_PERIOD:MANDATORY_CONVERSION,1,True,False,5
DCII,RESOLVED_NO_MECHANICAL_DISCONTINUITY,KSEI_COMPLETE_HISTORY_NO_ACTIVE_MECHANICAL_CA_IN_V4_PERIOD,0,True,False,8
DEFI,RESOLVED_NO_MECHANICAL_DISCONTINUITY,KSEI_COMPLETE_HISTORY_NO_ACTIVE_MECHANICAL_CA_IN_V4_PERIOD,0,True,False,39
DEWA,RESOLVED_NO_MECHANICAL_DISCONTINUITY,KSEI_COMPLETE_HISTORY_NO_ACTIVE_MECHANICAL_CA_IN_V4_PERIOD,0,True,False,37
DEWI,RESOLVED_NO_MECHANICAL_DISCONTINUITY,KSEI_COMPLETE_HISTORY_NO_ACTIVE_MECHANICAL_CA_IN_V4_PERIOD,0,True,False,4
DFAM,PRICE_CONTINUITY_UNRESOLVED_COVERAGE,KSEI_REGISTERED_SECURITY_HISTORY_NOT_CERTIFIED,0,False,False,0
DGIK,PRICE_CONTINUITY_UNRESOLVED_COVERAGE,KSEI_REGISTERED_SECURITY_HISTORY_NOT_CERTIFIED,0,False,False,0
DGNS,RESOLVED_NO_MECHANICAL_DISCONTINUITY,KSEI_COMPLETE_HISTORY_NO_ACTIVE_MECHANICAL_CA_IN_V4_PERIOD,0,True,False,18
DGWG,RESOLVED_NO_MECHANICAL_DISCONTINUITY,KSEI_COMPLETE_HISTORY_NO_ACTIVE_MECHANICAL_CA_IN_V4_PERIOD,0,True,False,5
DILD,RESOLVED_NO_MECHANICAL_DISCONTINUITY,KSEI_COMPLETE_HISTORY_NO_ACTIVE_MECHANICAL_CA_IN_V4_PERIOD,0,True,False,36
DIVA,RESOLVED_NO_MECHANICAL_DISCONTINUITY,KSEI_COMPLETE_HISTORY_NO_ACTIVE_MECHANICAL_CA_IN_V4_PERIOD,0,True,False,10
DKFT,RESOLVED_NO_MECHANICAL_DISCONTINUITY,KSEI_COMPLETE_HISTORY_NO_ACTIVE_MECHANICAL_CA_IN_V4_PERIOD,0,True,False,39
DKHH,RESOLVED_NO_MECHANICAL_DISCONTINUITY,KSEI_COMPLETE_HISTORY_NO_ACTIVE_MECHANICAL_CA_IN_V4_PERIOD,0,True,False,2
DMAS,RESOLVED_NO_MECHANICAL_DISCONTINUITY,KSEI_COMPLETE_HISTORY_NO_ACTIVE_MECHANICAL_CA_IN_V4_PERIOD,0,True,False,29
DMMX,RESOLVED_NO_MECHANICAL_DISCONTINUITY,KSEI_COMPLETE_HISTORY_NO_ACTIVE_MECHANICAL_CA_IN_V4_PERIOD,0,True,False,9
DNAR,RESOLVED_NO_MECHANICAL_DISCONTINUITY,KSEI_COMPLETE_HISTORY_NO_ACTIVE_MECHANICAL_CA_IN_V4_PERIOD,0,True,False,23
DOID,RESOLVED_NO_MECHANICAL_DISCONTINUITY,KSEI_COMPLETE_HISTORY_NO_ACTIVE_MECHANICAL_CA_IN_V4_PERIOD,0,True,False,49
DOOH,RESOLVED_NO_MECHANICAL_DISCONTINUITY,KSEI_COMPLETE_HISTORY_NO_ACTIVE_MECHANICAL_CA_IN_V4_PERIOD,0,True,False,5
DOSS,RESOLVED_NO_MECHANICAL_DISCONTINUITY,KSEI_COMPLETE_HISTORY_NO_ACTIVE_MECHANICAL_CA_IN_V4_PERIOD,0,True,False,4
DPUM,RESOLVED_NO_MECHANICAL_DISCONTINUITY,KSEI_COMPLETE_HISTORY_NO_ACTIVE_MECHANICAL_CA_IN_V4_PERIOD,0,True,False,20
DRMA,RESOLVED_NO_MECHANICAL_DISCONTINUITY,KSEI_COMPLETE_HISTORY_NO_ACTIVE_MECHANICAL_CA_IN_V4_PERIOD,0,True,False,12
DSFI,RESOLVED_NO_MECHANICAL_DISCONTINUITY,KSEI_COMPLETE_HISTORY_NO_ACTIVE_MECHANICAL_CA_IN_V4_PERIOD,0,True,False,34
DSNG,RESOLVED_NO_MECHANICAL_DISCONTINUITY,KSEI_COMPLETE_HISTORY_NO_ACTIVE_MECHANICAL_CA_IN_V4_PERIOD,0,True,False,31
DSSA,PRICE_CONTINUITY_UNRESOLVED_EFFECTIVE_DATE,KSEI_ACTIVE_MECHANICAL_OR_UNKNOWN_CA_IN_V4_PERIOD:MANDATORY_CONVERSION,2,True,False,33
DWGL,RESOLVED_NO_MECHANICAL_DISCONTINUITY,KSEI_COMPLETE_HISTORY_NO_ACTIVE_MECHANICAL_CA_IN_V4_PERIOD,0,True,False,11
EDGE,PRICE_CONTINUITY_UNRESOLVED_EFFECTIVE_DATE,KSEI_ACTIVE_MECHANICAL_OR_UNKNOWN_CA_IN_V4_PERIOD:MANDATORY_CONVERSION,3,True,False,14
ELIT,RESOLVED_NO_MECHANICAL_DISCONTINUITY,KSEI_COMPLETE_HISTORY_NO_ACTIVE_MECHANICAL_CA_IN_V4_PERIOD,0,True,False,8
ELPI,PRICE_CONTINUITY_UNRESOLVED_EFFECTIVE_DATE,KSEI_ACTIVE_MECHANICAL_OR_UNKNOWN_CA_IN_V4_PERIOD:RIGHTS_HMETD,1,True,False,9
ELSA,RESOLVED_NO_MECHANICAL_DISCONTINUITY,KSEI_COMPLETE_HISTORY_NO_ACTIVE_MECHANICAL_CA_IN_V4_PERIOD,0,True,False,56
ELTY,RESOLVED_NO_MECHANICAL_DISCONTINUITY,KSEI_COMPLETE_HISTORY_NO_ACTIVE_MECHANICAL_CA_IN_V4_PERIOD,0,True,False,60
EMAS,RESOLVED_NO_MECHANICAL_DISCONTINUITY,KSEI_COMPLETE_HISTORY_NO_ACTIVE_MECHANICAL_CA_IN_V4_PERIOD,0,True,False,4
EMTK,RESOLVED_NO_MECHANICAL_DISCONTINUITY,KSEI_COMPLETE_HISTORY_NO_ACTIVE_MECHANICAL_CA_IN_V4_PERIOD,0,True,False,45
ENRG,RESOLVED_NO_MECHANICAL_DISCONTINUITY,KSEI_COMPLETE_HISTORY_NO_ACTIVE_MECHANICAL_CA_IN_V4_PERIOD,0,True,False,53
ENZO,RESOLVED_NO_MECHANICAL_DISCONTINUITY,KSEI_COMPLETE_HISTORY_NO_ACTIVE_MECHANICAL_CA_IN_V4_PERIOD,0,True,False,8
EPAC,RESOLVED_NO_MECHANICAL_DISCONTINUITY,KSEI_COMPLETE_HISTORY_NO_ACTIVE_MECHANICAL_CA_IN_V4_PERIOD,0,True,False,9
ERAA,RESOLVED_NO_MECHANICAL_DISCONTINUITY,KSEI_COMPLETE_HISTORY_NO_ACTIVE_MECHANICAL_CA_IN_V4_PERIOD,0,True,False,31
ERAL,RESOLVED_NO_MECHANICAL_DISCONTINUITY,KSEI_COMPLETE_HISTORY_NO_ACTIVE_MECHANICAL_CA_IN_V4_PERIOD,0,True,False,6
ERTX,RESOLVED_NO_MECHANICAL_DISCONTINUITY,KSEI_COMPLETE_HISTORY_NO_ACTIVE_MECHANICAL_CA_IN_V4_PERIOD,0,True,False,44
ESIP,RESOLVED_NO_MECHANICAL_DISCONTINUITY,KSEI_COMPLETE_HISTORY_NO_ACTIVE_MECHANICAL_CA_IN_V4_PERIOD,0,True,False,12
ESSA,RESOLVED_NO_MECHANICAL_DISCONTINUITY,KSEI_COMPLETE_HISTORY_NO_ACTIVE_MECHANICAL_CA_IN_V4_PERIOD,0,True,False,33
ESTA,RESOLVED_NO_MECHANICAL_DISCONTINUITY,KSEI_COMPLETE_HISTORY_NO_ACTIVE_MECHANICAL_CA_IN_V4_PERIOD,0,True,False,9
ESTI,RESOLVED_NO_MECHANICAL_DISCONTINUITY,KSEI_COMPLETE_HISTORY_NO_ACTIVE_MECHANICAL_CA_IN_V4_PERIOD,0,True,False,35
EURO,RESOLVED_NO_MECHANICAL_DISCONTINUITY,KSEI_COMPLETE_HISTORY_NO_ACTIVE_MECHANICAL_CA_IN_V4_PERIOD,0,True,False,9
EXCL,PRICE_CONTINUITY_UNRESOLVED_EFFECTIVE_DATE,KSEI_ACTIVE_MECHANICAL_OR_UNKNOWN_CA_IN_V4_PERIOD:MANDATORY_CONVERSION,1,True,False,57
FAST,RESOLVED_NO_MECHANICAL_DISCONTINUITY,KSEI_COMPLETE_HISTORY_NO_ACTIVE_MECHANICAL_CA_IN_V4_PERIOD,0,True,False,53
FILM,PRICE_CONTINUITY_UNRESOLVED_EFFECTIVE_DATE,KSEI_ACTIVE_MECHANICAL_OR_UNKNOWN_CA_IN_V4_PERIOD:RIGHTS_HMETD,1,True,False,20
FIRE,RESOLVED_NO_MECHANICAL_DISCONTINUITY,KSEI_COMPLETE_HISTORY_NO_ACTIVE_MECHANICAL_CA_IN_V4_PERIOD,0,True,False,14
FITT,PRICE_CONTINUITY_UNRESOLVED_EFFECTIVE_DATE,KSEI_ACTIVE_MECHANICAL_OR_UNKNOWN_CA_IN_V4_PERIOD:MANDATORY_CONVERSION|RIGHTS_HMETD,2,True,False,10
FLMC,RESOLVED_NO_MECHANICAL_DISCONTINUITY,KSEI_COMPLETE_HISTORY_NO_ACTIVE_MECHANICAL_CA_IN_V4_PERIOD,0,True,False,7
FOLK,RESOLVED_NO_MECHANICAL_DISCONTINUITY,KSEI_COMPLETE_HISTORY_NO_ACTIVE_MECHANICAL_CA_IN_V4_PERIOD,0,True,False,5
FORE,RESOLVED_NO_MECHANICAL_DISCONTINUITY,KSEI_COMPLETE_HISTORY_NO_ACTIVE_MECHANICAL_CA_IN_V4_PERIOD,0,True,False,2
FORU,PRICE_CONTINUITY_UNRESOLVED_EFFECTIVE_DATE,KSEI_ACTIVE_MECHANICAL_OR_UNKNOWN_CA_IN_V4_PERIOD:MANDATORY_CONVERSION,1,True,False,41
FPNI,RESOLVED_NO_MECHANICAL_DISCONTINUITY,KSEI_COMPLETE_HISTORY_NO_ACTIVE_MECHANICAL_CA_IN_V4_PERIOD,0,True,False,42
FUJI,RESOLVED_NO_MECHANICAL_DISCONTINUITY,KSEI_COMPLETE_HISTORY_NO_ACTIVE_MECHANICAL_CA_IN_V4_PERIOD,0,True,False,8
FUTR,PRICE_CONTINUITY_UNRESOLVED_EFFECTIVE_DATE,KSEI_ACTIVE_MECHANICAL_OR_UNKNOWN_CA_IN_V4_PERIOD:MANDATORY_CONVERSION,2,True,False,8
FWCT,RESOLVED_NO_MECHANICAL_DISCONTINUITY,KSEI_COMPLETE_HISTORY_NO_ACTIVE_MECHANICAL_CA_IN_V4_PERIOD,0,True,False,8
GEMA,RESOLVED_NO_MECHANICAL_DISCONTINUITY,KSEI_COMPLETE_HISTORY_NO_ACTIVE_MECHANICAL_CA_IN_V4_PERIOD,0,True,False,41
GEMS,RESOLVED_NO_MECHANICAL_DISCONTINUITY,KSEI_COMPLETE_HISTORY_NO_ACTIVE_MECHANICAL_CA_IN_V4_PERIOD,0,True,False,60
GGRM,RESOLVED_NO_MECHANICAL_DISCONTINUITY,KSEI_COMPLETE_HISTORY_NO_ACTIVE_MECHANICAL_CA_IN_V4_PERIOD,0,True,False,50
GIAA,RESOLVED_NO_MECHANICAL_DISCONTINUITY,KSEI_COMPLETE_HISTORY_NO_ACTIVE_MECHANICAL_CA_IN_V4_PERIOD,0,True,False,38
GJTL,RESOLVED_NO_MECHANICAL_DISCONTINUITY,KSEI_COMPLETE_HISTORY_NO_ACTIVE_MECHANICAL_CA_IN_V4_PERIOD,0,True,False,44
GMFI,PRICE_CONTINUITY_UNRESOLVED_EFFECTIVE_DATE,KSEI_ACTIVE_MECHANICAL_OR_UNKNOWN_CA_IN_V4_PERIOD:RIGHTS_HMETD,2,True,False,22
GOLF,RESOLVED_NO_MECHANICAL_DISCONTINUITY,KSEI_COMPLETE_HISTORY_NO_ACTIVE_MECHANICAL_CA_IN_V4_PERIOD,0,True,False,4
GOTO,RESOLVED_NO_MECHANICAL_DISCONTINUITY,KSEI_COMPLETE_HISTORY_NO_ACTIVE_MECHANICAL_CA_IN_V4_PERIOD,0,True,False,9
GPRA,RESOLVED_NO_MECHANICAL_DISCONTINUITY,KSEI_COMPLETE_HISTORY_NO_ACTIVE_MECHANICAL_CA_IN_V4_PERIOD,0,True,False,40
GPSO,PRICE_CONTINUITY_UNRESOLVED_EFFECTIVE_DATE,KSEI_ACTIVE_MECHANICAL_OR_UNKNOWN_CA_IN_V4_PERIOD:MANDATORY_CONVERSION,1,True,False,8
GRIA,RESOLVED_NO_MECHANICAL_DISCONTINUITY,KSEI_COMPLETE_HISTORY_NO_ACTIVE_MECHANICAL_CA_IN_V4_PERIOD,0,True,False,4
GRPH,RESOLVED_NO_MECHANICAL_DISCONTINUITY,KSEI_COMPLETE_HISTORY_NO_ACTIVE_MECHANICAL_CA_IN_V4_PERIOD,0,True,False,3
GRPM,RESOLVED_NO_MECHANICAL_DISCONTINUITY,KSEI_COMPLETE_HISTORY_NO_ACTIVE_MECHANICAL_CA_IN_V4_PERIOD,0,True,False,6
GSMF,RESOLVED_NO_MECHANICAL_DISCONTINUITY,KSEI_COMPLETE_HISTORY_NO_ACTIVE_MECHANICAL_CA_IN_V4_PERIOD,0,True,False,33
GTBO,RESOLVED_NO_MECHANICAL_DISCONTINUITY,KSEI_COMPLETE_HISTORY_NO_ACTIVE_MECHANICAL_CA_IN_V4_PERIOD,0,True,False,25
GTRA,RESOLVED_NO_MECHANICAL_DISCONTINUITY,KSEI_COMPLETE_HISTORY_NO_ACTIVE_MECHANICAL_CA_IN_V4_PERIOD,0,True,False,5
GTSI,RESOLVED_NO_MECHANICAL_DISCONTINUITY,KSEI_COMPLETE_HISTORY_NO_ACTIVE_MECHANICAL_CA_IN_V4_PERIOD,0,True,False,13
GULA,RESOLVED_NO_MECHANICAL_DISCONTINUITY,KSEI_COMPLETE_HISTORY_NO_ACTIVE_MECHANICAL_CA_IN_V4_PERIOD,0,True,False,4
GUNA,RESOLVED_NO_MECHANICAL_DISCONTINUITY,KSEI_COMPLETE_HISTORY_NO_ACTIVE_MECHANICAL_CA_IN_V4_PERIOD,0,True,False,6
GZCO,RESOLVED_NO_MECHANICAL_DISCONTINUITY,KSEI_COMPLETE_HISTORY_NO_ACTIVE_MECHANICAL_CA_IN_V4_PERIOD,0,True,False,27
HAIS,RESOLVED_NO_MECHANICAL_DISCONTINUITY,KSEI_COMPLETE_HISTORY_NO_ACTIVE_MECHANICAL_CA_IN_V4_PERIOD,0,True,False,15
HAJJ,RESOLVED_NO_MECHANICAL_DISCONTINUITY,KSEI_COMPLETE_HISTORY_NO_ACTIVE_MECHANICAL_CA_IN_V4_PERIOD,0,True,False,4
HALO,RESOLVED_NO_MECHANICAL_DISCONTINUITY,KSEI_COMPLETE_HISTORY_NO_ACTIVE_MECHANICAL_CA_IN_V4_PERIOD,0,True,False,4
HATM,PRICE_CONTINUITY_UNRESOLVED_EFFECTIVE_DATE,KSEI_ACTIVE_MECHANICAL_OR_UNKNOWN_CA_IN_V4_PERIOD:RIGHTS_HMETD,1,True,False,11
HDIT,RESOLVED_NO_MECHANICAL_DISCONTINUITY,KSEI_COMPLETE_HISTORY_NO_ACTIVE_MECHANICAL_CA_IN_V4_PERIOD,0,True,False,8
HEAL,RESOLVED_NO_MECHANICAL_DISCONTINUITY,KSEI_COMPLETE_HISTORY_NO_ACTIVE_MECHANICAL_CA_IN_V4_PERIOD,0,True,False,21
HELI,PRICE_CONTINUITY_UNRESOLVED_COVERAGE,KSEI_REGISTERED_SECURITY_HISTORY_NOT_CERTIFIED,0,False,False,0
HEXA,RESOLVED_NO_MECHANICAL_DISCONTINUITY,KSEI_COMPLETE_HISTORY_NO_ACTIVE_MECHANICAL_CA_IN_V4_PERIOD,0,True,False,76
HGII,RESOLVED_NO_MECHANICAL_DISCONTINUITY,KSEI_COMPLETE_HISTORY_NO_ACTIVE_MECHANICAL_CA_IN_V4_PERIOD,0,True,False,4
HILL,PRICE_CONTINUITY_UNRESOLVED_EFFECTIVE_DATE,KSEI_ACTIVE_MECHANICAL_OR_UNKNOWN_CA_IN_V4_PERIOD:MANDATORY_CONVERSION,1,True,False,9
HMSP,RESOLVED_NO_MECHANICAL_DISCONTINUITY,KSEI_COMPLETE_HISTORY_NO_ACTIVE_MECHANICAL_CA_IN_V4_PERIOD,0,True,False,92
HOKI,RESOLVED_NO_MECHANICAL_DISCONTINUITY,KSEI_COMPLETE_HISTORY_NO_ACTIVE_MECHANICAL_CA_IN_V4_PERIOD,0,True,False,19
HOMI,RESOLVED_NO_MECHANICAL_DISCONTINUITY,KSEI_COMPLETE_HISTORY_NO_ACTIVE_MECHANICAL_CA_IN_V4_PERIOD,0,True,False,10
HOPE,RESOLVED_NO_MECHANICAL_DISCONTINUITY,KSEI_COMPLETE_HISTORY_NO_ACTIVE_MECHANICAL_CA_IN_V4_PERIOD,0,True,False,10
HRTA,RESOLVED_NO_MECHANICAL_DISCONTINUITY,KSEI_COMPLETE_HISTORY_NO_ACTIVE_MECHANICAL_CA_IN_V4_PERIOD,0,True,False,23
HRUM,RESOLVED_NO_MECHANICAL_DISCONTINUITY,KSEI_COMPLETE_HISTORY_NO_ACTIVE_MECHANICAL_CA_IN_V4_PERIOD,0,True,False,32
HUMI,RESOLVED_NO_MECHANICAL_DISCONTINUITY,KSEI_COMPLETE_HISTORY_NO_ACTIVE_MECHANICAL_CA_IN_V4_PERIOD,0,True,False,6
HYGN,RESOLVED_NO_MECHANICAL_DISCONTINUITY,KSEI_COMPLETE_HISTORY_NO_ACTIVE_MECHANICAL_CA_IN_V4_PERIOD,0,True,False,6
IATA,PRICE_CONTINUITY_UNRESOLVED_EFFECTIVE_DATE,KSEI_ACTIVE_MECHANICAL_OR_UNKNOWN_CA_IN_V4_PERIOD:MANDATORY_CONVERSION|RIGHTS_HMETD,3,True,False,33
IBOS,PRICE_CONTINUITY_UNRESOLVED_COVERAGE,KSEI_REGISTERED_SECURITY_HISTORY_NOT_CERTIFIED,0,False,False,0
ICBP,PRICE_CONTINUITY_UNRESOLVED_COVERAGE,KSEI_REGISTERED_SECURITY_HISTORY_NOT_CERTIFIED,0,False,False,0
ICON,RESOLVED_NO_MECHANICAL_DISCONTINUITY,KSEI_COMPLETE_HISTORY_NO_ACTIVE_MECHANICAL_CA_IN_V4_PERIOD,0,True,False,33
IDEA,RESOLVED_NO_MECHANICAL_DISCONTINUITY,KSEI_COMPLETE_HISTORY_NO_ACTIVE_MECHANICAL_CA_IN_V4_PERIOD,0,True,False,11
IKAI,RESOLVED_NO_MECHANICAL_DISCONTINUITY,KSEI_COMPLETE_HISTORY_NO_ACTIVE_MECHANICAL_CA_IN_V4_PERIOD,0,True,False,44
IKAN,RESOLVED_NO_MECHANICAL_DISCONTINUITY,KSEI_COMPLETE_HISTORY_NO_ACTIVE_MECHANICAL_CA_IN_V4_PERIOD,0,True,False,8
IKPM,RESOLVED_NO_MECHANICAL_DISCONTINUITY,KSEI_COMPLETE_HISTORY_NO_ACTIVE_MECHANICAL_CA_IN_V4_PERIOD,0,True,False,5
IMAS,RESOLVED_NO_MECHANICAL_DISCONTINUITY,KSEI_COMPLETE_HISTORY_NO_ACTIVE_MECHANICAL_CA_IN_V4_PERIOD,0,True,False,49
IMJS,PRICE_CONTINUITY_UNRESOLVED_EFFECTIVE_DATE,KSEI_ACTIVE_MECHANICAL_OR_UNKNOWN_CA_IN_V4_PERIOD:RIGHTS_HMETD,1,True,False,29
IMPC,RESOLVED_NO_MECHANICAL_DISCONTINUITY,KSEI_COMPLETE_HISTORY_NO_ACTIVE_MECHANICAL_CA_IN_V4_PERIOD,0,True,False,24
INCO,PRICE_CONTINUITY_UNRESOLVED_EFFECTIVE_DATE,KSEI_ACTIVE_MECHANICAL_OR_UNKNOWN_CA_IN_V4_PERIOD:RIGHTS_HMETD,1,True,False,93
INDF,RESOLVED_NO_MECHANICAL_DISCONTINUITY,KSEI_COMPLETE_HISTORY_NO_ACTIVE_MECHANICAL_CA_IN_V4_PERIOD,0,True,False,57
INDO,RESOLVED_NO_MECHANICAL_DISCONTINUITY,KSEI_COMPLETE_HISTORY_NO_ACTIVE_MECHANICAL_CA_IN_V4_PERIOD,0,True,False,8
INDS,PRICE_CONTINUITY_UNRESOLVED_EFFECTIVE_DATE,KSEI_ACTIVE_MECHANICAL_OR_UNKNOWN_CA_IN_V4_PERIOD:MANDATORY_CONVERSION,1,True,False,53
INDX,RESOLVED_NO_MECHANICAL_DISCONTINUITY,KSEI_COMPLETE_HISTORY_NO_ACTIVE_MECHANICAL_CA_IN_V4_PERIOD,0,True,False,40
INDY,RESOLVED_NO_MECHANICAL_DISCONTINUITY,KSEI_COMPLETE_HISTORY_NO_ACTIVE_MECHANICAL_CA_IN_V4_PERIOD,0,True,False,37
INET,PRICE_CONTINUITY_UNRESOLVED_EFFECTIVE_DATE,KSEI_ACTIVE_MECHANICAL_OR_UNKNOWN_CA_IN_V4_PERIOD:RIGHTS_HMETD,1,True,False,9
INKP,RESOLVED_NO_MECHANICAL_DISCONTINUITY,KSEI_COMPLETE_HISTORY_NO_ACTIVE_MECHANICAL_CA_IN_V4_PERIOD,0,True,False,41
INOV,RESOLVED_NO_MECHANICAL_DISCONTINUITY,KSEI_COMPLETE_HISTORY_NO_ACTIVE_MECHANICAL_CA_IN_V4_PERIOD,0,True,False,12
INPC,RESOLVED_NO_MECHANICAL_DISCONTINUITY,KSEI_COMPLETE_HISTORY_NO_ACTIVE_MECHANICAL_CA_IN_V4_PERIOD,0,True,False,47
INPP,RESOLVED_NO_MECHANICAL_DISCONTINUITY,KSEI_COMPLETE_HISTORY_NO_ACTIVE_MECHANICAL_CA_IN_V4_PERIOD,0,True,False,39
INTP,RESOLVED_NO_MECHANICAL_DISCONTINUITY,KSEI_COMPLETE_HISTORY_NO_ACTIVE_MECHANICAL_CA_IN_V4_PERIOD,0,True,False,57
IOTF,RESOLVED_NO_MECHANICAL_DISCONTINUITY,KSEI_COMPLETE_HISTORY_NO_ACTIVE_MECHANICAL_CA_IN_V4_PERIOD,0,True,False,3
IPCC,RESOLVED_NO_MECHANICAL_DISCONTINUITY,KSEI_COMPLETE_HISTORY_NO_ACTIVE_MECHANICAL_CA_IN_V4_PERIOD,0,True,False,34
IPTV,RESOLVED_NO_MECHANICAL_DISCONTINUITY,KSEI_COMPLETE_HISTORY_NO_ACTIVE_MECHANICAL_CA_IN_V4_PERIOD,0,True,False,9
IRRA,RESOLVED_NO_MECHANICAL_DISCONTINUITY,KSEI_COMPLETE_HISTORY_NO_ACTIVE_MECHANICAL_CA_IN_V4_PERIOD,0,True,False,11
IRSX,PRICE_CONTINUITY_UNRESOLVED_EFFECTIVE_DATE,KSEI_ACTIVE_MECHANICAL_OR_UNKNOWN_CA_IN_V4_PERIOD:MANDATORY_CONVERSION,1,True,False,9
ISAP,PRICE_CONTINUITY_UNRESOLVED_COVERAGE,KSEI_REGISTERED_SECURITY_HISTORY_NOT_CERTIFIED,0,False,False,0
ISAT,PRICE_CONTINUITY_UNRESOLVED_COVERAGE,KSEI_REGISTERED_SECURITY_HISTORY_NOT_CERTIFIED,0,False,True,0
ISEA,RESOLVED_NO_MECHANICAL_DISCONTINUITY,KSEI_COMPLETE_HISTORY_NO_ACTIVE_MECHANICAL_CA_IN_V4_PERIOD,0,True,False,2
ISSP,RESOLVED_NO_MECHANICAL_DISCONTINUITY,KSEI_COMPLETE_HISTORY_NO_ACTIVE_MECHANICAL_CA_IN_V4_PERIOD,0,True,False,26
ITIC,RESOLVED_NO_MECHANICAL_DISCONTINUITY,KSEI_COMPLETE_HISTORY_NO_ACTIVE_MECHANICAL_CA_IN_V4_PERIOD,0,True,False,11
ITMA,RESOLVED_NO_MECHANICAL_DISCONTINUITY,KSEI_COMPLETE_HISTORY_NO_ACTIVE_MECHANICAL_CA_IN_V4_PERIOD,0,True,False,37
ITMG,RESOLVED_NO_MECHANICAL_DISCONTINUITY,KSEI_COMPLETE_HISTORY_NO_ACTIVE_MECHANICAL_CA_IN_V4_PERIOD,0,True,False,60
JARR,PRICE_CONTINUITY_UNRESOLVED_EFFECTIVE_DATE,KSEI_ACTIVE_MECHANICAL_OR_UNKNOWN_CA_IN_V4_PERIOD:MANDATORY_CONVERSION,1,True,False,11
JAST,RESOLVED_NO_MECHANICAL_DISCONTINUITY,KSEI_COMPLETE_HISTORY_NO_ACTIVE_MECHANICAL_CA_IN_V4_PERIOD,0,True,False,18
JATI,RESOLVED_NO_MECHANICAL_DISCONTINUITY,KSEI_COMPLETE_HISTORY_NO_ACTIVE_MECHANICAL_CA_IN_V4_PERIOD,0,True,False,11
JAYA,RESOLVED_NO_MECHANICAL_DISCONTINUITY,KSEI_COMPLETE_HISTORY_NO_ACTIVE_MECHANICAL_CA_IN_V4_PERIOD,0,True,False,24
JGLE,RESOLVED_NO_MECHANICAL_DISCONTINUITY,KSEI_COMPLETE_HISTORY_NO_ACTIVE_MECHANICAL_CA_IN_V4_PERIOD,0,True,False,13
JIHD,RESOLVED_NO_MECHANICAL_DISCONTINUITY,KSEI_COMPLETE_HISTORY_NO_ACTIVE_MECHANICAL_CA_IN_V4_PERIOD,0,True,False,32
JKON,RESOLVED_NO_MECHANICAL_DISCONTINUITY,KSEI_COMPLETE_HISTORY_NO_ACTIVE_MECHANICAL_CA_IN_V4_PERIOD,0,True,False,42
JMAS,RESOLVED_NO_MECHANICAL_DISCONTINUITY,KSEI_COMPLETE_HISTORY_NO_ACTIVE_MECHANICAL_CA_IN_V4_PERIOD,0,True,False,12
JPFA,PRICE_CONTINUITY_UNRESOLVED_COVERAGE,KSEI_REGISTERED_SECURITY_HISTORY_NOT_CERTIFIED,0,False,False,0
JRPT,RESOLVED_NO_MECHANICAL_DISCONTINUITY,KSEI_COMPLETE_HISTORY_NO_ACTIVE_MECHANICAL_CA_IN_V4_PERIOD,0,True,False,54
JSMR,RESOLVED_NO_MECHANICAL_DISCONTINUITY,KSEI_COMPLETE_HISTORY_NO_ACTIVE_MECHANICAL_CA_IN_V4_PERIOD,0,True,False,50
JSPT,RESOLVED_NO_MECHANICAL_DISCONTINUITY,KSEI_COMPLETE_HISTORY_NO_ACTIVE_MECHANICAL_CA_IN_V4_PERIOD,0,True,False,47
JTPE,RESOLVED_NO_MECHANICAL_DISCONTINUITY,KSEI_COMPLETE_HISTORY_NO_ACTIVE_MECHANICAL_CA_IN_V4_PERIOD,0,True,False,57
KAEF,RESOLVED_NO_MECHANICAL_DISCONTINUITY,KSEI_COMPLETE_HISTORY_NO_ACTIVE_MECHANICAL_CA_IN_V4_PERIOD,0,True,False,64
KAQI,RESOLVED_NO_MECHANICAL_DISCONTINUITY,KSEI_COMPLETE_HISTORY_NO_ACTIVE_MECHANICAL_CA_IN_V4_PERIOD,0,True,False,3
KARW,PRICE_CONTINUITY_UNRESOLVED_EFFECTIVE_DATE,KSEI_ACTIVE_MECHANICAL_OR_UNKNOWN_CA_IN_V4_PERIOD:MANDATORY_CONVERSION,1,True,False,40
KAYU,RESOLVED_NO_MECHANICAL_DISCONTINUITY,KSEI_COMPLETE_HISTORY_NO_ACTIVE_MECHANICAL_CA_IN_V4_PERIOD,0,True,False,9
KBLV,RESOLVED_NO_MECHANICAL_DISCONTINUITY,KSEI_COMPLETE_HISTORY_NO_ACTIVE_MECHANICAL_CA_IN_V4_PERIOD,0,True,False,42
KDTN,RESOLVED_NO_MECHANICAL_DISCONTINUITY,KSEI_COMPLETE_HISTORY_NO_ACTIVE_MECHANICAL_CA_IN_V4_PERIOD,0,True,False,8
KEEN,RESOLVED_NO_MECHANICAL_DISCONTINUITY,KSEI_COMPLETE_HISTORY_NO_ACTIVE_MECHANICAL_CA_IN_V4_PERIOD,0,True,False,17
KEJU,PRICE_CONTINUITY_UNRESOLVED_COVERAGE,KSEI_REGISTERED_SECURITY_HISTORY_NOT_CERTIFIED,0,False,False,0
KETR,PRICE_CONTINUITY_UNRESOLVED_EFFECTIVE_DATE,KSEI_ACTIVE_MECHANICAL_OR_UNKNOWN_CA_IN_V4_PERIOD:MANDATORY_CONVERSION,2,True,False,7
KIJA,RESOLVED_NO_MECHANICAL_DISCONTINUITY,KSEI_COMPLETE_HISTORY_NO_ACTIVE_MECHANICAL_CA_IN_V4_PERIOD,0,True,False,51
KIOS,RESOLVED_NO_MECHANICAL_DISCONTINUITY,KSEI_COMPLETE_HISTORY_NO_ACTIVE_MECHANICAL_CA_IN_V4_PERIOD,0,True,False,17
KJEN,RESOLVED_NO_MECHANICAL_DISCONTINUITY,KSEI_COMPLETE_HISTORY_NO_ACTIVE_MECHANICAL_CA_IN_V4_PERIOD,0,True,False,8
KKGI,PRICE_CONTINUITY_UNRESOLVED_EFFECTIVE_DATE,KSEI_ACTIVE_MECHANICAL_OR_UNKNOWN_CA_IN_V4_PERIOD:STOCK_DIVIDEND|UNKNOWN,3,True,False,64
KLAS,PRICE_CONTINUITY_UNRESOLVED_EFFECTIVE_DATE,KSEI_ACTIVE_MECHANICAL_OR_UNKNOWN_CA_IN_V4_PERIOD:RIGHTS_HMETD|STOCK_DIVIDEND,2,True,False,8
KLBF,RESOLVED_NO_MECHANICAL_DISCONTINUITY,KSEI_COMPLETE_HISTORY_NO_ACTIVE_MECHANICAL_CA_IN_V4_PERIOD,0,True,False,59
KLIN,PRICE_CONTINUITY_UNRESOLVED_EFFECTIVE_DATE,KSEI_ACTIVE_MECHANICAL_OR_UNKNOWN_CA_IN_V4_PERIOD:MANDATORY_CONVERSION,1,True,False,6
KOCI,RESOLVED_NO_MECHANICAL_DISCONTINUITY,KSEI_COMPLETE_HISTORY_NO_ACTIVE_MECHANICAL_CA_IN_V4_PERIOD,0,True,False,6
KOKA,RESOLVED_NO_MECHANICAL_DISCONTINUITY,KSEI_COMPLETE_HISTORY_NO_ACTIVE_MECHANICAL_CA_IN_V4_PERIOD,0,True,False,8
KOTA,RESOLVED_NO_MECHANICAL_DISCONTINUITY,KSEI_COMPLETE_HISTORY_NO_ACTIVE_MECHANICAL_CA_IN_V4_PERIOD,0,True,False,8
KPIG,RESOLVED_NO_MECHANICAL_DISCONTINUITY,KSEI_COMPLETE_HISTORY_NO_ACTIVE_MECHANICAL_CA_IN_V4_PERIOD,0,True,False,48
KRAS,PRICE_CONTINUITY_UNRESOLVED_COVERAGE,KSEI_REGISTERED_SECURITY_HISTORY_NOT_CERTIFIED,0,False,False,0
KRYA,PRICE_CONTINUITY_UNRESOLVED_EFFECTIVE_DATE,KSEI_ACTIVE_MECHANICAL_OR_UNKNOWN_CA_IN_V4_PERIOD:MANDATORY_CONVERSION,1,True,False,11
KSIX,RESOLVED_NO_MECHANICAL_DISCONTINUITY,KSEI_COMPLETE_HISTORY_NO_ACTIVE_MECHANICAL_CA_IN_V4_PERIOD,0,True,False,2
KUAS,RESOLVED_NO_MECHANICAL_DISCONTINUITY,KSEI_COMPLETE_HISTORY_NO_ACTIVE_MECHANICAL_CA_IN_V4_PERIOD,0,True,False,12
LABA,PRICE_CONTINUITY_UNRESOLVED_EFFECTIVE_DATE,KSEI_ACTIVE_MECHANICAL_OR_UNKNOWN_CA_IN_V4_PERIOD:MANDATORY_CONVERSION,1,True,False,13
LABS,RESOLVED_NO_MECHANICAL_DISCONTINUITY,KSEI_COMPLETE_HISTORY_NO_ACTIVE_MECHANICAL_CA_IN_V4_PERIOD,0,True,False,5
LAJU,RESOLVED_NO_MECHANICAL_DISCONTINUITY,KSEI_COMPLETE_HISTORY_NO_ACTIVE_MECHANICAL_CA_IN_V4_PERIOD,0,True,False,10
LAND,RESOLVED_NO_MECHANICAL_DISCONTINUITY,KSEI_COMPLETE_HISTORY_NO_ACTIVE_MECHANICAL_CA_IN_V4_PERIOD,0,True,False,11
LAPD,PRICE_CONTINUITY_UNRESOLVED_EFFECTIVE_DATE,KSEI_ACTIVE_MECHANICAL_OR_UNKNOWN_CA_IN_V4_PERIOD:MANDATORY_CONVERSION,1,True,False,40
LCKM,RESOLVED_NO_MECHANICAL_DISCONTINUITY,KSEI_COMPLETE_HISTORY_NO_ACTIVE_MECHANICAL_CA_IN_V4_PERIOD,0,True,False,16
LEAD,RESOLVED_NO_MECHANICAL_DISCONTINUITY,KSEI_COMPLETE_HISTORY_NO_ACTIVE_MECHANICAL_CA_IN_V4_PERIOD,0,True,False,20
LIVE,RESOLVED_NO_MECHANICAL_DISCONTINUITY,KSEI_COMPLETE_HISTORY_NO_ACTIVE_MECHANICAL_CA_IN_V4_PERIOD,0,True,False,3
LMAX,RESOLVED_NO_MECHANICAL_DISCONTINUITY,KSEI_COMPLETE_HISTORY_NO_ACTIVE_MECHANICAL_CA_IN_V4_PERIOD,0,True,False,3
LOPI,RESOLVED_NO_MECHANICAL_DISCONTINUITY,KSEI_COMPLETE_HISTORY_NO_ACTIVE_MECHANICAL_CA_IN_V4_PERIOD,0,True,False,6
LPCK,PRICE_CONTINUITY_UNRESOLVED_EFFECTIVE_DATE,KSEI_ACTIVE_MECHANICAL_OR_UNKNOWN_CA_IN_V4_PERIOD:RIGHTS_HMETD,1,True,False,41
LPKR,RESOLVED_NO_MECHANICAL_DISCONTINUITY,KSEI_COMPLETE_HISTORY_NO_ACTIVE_MECHANICAL_CA_IN_V4_PERIOD,0,True,False,57
LPPF,RESOLVED_NO_MECHANICAL_DISCONTINUITY,KSEI_COMPLETE_HISTORY_NO_ACTIVE_MECHANICAL_CA_IN_V4_PERIOD,0,True,False,55
LPPS,RESOLVED_NO_MECHANICAL_DISCONTINUITY,KSEI_COMPLETE_HISTORY_NO_ACTIVE_MECHANICAL_CA_IN_V4_PERIOD,0,True,False,32
LSIP,RESOLVED_NO_MECHANICAL_DISCONTINUITY,KSEI_COMPLETE_HISTORY_NO_ACTIVE_MECHANICAL_CA_IN_V4_PERIOD,0,True,False,51
LUCK,RESOLVED_NO_MECHANICAL_DISCONTINUITY,KSEI_COMPLETE_HISTORY_NO_ACTIVE_MECHANICAL_CA_IN_V4_PERIOD,0,True,False,9
LUCY,PRICE_CONTINUITY_UNRESOLVED_EFFECTIVE_DATE,KSEI_ACTIVE_MECHANICAL_OR_UNKNOWN_CA_IN_V4_PERIOD:RIGHTS_HMETD,1,True,False,15
MAHA,RESOLVED_NO_MECHANICAL_DISCONTINUITY,KSEI_COMPLETE_HISTORY_NO_ACTIVE_MECHANICAL_CA_IN_V4_PERIOD,0,True,False,7
MAIN,RESOLVED_NO_MECHANICAL_DISCONTINUITY,KSEI_COMPLETE_HISTORY_NO_ACTIVE_MECHANICAL_CA_IN_V4_PERIOD,0,True,False,44
MANG,RESOLVED_NO_MECHANICAL_DISCONTINUITY,KSEI_COMPLETE_HISTORY_NO_ACTIVE_MECHANICAL_CA_IN_V4_PERIOD,0,True,False,5
MAPA,PRICE_CONTINUITY_UNRESOLVED_COVERAGE,KSEI_REGISTERED_SECURITY_HISTORY_NOT_CERTIFIED,0,False,False,0
MAPI,PRICE_CONTINUITY_UNRESOLVED_COVERAGE,KSEI_REGISTERED_SECURITY_HISTORY_NOT_CERTIFIED,0,False,False,0
MARI,RESOLVED_NO_MECHANICAL_DISCONTINUITY,KSEI_COMPLETE_HISTORY_NO_ACTIVE_MECHANICAL_CA_IN_V4_PERIOD,0,True,False,18
MARK,RESOLVED_NO_MECHANICAL_DISCONTINUITY,KSEI_COMPLETE_HISTORY_NO_ACTIVE_MECHANICAL_CA_IN_V4_PERIOD,0,True,False,25
MAXI,RESOLVED_NO_MECHANICAL_DISCONTINUITY,KSEI_COMPLETE_HISTORY_NO_ACTIVE_MECHANICAL_CA_IN_V4_PERIOD,0,True,False,4
MAYA,PRICE_CONTINUITY_UNRESOLVED_EFFECTIVE_DATE,KSEI_ACTIVE_MECHANICAL_OR_UNKNOWN_CA_IN_V4_PERIOD:RIGHTS_HMETD,1,True,False,81
MBMA,RESOLVED_NO_MECHANICAL_DISCONTINUITY,KSEI_COMPLETE_HISTORY_NO_ACTIVE_MECHANICAL_CA_IN_V4_PERIOD,0,True,False,7
MBSS,RESOLVED_NO_MECHANICAL_DISCONTINUITY,KSEI_COMPLETE_HISTORY_NO_ACTIVE_MECHANICAL_CA_IN_V4_PERIOD,0,True,False,25
MBTO,RESOLVED_NO_MECHANICAL_DISCONTINUITY,KSEI_COMPLETE_HISTORY_NO_ACTIVE_MECHANICAL_CA_IN_V4_PERIOD,0,True,False,21
MDIA,RESOLVED_NO_MECHANICAL_DISCONTINUITY,KSEI_COMPLETE_HISTORY_NO_ACTIVE_MECHANICAL_CA_IN_V4_PERIOD,0,True,False,22
MDIY,RESOLVED_NO_MECHANICAL_DISCONTINUITY,KSEI_COMPLETE_HISTORY_NO_ACTIVE_MECHANICAL_CA_IN_V4_PERIOD,0,True,False,3
MDKA,RESOLVED_NO_MECHANICAL_DISCONTINUITY,KSEI_COMPLETE_HISTORY_NO_ACTIVE_MECHANICAL_CA_IN_V4_PERIOD,0,True,False,22
MDLA,RESOLVED_NO_MECHANICAL_DISCONTINUITY,KSEI_COMPLETE_HISTORY_NO_ACTIVE_MECHANICAL_CA_IN_V4_PERIOD,0,True,False,4
MDLN,RESOLVED_NO_MECHANICAL_DISCONTINUITY,KSEI_COMPLETE_HISTORY_NO_ACTIVE_MECHANICAL_CA_IN_V4_PERIOD,0,True,False,43
MEDC,RESOLVED_NO_MECHANICAL_DISCONTINUITY,KSEI_COMPLETE_HISTORY_NO_ACTIVE_MECHANICAL_CA_IN_V4_PERIOD,0,True,False,68
MEDS,RESOLVED_NO_MECHANICAL_DISCONTINUITY,KSEI_COMPLETE_HISTORY_NO_ACTIVE_MECHANICAL_CA_IN_V4_PERIOD,0,True,False,6
MEJA,PRICE_CONTINUITY_UNRESOLVED_EFFECTIVE_DATE,KSEI_ACTIVE_MECHANICAL_OR_UNKNOWN_CA_IN_V4_PERIOD:MANDATORY_CONVERSION|RIGHTS_HMETD|STOCK_DIVIDEND,3,True,False,7
MENN,PRICE_CONTINUITY_UNRESOLVED_EFFECTIVE_DATE,KSEI_ACTIVE_MECHANICAL_OR_UNKNOWN_CA_IN_V4_PERIOD:MANDATORY_CONVERSION,1,True,False,6
MERI,RESOLVED_NO_MECHANICAL_DISCONTINUITY,KSEI_COMPLETE_HISTORY_NO_ACTIVE_MECHANICAL_CA_IN_V4_PERIOD,0,True,False,2
MFIN,PRICE_CONTINUITY_UNRESOLVED_EFFECTIVE_DATE,KSEI_ACTIVE_MECHANICAL_OR_UNKNOWN_CA_IN_V4_PERIOD:MANDATORY_CONVERSION|RIGHTS_HMETD,6,True,False,56
MGLV,PRICE_CONTINUITY_UNRESOLVED_EFFECTIVE_DATE,KSEI_ACTIVE_MECHANICAL_OR_UNKNOWN_CA_IN_V4_PERIOD:MANDATORY_CONVERSION,1,True,False,14
MGNA,RESOLVED_NO_MECHANICAL_DISCONTINUITY,KSEI_COMPLETE_HISTORY_NO_ACTIVE_MECHANICAL_CA_IN_V4_PERIOD,0,True,False,19
MGRO,RESOLVED_NO_MECHANICAL_DISCONTINUITY,KSEI_COMPLETE_HISTORY_NO_ACTIVE_MECHANICAL_CA_IN_V4_PERIOD,0,True,False,12
MHKI,RESOLVED_NO_MECHANICAL_DISCONTINUITY,KSEI_COMPLETE_HISTORY_NO_ACTIVE_MECHANICAL_CA_IN_V4_PERIOD,0,True,False,7
MIDI,PRICE_CONTINUITY_UNRESOLVED_COVERAGE,KSEI_REGISTERED_SECURITY_HISTORY_NOT_CERTIFIED,0,False,False,0
MIKA,PRICE_CONTINUITY_UNRESOLVED_COVERAGE,KSEI_REGISTERED_SECURITY_HISTORY_NOT_CERTIFIED,0,False,False,0
MINA,PRICE_CONTINUITY_UNRESOLVED_COVERAGE,KSEI_REGISTERED_SECURITY_HISTORY_NOT_CERTIFIED,0,False,False,0
MINE,RESOLVED_NO_MECHANICAL_DISCONTINUITY,KSEI_COMPLETE_HISTORY_NO_ACTIVE_MECHANICAL_CA_IN_V4_PERIOD,0,True,False,5
MITI,RESOLVED_NO_MECHANICAL_DISCONTINUITY,KSEI_COMPLETE_HISTORY_NO_ACTIVE_MECHANICAL_CA_IN_V4_PERIOD,0,True,False,65
MKAP,RESOLVED_NO_MECHANICAL_DISCONTINUITY,KSEI_COMPLETE_HISTORY_NO_ACTIVE_MECHANICAL_CA_IN_V4_PERIOD,0,True,False,5
MKPI,RESOLVED_NO_MECHANICAL_DISCONTINUITY,KSEI_COMPLETE_HISTORY_NO_ACTIVE_MECHANICAL_CA_IN_V4_PERIOD,0,True,False,37
MLBI,RESOLVED_NO_MECHANICAL_DISCONTINUITY,KSEI_COMPLETE_HISTORY_NO_ACTIVE_MECHANICAL_CA_IN_V4_PERIOD,0,True,False,93
MLIA,RESOLVED_NO_MECHANICAL_DISCONTINUITY,KSEI_COMPLETE_HISTORY_NO_ACTIVE_MECHANICAL_CA_IN_V4_PERIOD,0,True,False,31
MLPL,RESOLVED_NO_MECHANICAL_DISCONTINUITY,KSEI_COMPLETE_HISTORY_NO_ACTIVE_MECHANICAL_CA_IN_V4_PERIOD,0,True,False,50
MLPT,PRICE_CONTINUITY_UNRESOLVED_EFFECTIVE_DATE,KSEI_ACTIVE_MECHANICAL_OR_UNKNOWN_CA_IN_V4_PERIOD:MANDATORY_CONVERSION,1,True,True,37
MMIX,PRICE_CONTINUITY_UNRESOLVED_EFFECTIVE_DATE,KSEI_ACTIVE_MECHANICAL_OR_UNKNOWN_CA_IN_V4_PERIOD:RIGHTS_HMETD,1,True,False,11
MMLP,PRICE_CONTINUITY_UNRESOLVED_EFFECTIVE_DATE,KSEI_ACTIVE_MECHANICAL_OR_UNKNOWN_CA_IN_V4_PERIOD:MANDATORY_CONVERSION,2,True,False,24
MNCN,RESOLVED_NO_MECHANICAL_DISCONTINUITY,KSEI_COMPLETE_HISTORY_NO_ACTIVE_MECHANICAL_CA_IN_V4_PERIOD,0,True,False,44
MOLI,RESOLVED_NO_MECHANICAL_DISCONTINUITY,KSEI_COMPLETE_HISTORY_NO_ACTIVE_MECHANICAL_CA_IN_V4_PERIOD,0,True,False,18
MORA,PRICE_CONTINUITY_UNRESOLVED_EFFECTIVE_DATE,KSEI_ACTIVE_MECHANICAL_OR_UNKNOWN_CA_IN_V4_PERIOD:MANDATORY_CONVERSION,1,True,False,8
MPIX,RESOLVED_NO_MECHANICAL_DISCONTINUITY,KSEI_COMPLETE_HISTORY_NO_ACTIVE_MECHANICAL_CA_IN_V4_PERIOD,0,True,False,4
MPMX,RESOLVED_NO_MECHANICAL_DISCONTINUITY,KSEI_COMPLETE_HISTORY_NO_ACTIVE_MECHANICAL_CA_IN_V4_PERIOD,0,True,False,36
MPOW,RESOLVED_NO_MECHANICAL_DISCONTINUITY,KSEI_COMPLETE_HISTORY_NO_ACTIVE_MECHANICAL_CA_IN_V4_PERIOD,0,True,False,10
MPPA,PRICE_CONTINUITY_UNRESOLVED_EFFECTIVE_DATE,KSEI_ACTIVE_MECHANICAL_OR_UNKNOWN_CA_IN_V4_PERIOD:RIGHTS_HMETD,1,True,False,66
MPRO,RESOLVED_NO_MECHANICAL_DISCONTINUITY,KSEI_COMPLETE_HISTORY_NO_ACTIVE_MECHANICAL_CA_IN_V4_PERIOD,0,True,False,14
MPXL,RESOLVED_NO_MECHANICAL_DISCONTINUITY,KSEI_COMPLETE_HISTORY_NO_ACTIVE_MECHANICAL_CA_IN_V4_PERIOD,0,True,False,9
MRAT,RESOLVED_NO_MECHANICAL_DISCONTINUITY,KSEI_COMPLETE_HISTORY_NO_ACTIVE_MECHANICAL_CA_IN_V4_PERIOD,0,True,False,40
MSIN,PRICE_CONTINUITY_UNRESOLVED_EFFECTIVE_DATE,KSEI_ACTIVE_MECHANICAL_OR_UNKNOWN_CA_IN_V4_PERIOD:MANDATORY_CONVERSION,1,True,False,19
MSJA,PRICE_CONTINUITY_UNRESOLVED_COVERAGE,KSEI_REGISTERED_SECURITY_HISTORY_NOT_CERTIFIED,0,False,False,0
MSKY,RESOLVED_NO_MECHANICAL_DISCONTINUITY,KSEI_COMPLETE_HISTORY_NO_ACTIVE_MECHANICAL_CA_IN_V4_PERIOD,0,True,False,25
MSTI,RESOLVED_NO_MECHANICAL_DISCONTINUITY,KSEI_COMPLETE_HISTORY_NO_ACTIVE_MECHANICAL_CA_IN_V4_PERIOD,0,True,False,7
MTDL,RESOLVED_NO_MECHANICAL_DISCONTINUITY,KSEI_COMPLETE_HISTORY_NO_ACTIVE_MECHANICAL_CA_IN_V4_PERIOD,0,True,False,58
MTEL,PRICE_CONTINUITY_UNRESOLVED_EFFECTIVE_DATE,KSEI_ACTIVE_MECHANICAL_OR_UNKNOWN_CA_IN_V4_PERIOD:MANDATORY_CONVERSION,1,True,False,15
MTFN,RESOLVED_NO_MECHANICAL_DISCONTINUITY,KSEI_COMPLETE_HISTORY_NO_ACTIVE_MECHANICAL_CA_IN_V4_PERIOD,0,True,False,51
MTMH,RESOLVED_NO_MECHANICAL_DISCONTINUITY,KSEI_COMPLETE_HISTORY_NO_ACTIVE_MECHANICAL_CA_IN_V4_PERIOD,0,True,False,8
MUTU,RESOLVED_NO_MECHANICAL_DISCONTINUITY,KSEI_COMPLETE_HISTORY_NO_ACTIVE_MECHANICAL_CA_IN_V4_PERIOD,0,True,False,9
MYOR,RESOLVED_NO_MECHANICAL_DISCONTINUITY,KSEI_COMPLETE_HISTORY_NO_ACTIVE_MECHANICAL_CA_IN_V4_PERIOD,0,True,False,54
NAIK,RESOLVED_NO_MECHANICAL_DISCONTINUITY,KSEI_COMPLETE_HISTORY_NO_ACTIVE_MECHANICAL_CA_IN_V4_PERIOD,0,True,False,5
NANO,RESOLVED_NO_MECHANICAL_DISCONTINUITY,KSEI_COMPLETE_HISTORY_NO_ACTIVE_MECHANICAL_CA_IN_V4_PERIOD,0,True,False,6
NASI,PRICE_CONTINUITY_UNRESOLVED_COVERAGE,KSEI_REGISTERED_SECURITY_HISTORY_NOT_CERTIFIED,0,False,False,0
NATO,PRICE_CONTINUITY_UNRESOLVED_EFFECTIVE_DATE,KSEI_ACTIVE_MECHANICAL_OR_UNKNOWN_CA_IN_V4_PERIOD:MANDATORY_CONVERSION,1,True,False,10
NAYZ,PRICE_CONTINUITY_UNRESOLVED_EFFECTIVE_DATE,KSEI_ACTIVE_MECHANICAL_OR_UNKNOWN_CA_IN_V4_PERIOD:MANDATORY_CONVERSION,1,True,False,10
NCKL,RESOLVED_NO_MECHANICAL_DISCONTINUITY,KSEI_COMPLETE_HISTORY_NO_ACTIVE_MECHANICAL_CA_IN_V4_PERIOD,0,True,False,10
NELY,RESOLVED_NO_MECHANICAL_DISCONTINUITY,KSEI_COMPLETE_HISTORY_NO_ACTIVE_MECHANICAL_CA_IN_V4_PERIOD,0,True,False,35
NEST,RESOLVED_NO_MECHANICAL_DISCONTINUITY,KSEI_COMPLETE_HISTORY_NO_ACTIVE_MECHANICAL_CA_IN_V4_PERIOD,0,True,False,2
NETV,PRICE_CONTINUITY_UNRESOLVED_EFFECTIVE_DATE,KSEI_ACTIVE_MECHANICAL_OR_UNKNOWN_CA_IN_V4_PERIOD:MANDATORY_CONVERSION,3,True,False,12
NICE,RESOLVED_NO_MECHANICAL_DISCONTINUITY,KSEI_COMPLETE_HISTORY_NO_ACTIVE_MECHANICAL_CA_IN_V4_PERIOD,0,True,False,7
NICL,RESOLVED_NO_MECHANICAL_DISCONTINUITY,KSEI_COMPLETE_HISTORY_NO_ACTIVE_MECHANICAL_CA_IN_V4_PERIOD,0,True,False,17
NIKL,RESOLVED_NO_MECHANICAL_DISCONTINUITY,KSEI_COMPLETE_HISTORY_NO_ACTIVE_MECHANICAL_CA_IN_V4_PERIOD,0,True,False,26
NINE,PRICE_CONTINUITY_UNRESOLVED_EFFECTIVE_DATE,KSEI_ACTIVE_MECHANICAL_OR_UNKNOWN_CA_IN_V4_PERIOD:MANDATORY_CONVERSION,1,True,False,10
NISP,PRICE_CONTINUITY_UNRESOLVED_EFFECTIVE_DATE,KSEI_ACTIVE_MECHANICAL_OR_UNKNOWN_CA_IN_V4_PERIOD:MANDATORY_CONVERSION,1,True,False,58
NOBU,RESOLVED_NO_MECHANICAL_DISCONTINUITY,KSEI_COMPLETE_HISTORY_NO_ACTIVE_MECHANICAL_CA_IN_V4_PERIOD,0,True,False,25
NPGF,RESOLVED_NO_MECHANICAL_DISCONTINUITY,KSEI_COMPLETE_HISTORY_NO_ACTIVE_MECHANICAL_CA_IN_V4_PERIOD,0,True,False,10
NRCA,RESOLVED_NO_MECHANICAL_DISCONTINUITY,KSEI_COMPLETE_HISTORY_NO_ACTIVE_MECHANICAL_CA_IN_V4_PERIOD,0,True,False,30
NSSS,RESOLVED_NO_MECHANICAL_DISCONTINUITY,KSEI_COMPLETE_HISTORY_NO_ACTIVE_MECHANICAL_CA_IN_V4_PERIOD,0,True,False,9
NTBK,RESOLVED_NO_MECHANICAL_DISCONTINUITY,KSEI_COMPLETE_HISTORY_NO_ACTIVE_MECHANICAL_CA_IN_V4_PERIOD,0,True,False,11
NZIA,RESOLVED_NO_MECHANICAL_DISCONTINUITY,KSEI_COMPLETE_HISTORY_NO_ACTIVE_MECHANICAL_CA_IN_V4_PERIOD,0,True,False,12
OASA,RESOLVED_NO_MECHANICAL_DISCONTINUITY,KSEI_COMPLETE_HISTORY_NO_ACTIVE_MECHANICAL_CA_IN_V4_PERIOD,0,True,False,17
OBAT,RESOLVED_NO_MECHANICAL_DISCONTINUITY,KSEI_COMPLETE_HISTORY_NO_ACTIVE_MECHANICAL_CA_IN_V4_PERIOD,0,True,False,5
OILS,RESOLVED_NO_MECHANICAL_DISCONTINUITY,KSEI_COMPLETE_HISTORY_NO_ACTIVE_MECHANICAL_CA_IN_V4_PERIOD,0,True,False,11
OKAS,RESOLVED_NO_MECHANICAL_DISCONTINUITY,KSEI_COMPLETE_HISTORY_NO_ACTIVE_MECHANICAL_CA_IN_V4_PERIOD,0,True,False,55
OLIV,PRICE_CONTINUITY_UNRESOLVED_COVERAGE,KSEI_REGISTERED_SECURITY_HISTORY_NOT_CERTIFIED,0,False,False,0
OMED,RESOLVED_NO_MECHANICAL_DISCONTINUITY,KSEI_COMPLETE_HISTORY_NO_ACTIVE_MECHANICAL_CA_IN_V4_PERIOD,0,True,False,9
OPMS,RESOLVED_NO_MECHANICAL_DISCONTINUITY,KSEI_COMPLETE_HISTORY_NO_ACTIVE_MECHANICAL_CA_IN_V4_PERIOD,0,True,False,9
PACK,PRICE_CONTINUITY_UNRESOLVED_EFFECTIVE_DATE,KSEI_ACTIVE_MECHANICAL_OR_UNKNOWN_CA_IN_V4_PERIOD:MANDATORY_CONVERSION|RIGHTS_HMETD,2,True,False,10
PADA,PRICE_CONTINUITY_UNRESOLVED_EFFECTIVE_DATE,KSEI_ACTIVE_MECHANICAL_OR_UNKNOWN_CA_IN_V4_PERIOD:MANDATORY_CONVERSION,1,True,False,7
PADI,PRICE_CONTINUITY_UNRESOLVED_EFFECTIVE_DATE,KSEI_ACTIVE_MECHANICAL_OR_UNKNOWN_CA_IN_V4_PERIOD:MANDATORY_CONVERSION|RIGHTS_HMETD,2,True,False,36
PAMG,RESOLVED_NO_MECHANICAL_DISCONTINUITY,KSEI_COMPLETE_HISTORY_NO_ACTIVE_MECHANICAL_CA_IN_V4_PERIOD,0,True,False,10
PANI,PRICE_CONTINUITY_UNRESOLVED_EFFECTIVE_DATE,KSEI_ACTIVE_MECHANICAL_OR_UNKNOWN_CA_IN_V4_PERIOD:RIGHTS_HMETD,2,True,False,19
PANR,PRICE_CONTINUITY_UNRESOLVED_EFFECTIVE_DATE,KSEI_ACTIVE_MECHANICAL_OR_UNKNOWN_CA_IN_V4_PERIOD:RIGHTS_HMETD,1,True,False,46
PART,RESOLVED_NO_MECHANICAL_DISCONTINUITY,KSEI_COMPLETE_HISTORY_NO_ACTIVE_MECHANICAL_CA_IN_V4_PERIOD,0,True,False,6
PBRX,RESOLVED_NO_MECHANICAL_DISCONTINUITY,KSEI_COMPLETE_HISTORY_NO_ACTIVE_MECHANICAL_CA_IN_V4_PERIOD,0,True,False,58
PBSA,RESOLVED_NO_MECHANICAL_DISCONTINUITY,KSEI_COMPLETE_HISTORY_NO_ACTIVE_MECHANICAL_CA_IN_V4_PERIOD,0,True,False,26
PCAR,RESOLVED_NO_MECHANICAL_DISCONTINUITY,KSEI_COMPLETE_HISTORY_NO_ACTIVE_MECHANICAL_CA_IN_V4_PERIOD,0,True,False,12
PDPP,PRICE_CONTINUITY_UNRESOLVED_EFFECTIVE_DATE,KSEI_ACTIVE_MECHANICAL_OR_UNKNOWN_CA_IN_V4_PERIOD:RIGHTS_HMETD|STOCK_DIVIDEND,2,True,False,11
PEGE,PRICE_CONTINUITY_UNRESOLVED_EFFECTIVE_DATE,KSEI_ACTIVE_MECHANICAL_OR_UNKNOWN_CA_IN_V4_PERIOD:RIGHTS_HMETD,1,True,False,42
PEVE,RESOLVED_NO_MECHANICAL_DISCONTINUITY,KSEI_COMPLETE_HISTORY_NO_ACTIVE_MECHANICAL_CA_IN_V4_PERIOD,0,True,False,6
PGAS,RESOLVED_NO_MECHANICAL_DISCONTINUITY,KSEI_COMPLETE_HISTORY_NO_ACTIVE_MECHANICAL_CA_IN_V4_PERIOD,0,True,False,66
PGEO,RESOLVED_NO_MECHANICAL_DISCONTINUITY,KSEI_COMPLETE_HISTORY_NO_ACTIVE_MECHANICAL_CA_IN_V4_PERIOD,0,True,False,13
PGJO,PRICE_CONTINUITY_UNRESOLVED_EFFECTIVE_DATE,KSEI_ACTIVE_MECHANICAL_OR_UNKNOWN_CA_IN_V4_PERIOD:MANDATORY_CONVERSION,1,True,False,16
PGUN,RESOLVED_NO_MECHANICAL_DISCONTINUITY,KSEI_COMPLETE_HISTORY_NO_ACTIVE_MECHANICAL_CA_IN_V4_PERIOD,0,True,False,13
PICO,RESOLVED_NO_MECHANICAL_DISCONTINUITY,KSEI_COMPLETE_HISTORY_NO_ACTIVE_MECHANICAL_CA_IN_V4_PERIOD,0,True,False,35
PIPA,PRICE_CONTINUITY_UNRESOLVED_EFFECTIVE_DATE,KSEI_ACTIVE_MECHANICAL_OR_UNKNOWN_CA_IN_V4_PERIOD:MANDATORY_CONVERSION,1,True,False,7
PJHB,RESOLVED_NO_MECHANICAL_DISCONTINUITY,KSEI_COMPLETE_HISTORY_NO_ACTIVE_MECHANICAL_CA_IN_V4_PERIOD,0,True,False,1
PKPK,RESOLVED_NO_MECHANICAL_DISCONTINUITY,KSEI_COMPLETE_HISTORY_NO_ACTIVE_MECHANICAL_CA_IN_V4_PERIOD,0,True,False,43
PMMP,PRICE_CONTINUITY_UNRESOLVED_COVERAGE,KSEI_REGISTERED_SECURITY_HISTORY_NOT_CERTIFIED,0,False,False,0
PMUI,PRICE_CONTINUITY_UNRESOLVED_COVERAGE,KSEI_REGISTERED_SECURITY_HISTORY_NOT_CERTIFIED,0,False,False,0
PNBN,RESOLVED_NO_MECHANICAL_DISCONTINUITY,KSEI_COMPLETE_HISTORY_NO_ACTIVE_MECHANICAL_CA_IN_V4_PERIOD,0,True,False,42
PNBS,RESOLVED_NO_MECHANICAL_DISCONTINUITY,KSEI_COMPLETE_HISTORY_NO_ACTIVE_MECHANICAL_CA_IN_V4_PERIOD,0,True,False,21
PNIN,RESOLVED_NO_MECHANICAL_DISCONTINUITY,KSEI_COMPLETE_HISTORY_NO_ACTIVE_MECHANICAL_CA_IN_V4_PERIOD,0,True,False,35
PNLF,RESOLVED_NO_MECHANICAL_DISCONTINUITY,KSEI_COMPLETE_HISTORY_NO_ACTIVE_MECHANICAL_CA_IN_V4_PERIOD,0,True,False,36
POLA,RESOLVED_NO_MECHANICAL_DISCONTINUITY,KSEI_COMPLETE_HISTORY_NO_ACTIVE_MECHANICAL_CA_IN_V4_PERIOD,0,True,False,11
POWR,RESOLVED_NO_MECHANICAL_DISCONTINUITY,KSEI_COMPLETE_HISTORY_NO_ACTIVE_MECHANICAL_CA_IN_V4_PERIOD,0,True,False,38
PPGL,RESOLVED_NO_MECHANICAL_DISCONTINUITY,KSEI_COMPLETE_HISTORY_NO_ACTIVE_MECHANICAL_CA_IN_V4_PERIOD,0,True,False,22
PPRE,RESOLVED_NO_MECHANICAL_DISCONTINUITY,KSEI_COMPLETE_HISTORY_NO_ACTIVE_MECHANICAL_CA_IN_V4_PERIOD,0,True,False,21
PPRI,RESOLVED_NO_MECHANICAL_DISCONTINUITY,KSEI_COMPLETE_HISTORY_NO_ACTIVE_MECHANICAL_CA_IN_V4_PERIOD,0,True,False,5
PPRO,RESOLVED_NO_MECHANICAL_DISCONTINUITY,KSEI_COMPLETE_HISTORY_NO_ACTIVE_MECHANICAL_CA_IN_V4_PERIOD,0,True,False,27
PRDA,RESOLVED_NO_MECHANICAL_DISCONTINUITY,KSEI_COMPLETE_HISTORY_NO_ACTIVE_MECHANICAL_CA_IN_V4_PERIOD,0,True,False,22
PRIM,PRICE_CONTINUITY_UNRESOLVED_COVERAGE,KSEI_REGISTERED_SECURITY_HISTORY_NOT_CERTIFIED,0,False,False,0
PSAB,PRICE_CONTINUITY_UNRESOLVED_COVERAGE,KSEI_REGISTERED_SECURITY_HISTORY_NOT_CERTIFIED,0,False,False,0
PSAT,RESOLVED_NO_MECHANICAL_DISCONTINUITY,KSEI_COMPLETE_HISTORY_NO_ACTIVE_MECHANICAL_CA_IN_V4_PERIOD,0,True,False,1
PSDN,RESOLVED_NO_MECHANICAL_DISCONTINUITY,KSEI_COMPLETE_HISTORY_NO_ACTIVE_MECHANICAL_CA_IN_V4_PERIOD,0,True,False,33
PSKT,RESOLVED_NO_MECHANICAL_DISCONTINUITY,KSEI_COMPLETE_HISTORY_NO_ACTIVE_MECHANICAL_CA_IN_V4_PERIOD,0,True,False,34
PTBA,RESOLVED_NO_MECHANICAL_DISCONTINUITY,KSEI_COMPLETE_HISTORY_NO_ACTIVE_MECHANICAL_CA_IN_V4_PERIOD,0,True,False,65
PTMP,RESOLVED_NO_MECHANICAL_DISCONTINUITY,KSEI_COMPLETE_HISTORY_NO_ACTIVE_MECHANICAL_CA_IN_V4_PERIOD,0,True,False,8
PTMR,RESOLVED_NO_MECHANICAL_DISCONTINUITY,KSEI_COMPLETE_HISTORY_NO_ACTIVE_MECHANICAL_CA_IN_V4_PERIOD,0,True,False,5
PTPP,RESOLVED_NO_MECHANICAL_DISCONTINUITY,KSEI_COMPLETE_HISTORY_NO_ACTIVE_MECHANICAL_CA_IN_V4_PERIOD,0,True,False,38
PTPS,RESOLVED_NO_MECHANICAL_DISCONTINUITY,KSEI_COMPLETE_HISTORY_NO_ACTIVE_MECHANICAL_CA_IN_V4_PERIOD,0,True,False,13
PTRO,PRICE_CONTINUITY_UNRESOLVED_EFFECTIVE_DATE,KSEI_ACTIVE_MECHANICAL_OR_UNKNOWN_CA_IN_V4_PERIOD:MANDATORY_CONVERSION,2,True,False,63
PURI,RESOLVED_NO_MECHANICAL_DISCONTINUITY,KSEI_COMPLETE_HISTORY_NO_ACTIVE_MECHANICAL_CA_IN_V4_PERIOD,0,True,False,8
PWON,RESOLVED_NO_MECHANICAL_DISCONTINUITY,KSEI_COMPLETE_HISTORY_NO_ACTIVE_MECHANICAL_CA_IN_V4_PERIOD,0,True,False,53
PYFA,PRICE_CONTINUITY_UNRESOLVED_EFFECTIVE_DATE,KSEI_ACTIVE_MECHANICAL_OR_UNKNOWN_CA_IN_V4_PERIOD:RIGHTS_HMETD,1,True,False,40
PZZA,RESOLVED_NO_MECHANICAL_DISCONTINUITY,KSEI_COMPLETE_HISTORY_NO_ACTIVE_MECHANICAL_CA_IN_V4_PERIOD,0,True,False,18
RAAM,RESOLVED_NO_MECHANICAL_DISCONTINUITY,KSEI_COMPLETE_HISTORY_NO_ACTIVE_MECHANICAL_CA_IN_V4_PERIOD,0,True,False,7
RAJA,PRICE_CONTINUITY_UNRESOLVED_EFFECTIVE_DATE,KSEI_ACTIVE_MECHANICAL_OR_UNKNOWN_CA_IN_V4_PERIOD:MANDATORY_CONVERSION,1,True,True,61
RALS,RESOLVED_NO_MECHANICAL_DISCONTINUITY,KSEI_COMPLETE_HISTORY_NO_ACTIVE_MECHANICAL_CA_IN_V4_PERIOD,0,True,False,55
RATU,RESOLVED_NO_MECHANICAL_DISCONTINUITY,KSEI_COMPLETE_HISTORY_NO_ACTIVE_MECHANICAL_CA_IN_V4_PERIOD,0,True,False,5
RBMS,RESOLVED_NO_MECHANICAL_DISCONTINUITY,KSEI_COMPLETE_HISTORY_NO_ACTIVE_MECHANICAL_CA_IN_V4_PERIOD,0,True,False,35
RCCC,PRICE_CONTINUITY_UNRESOLVED_EFFECTIVE_DATE,KSEI_ACTIVE_MECHANICAL_OR_UNKNOWN_CA_IN_V4_PERIOD:STOCK_DIVIDEND,1,True,False,6
REAL,RESOLVED_NO_MECHANICAL_DISCONTINUITY,KSEI_COMPLETE_HISTORY_NO_ACTIVE_MECHANICAL_CA_IN_V4_PERIOD,0,True,False,10
RELF,RESOLVED_NO_MECHANICAL_DISCONTINUITY,KSEI_COMPLETE_HISTORY_NO_ACTIVE_MECHANICAL_CA_IN_V4_PERIOD,0,True,False,7
RGAS,RESOLVED_NO_MECHANICAL_DISCONTINUITY,KSEI_COMPLETE_HISTORY_NO_ACTIVE_MECHANICAL_CA_IN_V4_PERIOD,0,True,False,4
RICY,RESOLVED_NO_MECHANICAL_DISCONTINUITY,KSEI_COMPLETE_HISTORY_NO_ACTIVE_MECHANICAL_CA_IN_V4_PERIOD,0,True,False,35
RISE,PRICE_CONTINUITY_UNRESOLVED_EFFECTIVE_DATE,KSEI_ACTIVE_MECHANICAL_OR_UNKNOWN_CA_IN_V4_PERIOD:RIGHTS_HMETD,1,True,False,15
RLCO,RESOLVED_NO_MECHANICAL_DISCONTINUITY,KSEI_COMPLETE_HISTORY_NO_ACTIVE_MECHANICAL_CA_IN_V4_PERIOD,0,True,False,1
RMKE,PRICE_CONTINUITY_UNRESOLVED_EFFECTIVE_DATE,KSEI_ACTIVE_MECHANICAL_OR_UNKNOWN_CA_IN_V4_PERIOD:MANDATORY_CONVERSION,1,True,False,15
RMKO,PRICE_CONTINUITY_UNRESOLVED_EFFECTIVE_DATE,KSEI_ACTIVE_MECHANICAL_OR_UNKNOWN_CA_IN_V4_PERIOD:RIGHTS_HMETD,1,True,False,5
RODA,RESOLVED_NO_MECHANICAL_DISCONTINUITY,KSEI_COMPLETE_HISTORY_NO_ACTIVE_MECHANICAL_CA_IN_V4_PERIOD,0,True,False,40
RONY,PRICE_CONTINUITY_UNRESOLVED_EFFECTIVE_DATE,KSEI_ACTIVE_MECHANICAL_OR_UNKNOWN_CA_IN_V4_PERIOD:MANDATORY_CONVERSION,1,True,False,9
ROTI,RESOLVED_NO_MECHANICAL_DISCONTINUITY,KSEI_COMPLETE_HISTORY_NO_ACTIVE_MECHANICAL_CA_IN_V4_PERIOD,0,True,False,43
RSCH,RESOLVED_NO_MECHANICAL_DISCONTINUITY,KSEI_COMPLETE_HISTORY_NO_ACTIVE_MECHANICAL_CA_IN_V4_PERIOD,0,True,False,3
SAME,RESOLVED_NO_MECHANICAL_DISCONTINUITY,KSEI_COMPLETE_HISTORY_NO_ACTIVE_MECHANICAL_CA_IN_V4_PERIOD,0,True,False,27
SAPX,RESOLVED_NO_MECHANICAL_DISCONTINUITY,KSEI_COMPLETE_HISTORY_NO_ACTIVE_MECHANICAL_CA_IN_V4_PERIOD,0,True,False,15
SATU,RESOLVED_NO_MECHANICAL_DISCONTINUITY,KSEI_COMPLETE_HISTORY_NO_ACTIVE_MECHANICAL_CA_IN_V4_PERIOD,0,True,False,10
SBMA,RESOLVED_NO_MECHANICAL_DISCONTINUITY,KSEI_COMPLETE_HISTORY_NO_ACTIVE_MECHANICAL_CA_IN_V4_PERIOD,0,True,False,12
SCMA,PRICE_CONTINUITY_UNRESOLVED_COVERAGE,CROSS_SOURCE_CANDIDATE_NOT_REPRESENTED_IN_KSEI_HISTORY,0,True,True,68
SDMU,PRICE_CONTINUITY_UNRESOLVED_COVERAGE,KSEI_REGISTERED_SECURITY_HISTORY_NOT_CERTIFIED,0,False,False,0
SEMA,RESOLVED_NO_MECHANICAL_DISCONTINUITY,KSEI_COMPLETE_HISTORY_NO_ACTIVE_MECHANICAL_CA_IN_V4_PERIOD,0,True,False,7
SFAN,RESOLVED_NO_MECHANICAL_DISCONTINUITY,KSEI_COMPLETE_HISTORY_NO_ACTIVE_MECHANICAL_CA_IN_V4_PERIOD,0,True,False,10
SGER,PRICE_CONTINUITY_UNRESOLVED_EFFECTIVE_DATE,KSEI_ACTIVE_MECHANICAL_OR_UNKNOWN_CA_IN_V4_PERIOD:RIGHTS_HMETD|STOCK_DIVIDEND,2,True,False,20
SGRO,PRICE_CONTINUITY_UNRESOLVED_EFFECTIVE_DATE,KSEI_ACTIVE_MECHANICAL_OR_UNKNOWN_CA_IN_V4_PERIOD:MANDATORY_CONVERSION,1,True,False,43
SIDO,RESOLVED_NO_MECHANICAL_DISCONTINUITY,KSEI_COMPLETE_HISTORY_NO_ACTIVE_MECHANICAL_CA_IN_V4_PERIOD,0,True,False,43
SILO,PRICE_CONTINUITY_UNRESOLVED_EFFECTIVE_DATE,KSEI_ACTIVE_MECHANICAL_OR_UNKNOWN_CA_IN_V4_PERIOD:MANDATORY_CONVERSION,2,True,False,29
SIMP,RESOLVED_NO_MECHANICAL_DISCONTINUITY,KSEI_COMPLETE_HISTORY_NO_ACTIVE_MECHANICAL_CA_IN_V4_PERIOD,0,True,False,29
SINI,PRICE_CONTINUITY_UNRESOLVED_EFFECTIVE_DATE,KSEI_ACTIVE_MECHANICAL_OR_UNKNOWN_CA_IN_V4_PERIOD:RIGHTS_HMETD,1,True,True,9
SKRN,PRICE_CONTINUITY_UNRESOLVED_COVERAGE,KSEI_REGISTERED_SECURITY_HISTORY_NOT_CERTIFIED,0,False,False,0
SLIS,PRICE_CONTINUITY_UNRESOLVED_COVERAGE,KSEI_REGISTERED_SECURITY_HISTORY_NOT_CERTIFIED,0,False,False,0
SMAR,PRICE_CONTINUITY_UNRESOLVED_COVERAGE,KSEI_REGISTERED_SECURITY_HISTORY_NOT_CERTIFIED,0,False,False,0
SMBR,RESOLVED_NO_MECHANICAL_DISCONTINUITY,KSEI_COMPLETE_HISTORY_NO_ACTIVE_MECHANICAL_CA_IN_V4_PERIOD,0,True,False,32
SMCB,RESOLVED_NO_MECHANICAL_DISCONTINUITY,KSEI_COMPLETE_HISTORY_NO_ACTIVE_MECHANICAL_CA_IN_V4_PERIOD,0,True,False,60
SMDR,RESOLVED_NO_MECHANICAL_DISCONTINUITY,KSEI_COMPLETE_HISTORY_NO_ACTIVE_MECHANICAL_CA_IN_V4_PERIOD,0,True,False,57
SMGA,RESOLVED_NO_MECHANICAL_DISCONTINUITY,KSEI_COMPLETE_HISTORY_NO_ACTIVE_MECHANICAL_CA_IN_V4_PERIOD,0,True,False,4
SMGR,RESOLVED_NO_MECHANICAL_DISCONTINUITY,KSEI_COMPLETE_HISTORY_NO_ACTIVE_MECHANICAL_CA_IN_V4_PERIOD,0,True,False,77
SMIL,RESOLVED_NO_MECHANICAL_DISCONTINUITY,KSEI_COMPLETE_HISTORY_NO_ACTIVE_MECHANICAL_CA_IN_V4_PERIOD,0,True,False,7
SMKM,PRICE_CONTINUITY_UNRESOLVED_EFFECTIVE_DATE,KSEI_ACTIVE_MECHANICAL_OR_UNKNOWN_CA_IN_V4_PERIOD:MANDATORY_CONVERSION,1,True,False,8
SMLE,RESOLVED_NO_MECHANICAL_DISCONTINUITY,KSEI_COMPLETE_HISTORY_NO_ACTIVE_MECHANICAL_CA_IN_V4_PERIOD,0,True,False,5
SMMT,PRICE_CONTINUITY_UNRESOLVED_EFFECTIVE_DATE,KSEI_ACTIVE_MECHANICAL_OR_UNKNOWN_CA_IN_V4_PERIOD:MANDATORY_CONVERSION,1,True,False,40
SMRA,RESOLVED_NO_MECHANICAL_DISCONTINUITY,KSEI_COMPLETE_HISTORY_NO_ACTIVE_MECHANICAL_CA_IN_V4_PERIOD,0,True,False,61
SMSM,RESOLVED_NO_MECHANICAL_DISCONTINUITY,KSEI_COMPLETE_HISTORY_NO_ACTIVE_MECHANICAL_CA_IN_V4_PERIOD,0,True,False,105
SNLK,PRICE_CONTINUITY_UNRESOLVED_COVERAGE,KSEI_REGISTERED_SECURITY_HISTORY_NOT_CERTIFIED,0,False,False,0
SOCI,PRICE_CONTINUITY_UNRESOLVED_COVERAGE,KSEI_REGISTERED_SECURITY_HISTORY_NOT_CERTIFIED,0,False,False,0
SOFA,PRICE_CONTINUITY_UNRESOLVED_COVERAGE,KSEI_REGISTERED_SECURITY_HISTORY_NOT_CERTIFIED,0,False,False,0
SOLA,RESOLVED_NO_MECHANICAL_DISCONTINUITY,KSEI_COMPLETE_HISTORY_NO_ACTIVE_MECHANICAL_CA_IN_V4_PERIOD,0,True,False,4
SOTS,RESOLVED_NO_MECHANICAL_DISCONTINUITY,KSEI_COMPLETE_HISTORY_NO_ACTIVE_MECHANICAL_CA_IN_V4_PERIOD,0,True,False,14
SPRE,RESOLVED_NO_MECHANICAL_DISCONTINUITY,KSEI_COMPLETE_HISTORY_NO_ACTIVE_MECHANICAL_CA_IN_V4_PERIOD,0,True,False,2
SPTO,RESOLVED_NO_MECHANICAL_DISCONTINUITY,KSEI_COMPLETE_HISTORY_NO_ACTIVE_MECHANICAL_CA_IN_V4_PERIOD,0,True,False,28
SQMI,RESOLVED_NO_MECHANICAL_DISCONTINUITY,KSEI_COMPLETE_HISTORY_NO_ACTIVE_MECHANICAL_CA_IN_V4_PERIOD,0,True,False,34
SRAJ,RESOLVED_NO_MECHANICAL_DISCONTINUITY,KSEI_COMPLETE_HISTORY_NO_ACTIVE_MECHANICAL_CA_IN_V4_PERIOD,0,True,False,37
SRSN,RESOLVED_NO_MECHANICAL_DISCONTINUITY,KSEI_COMPLETE_HISTORY_NO_ACTIVE_MECHANICAL_CA_IN_V4_PERIOD,0,True,False,41
SRTG,RESOLVED_NO_MECHANICAL_DISCONTINUITY,KSEI_COMPLETE_HISTORY_NO_ACTIVE_MECHANICAL_CA_IN_V4_PERIOD,0,True,False,31
SSIA,RESOLVED_NO_MECHANICAL_DISCONTINUITY,KSEI_COMPLETE_HISTORY_NO_ACTIVE_MECHANICAL_CA_IN_V4_PERIOD,0,True,False,47
SSMS,RESOLVED_NO_MECHANICAL_DISCONTINUITY,KSEI_COMPLETE_HISTORY_NO_ACTIVE_MECHANICAL_CA_IN_V4_PERIOD,0,True,False,40
SSTM,RESOLVED_NO_MECHANICAL_DISCONTINUITY,KSEI_COMPLETE_HISTORY_NO_ACTIVE_MECHANICAL_CA_IN_V4_PERIOD,0,True,False,32
STAA,PRICE_CONTINUITY_UNRESOLVED_COVERAGE,KSEI_REGISTERED_SECURITY_HISTORY_NOT_CERTIFIED,0,False,False,0
STRK,PRICE_CONTINUITY_UNRESOLVED_COVERAGE,KSEI_REGISTERED_SECURITY_HISTORY_NOT_CERTIFIED,0,False,False,0
SUNI,RESOLVED_NO_MECHANICAL_DISCONTINUITY,KSEI_COMPLETE_HISTORY_NO_ACTIVE_MECHANICAL_CA_IN_V4_PERIOD,0,True,False,8
SUPA,RESOLVED_NO_MECHANICAL_DISCONTINUITY,KSEI_COMPLETE_HISTORY_NO_ACTIVE_MECHANICAL_CA_IN_V4_PERIOD,0,True,False,1
SURI,RESOLVED_NO_MECHANICAL_DISCONTINUITY,KSEI_COMPLETE_HISTORY_NO_ACTIVE_MECHANICAL_CA_IN_V4_PERIOD,0,True,False,3
SWID,RESOLVED_NO_MECHANICAL_DISCONTINUITY,KSEI_COMPLETE_HISTORY_NO_ACTIVE_MECHANICAL_CA_IN_V4_PERIOD,0,True,False,8
TAPG,RESOLVED_NO_MECHANICAL_DISCONTINUITY,KSEI_COMPLETE_HISTORY_NO_ACTIVE_MECHANICAL_CA_IN_V4_PERIOD,0,True,False,16
TAXI,RESOLVED_NO_MECHANICAL_DISCONTINUITY,KSEI_COMPLETE_HISTORY_NO_ACTIVE_MECHANICAL_CA_IN_V4_PERIOD,0,True,False,30
TAYS,RESOLVED_NO_MECHANICAL_DISCONTINUITY,KSEI_COMPLETE_HISTORY_NO_ACTIVE_MECHANICAL_CA_IN_V4_PERIOD,0,True,False,7
TBIG,PRICE_CONTINUITY_UNRESOLVED_EFFECTIVE_DATE,KSEI_ACTIVE_MECHANICAL_OR_UNKNOWN_CA_IN_V4_PERIOD:MANDATORY_CONVERSION,2,True,False,49
TBLA,RESOLVED_NO_MECHANICAL_DISCONTINUITY,KSEI_COMPLETE_HISTORY_NO_ACTIVE_MECHANICAL_CA_IN_V4_PERIOD,0,True,False,76
TCPI,PRICE_CONTINUITY_UNRESOLVED_COVERAGE,KSEI_REGISTERED_SECURITY_HISTORY_NOT_CERTIFIED,0,False,False,0
TEBE,PRICE_CONTINUITY_UNRESOLVED_COVERAGE,KSEI_REGISTERED_SECURITY_HISTORY_NOT_CERTIFIED,0,False,False,0
TGUK,RESOLVED_NO_MECHANICAL_DISCONTINUITY,KSEI_COMPLETE_HISTORY_NO_ACTIVE_MECHANICAL_CA_IN_V4_PERIOD,0,True,False,9
TINS,RESOLVED_NO_MECHANICAL_DISCONTINUITY,KSEI_COMPLETE_HISTORY_NO_ACTIVE_MECHANICAL_CA_IN_V4_PERIOD,0,True,False,59
TKIM,RESOLVED_NO_MECHANICAL_DISCONTINUITY,KSEI_COMPLETE_HISTORY_NO_ACTIVE_MECHANICAL_CA_IN_V4_PERIOD,0,True,False,49
TLDN,RESOLVED_NO_MECHANICAL_DISCONTINUITY,KSEI_COMPLETE_HISTORY_NO_ACTIVE_MECHANICAL_CA_IN_V4_PERIOD,0,True,False,13
TLKM,RESOLVED_NO_MECHANICAL_DISCONTINUITY,KSEI_COMPLETE_HISTORY_NO_ACTIVE_MECHANICAL_CA_IN_V4_PERIOD,0,True,False,72
TMAS,RESOLVED_NO_MECHANICAL_DISCONTINUITY,KSEI_COMPLETE_HISTORY_NO_ACTIVE_MECHANICAL_CA_IN_V4_PERIOD,0,True,False,50
TMPO,RESOLVED_NO_MECHANICAL_DISCONTINUITY,KSEI_COMPLETE_HISTORY_NO_ACTIVE_MECHANICAL_CA_IN_V4_PERIOD,0,True,False,33
TNCA,RESOLVED_NO_MECHANICAL_DISCONTINUITY,KSEI_COMPLETE_HISTORY_NO_ACTIVE_MECHANICAL_CA_IN_V4_PERIOD,0,True,False,11
TOBA,RESOLVED_NO_MECHANICAL_DISCONTINUITY,KSEI_COMPLETE_HISTORY_NO_ACTIVE_MECHANICAL_CA_IN_V4_PERIOD,0,True,False,29
TOOL,RESOLVED_NO_MECHANICAL_DISCONTINUITY,KSEI_COMPLETE_HISTORY_NO_ACTIVE_MECHANICAL_CA_IN_V4_PERIOD,0,True,False,5
TOSK,PRICE_CONTINUITY_UNRESOLVED_COVERAGE,KSEI_REGISTERED_SECURITY_HISTORY_NOT_CERTIFIED,0,False,False,0
TOTL,PRICE_CONTINUITY_UNRESOLVED_EFFECTIVE_DATE,KSEI_ACTIVE_MECHANICAL_OR_UNKNOWN_CA_IN_V4_PERIOD:MANDATORY_CONVERSION,1,True,False,47
TOWR,PRICE_CONTINUITY_UNRESOLVED_EFFECTIVE_DATE,KSEI_ACTIVE_MECHANICAL_OR_UNKNOWN_CA_IN_V4_PERIOD:RIGHTS_HMETD,1,True,False,50
TPIA,PRICE_CONTINUITY_UNRESOLVED_EFFECTIVE_DATE,KSEI_ACTIVE_MECHANICAL_OR_UNKNOWN_CA_IN_V4_PERIOD:MANDATORY_CONVERSION,1,True,False,76
TPMA,PRICE_CONTINUITY_UNRESOLVED_EFFECTIVE_DATE,KSEI_ACTIVE_MECHANICAL_OR_UNKNOWN_CA_IN_V4_PERIOD:RIGHTS_HMETD,1,True,False,30
TRIM,RESOLVED_NO_MECHANICAL_DISCONTINUITY,KSEI_COMPLETE_HISTORY_NO_ACTIVE_MECHANICAL_CA_IN_V4_PERIOD,0,True,False,51
TRIN,RESOLVED_NO_MECHANICAL_DISCONTINUITY,KSEI_COMPLETE_HISTORY_NO_ACTIVE_MECHANICAL_CA_IN_V4_PERIOD,0,True,False,16
TRJA,PRICE_CONTINUITY_UNRESOLVED_EFFECTIVE_DATE,KSEI_ACTIVE_MECHANICAL_OR_UNKNOWN_CA_IN_V4_PERIOD:MANDATORY_CONVERSION,1,True,False,15
TRON,RESOLVED_NO_MECHANICAL_DISCONTINUITY,KSEI_COMPLETE_HISTORY_NO_ACTIVE_MECHANICAL_CA_IN_V4_PERIOD,0,True,False,8
TRUE,RESOLVED_NO_MECHANICAL_DISCONTINUITY,KSEI_COMPLETE_HISTORY_NO_ACTIVE_MECHANICAL_CA_IN_V4_PERIOD,0,True,False,9
TRUK,RESOLVED_NO_MECHANICAL_DISCONTINUITY,KSEI_COMPLETE_HISTORY_NO_ACTIVE_MECHANICAL_CA_IN_V4_PERIOD,0,True,False,11
TRUS,RESOLVED_NO_MECHANICAL_DISCONTINUITY,KSEI_COMPLETE_HISTORY_NO_ACTIVE_MECHANICAL_CA_IN_V4_PERIOD,0,True,False,35
TSPC,RESOLVED_NO_MECHANICAL_DISCONTINUITY,KSEI_COMPLETE_HISTORY_NO_ACTIVE_MECHANICAL_CA_IN_V4_PERIOD,0,True,False,64
TUGU,RESOLVED_NO_MECHANICAL_DISCONTINUITY,KSEI_COMPLETE_HISTORY_NO_ACTIVE_MECHANICAL_CA_IN_V4_PERIOD,0,True,False,23
UANG,RESOLVED_NO_MECHANICAL_DISCONTINUITY,KSEI_COMPLETE_HISTORY_NO_ACTIVE_MECHANICAL_CA_IN_V4_PERIOD,0,True,False,17
UCID,RESOLVED_NO_MECHANICAL_DISCONTINUITY,KSEI_COMPLETE_HISTORY_NO_ACTIVE_MECHANICAL_CA_IN_V4_PERIOD,0,True,False,17
UDNG,RESOLVED_NO_MECHANICAL_DISCONTINUITY,KSEI_COMPLETE_HISTORY_NO_ACTIVE_MECHANICAL_CA_IN_V4_PERIOD,0,True,False,4
ULTJ,RESOLVED_NO_MECHANICAL_DISCONTINUITY,KSEI_COMPLETE_HISTORY_NO_ACTIVE_MECHANICAL_CA_IN_V4_PERIOD,0,True,False,44
UNIQ,RESOLVED_NO_MECHANICAL_DISCONTINUITY,KSEI_COMPLETE_HISTORY_NO_ACTIVE_MECHANICAL_CA_IN_V4_PERIOD,0,True,False,9
UNSP,RESOLVED_NO_MECHANICAL_DISCONTINUITY,KSEI_COMPLETE_HISTORY_NO_ACTIVE_MECHANICAL_CA_IN_V4_PERIOD,0,True,False,64
UNTD,RESOLVED_NO_MECHANICAL_DISCONTINUITY,KSEI_COMPLETE_HISTORY_NO_ACTIVE_MECHANICAL_CA_IN_V4_PERIOD,0,True,False,5
UNTR,RESOLVED_NO_MECHANICAL_DISCONTINUITY,KSEI_COMPLETE_HISTORY_NO_ACTIVE_MECHANICAL_CA_IN_V4_PERIOD,0,True,False,74
UNVR,RESOLVED_NO_MECHANICAL_DISCONTINUITY,KSEI_COMPLETE_HISTORY_NO_ACTIVE_MECHANICAL_CA_IN_V4_PERIOD,0,True,False,107
UVCR,RESOLVED_NO_MECHANICAL_DISCONTINUITY,KSEI_COMPLETE_HISTORY_NO_ACTIVE_MECHANICAL_CA_IN_V4_PERIOD,0,True,False,11
VAST,RESOLVED_NO_MECHANICAL_DISCONTINUITY,KSEI_COMPLETE_HISTORY_NO_ACTIVE_MECHANICAL_CA_IN_V4_PERIOD,0,True,False,4
VERN,RESOLVED_NO_MECHANICAL_DISCONTINUITY,KSEI_COMPLETE_HISTORY_NO_ACTIVE_MECHANICAL_CA_IN_V4_PERIOD,0,True,False,2
VICI,RESOLVED_NO_MECHANICAL_DISCONTINUITY,KSEI_COMPLETE_HISTORY_NO_ACTIVE_MECHANICAL_CA_IN_V4_PERIOD,0,True,False,18
VISI,PRICE_CONTINUITY_UNRESOLVED_COVERAGE,KSEI_REGISTERED_SECURITY_HISTORY_NOT_CERTIFIED,0,False,False,0
VIVA,RESOLVED_NO_MECHANICAL_DISCONTINUITY,KSEI_COMPLETE_HISTORY_NO_ACTIVE_MECHANICAL_CA_IN_V4_PERIOD,0,True,False,20
VKTR,RESOLVED_NO_MECHANICAL_DISCONTINUITY,KSEI_COMPLETE_HISTORY_NO_ACTIVE_MECHANICAL_CA_IN_V4_PERIOD,0,True,False,5
VTNY,RESOLVED_NO_MECHANICAL_DISCONTINUITY,KSEI_COMPLETE_HISTORY_NO_ACTIVE_MECHANICAL_CA_IN_V4_PERIOD,0,True,False,8
WAPO,RESOLVED_NO_MECHANICAL_DISCONTINUITY,KSEI_COMPLETE_HISTORY_NO_ACTIVE_MECHANICAL_CA_IN_V4_PERIOD,0,True,False,32
WBSA,RESOLVED_NO_MECHANICAL_DISCONTINUITY,KSEI_COMPLETE_HISTORY_NO_ACTIVE_MECHANICAL_CA_IN_V4_PERIOD,0,True,False,2
WEGE,RESOLVED_NO_MECHANICAL_DISCONTINUITY,KSEI_COMPLETE_HISTORY_NO_ACTIVE_MECHANICAL_CA_IN_V4_PERIOD,0,True,False,25
WEHA,RESOLVED_NO_MECHANICAL_DISCONTINUITY,KSEI_COMPLETE_HISTORY_NO_ACTIVE_MECHANICAL_CA_IN_V4_PERIOD,0,True,False,33
WIDI,RESOLVED_NO_MECHANICAL_DISCONTINUITY,KSEI_COMPLETE_HISTORY_NO_ACTIVE_MECHANICAL_CA_IN_V4_PERIOD,0,True,False,5
WIFI,PRICE_CONTINUITY_UNRESOLVED_EFFECTIVE_DATE,KSEI_ACTIVE_MECHANICAL_OR_UNKNOWN_CA_IN_V4_PERIOD:RIGHTS_HMETD,1,True,False,25
WIIM,RESOLVED_NO_MECHANICAL_DISCONTINUITY,KSEI_COMPLETE_HISTORY_NO_ACTIVE_MECHANICAL_CA_IN_V4_PERIOD,0,True,False,28
WIKA,PRICE_CONTINUITY_UNRESOLVED_EFFECTIVE_DATE,KSEI_ACTIVE_MECHANICAL_OR_UNKNOWN_CA_IN_V4_PERIOD:RIGHTS_HMETD,1,True,False,51
WINE,RESOLVED_NO_MECHANICAL_DISCONTINUITY,KSEI_COMPLETE_HISTORY_NO_ACTIVE_MECHANICAL_CA_IN_V4_PERIOD,0,True,False,8
WINR,RESOLVED_NO_MECHANICAL_DISCONTINUITY,KSEI_COMPLETE_HISTORY_NO_ACTIVE_MECHANICAL_CA_IN_V4_PERIOD,0,True,False,6
WINS,PRICE_CONTINUITY_UNRESOLVED_EFFECTIVE_DATE,KSEI_ACTIVE_MECHANICAL_OR_UNKNOWN_CA_IN_V4_PERIOD:UNKNOWN,4,True,False,29
WIRG,RESOLVED_NO_MECHANICAL_DISCONTINUITY,KSEI_COMPLETE_HISTORY_NO_ACTIVE_MECHANICAL_CA_IN_V4_PERIOD,0,True,False,6
WMPP,RESOLVED_NO_MECHANICAL_DISCONTINUITY,KSEI_COMPLETE_HISTORY_NO_ACTIVE_MECHANICAL_CA_IN_V4_PERIOD,0,True,False,5
WMUU,RESOLVED_NO_MECHANICAL_DISCONTINUITY,KSEI_COMPLETE_HISTORY_NO_ACTIVE_MECHANICAL_CA_IN_V4_PERIOD,0,True,False,8
WOOD,RESOLVED_NO_MECHANICAL_DISCONTINUITY,KSEI_COMPLETE_HISTORY_NO_ACTIVE_MECHANICAL_CA_IN_V4_PERIOD,0,True,False,12
WOWS,RESOLVED_NO_MECHANICAL_DISCONTINUITY,KSEI_COMPLETE_HISTORY_NO_ACTIVE_MECHANICAL_CA_IN_V4_PERIOD,0,True,False,9
WSBP,RESOLVED_NO_MECHANICAL_DISCONTINUITY,KSEI_COMPLETE_HISTORY_NO_ACTIVE_MECHANICAL_CA_IN_V4_PERIOD,0,True,False,28
WTON,RESOLVED_NO_MECHANICAL_DISCONTINUITY,KSEI_COMPLETE_HISTORY_NO_ACTIVE_MECHANICAL_CA_IN_V4_PERIOD,0,True,False,33
YELO,RESOLVED_NO_MECHANICAL_DISCONTINUITY,KSEI_COMPLETE_HISTORY_NO_ACTIVE_MECHANICAL_CA_IN_V4_PERIOD,0,True,False,28
YOII,PRICE_CONTINUITY_UNRESOLVED_EFFECTIVE_DATE,KSEI_ACTIVE_MECHANICAL_OR_UNKNOWN_CA_IN_V4_PERIOD:RIGHTS_HMETD,1,True,False,4
YUPI,RESOLVED_NO_MECHANICAL_DISCONTINUITY,KSEI_COMPLETE_HISTORY_NO_ACTIVE_MECHANICAL_CA_IN_V4_PERIOD,0,True,False,6
ZATA,RESOLVED_NO_MECHANICAL_DISCONTINUITY,KSEI_COMPLETE_HISTORY_NO_ACTIVE_MECHANICAL_CA_IN_V4_PERIOD,0,True,False,8
