event_id,ticker,source_type,family,semantic_class,transition_date,transition_source,reason,source_dates
41c1e8493213d0151799837330c0dc7d8fea633d458c03e40b61ea0247bb9e58,ADRO,Right Distribution,RIGHT_DISTRIBUTION,SCHEDULE_REQUIRED,,,SOURCE_NATIVE_CUM_MISSING_OR_NOT_OFFICIAL_SESSION,2024-11-29|2024-12-02
da7907c518d9c345e9fd39ff1040594141f3585d868e75e34610b2546ee98359,BABY,Right Distribution,RIGHT_DISTRIBUTION,SCHEDULE_REQUIRED,,,SOURCE_NATIVE_CUM_MISSING_OR_NOT_OFFICIAL_SESSION,2026-04-28|2026-04-29
abbfde50f3d9a4dfa848a9af445ccfb679b265e3fbe3013253fef8ff71def3ae,BUVA,Right Distribution,RIGHT_DISTRIBUTION,SCHEDULE_REQUIRED,,,SOURCE_NATIVE_CUM_MISSING_OR_NOT_OFFICIAL_SESSION,2025-11-05|2025-11-06
3ac75071cfbca806f0e133579111cfefcfe30c4d76a86fb8c334d74a550ec196,CNMA,Mixed Dividend,MIXED_STOCK_DIVIDEND,SCHEDULE_REQUIRED,,,MIXED_STOCK_OR_UNKNOWN_COMPONENT_NEEDS_EXACT_SCHEDULE,2026-04-16|2026-04-28
ea6342da3645aea159162c92bd128bb6d0f1b056187de70b523d9fd806ce67cd,COCO,Right Distribution,RIGHT_DISTRIBUTION,SCHEDULE_REQUIRED,,,SOURCE_NATIVE_CUM_MISSING_OR_NOT_OFFICIAL_SESSION,2025-10-10|2025-10-13
e0f232c4b41c5b9b17c2071b9d63dc25bb9eec9b3233272c574c1f7fbf4aacca,CSIS,Right Distribution,RIGHT_DISTRIBUTION,SCHEDULE_REQUIRED,,,SOURCE_NATIVE_CUM_MISSING_OR_NOT_OFFICIAL_SESSION,2025-12-23|2025-12-24
6df97832e47c00fc5653e90659f525a5c8258752f9fc2245803498bdeb30b45e,CUAN,Mandatory Conversion,MANDATORY_CONVERSION,SCHEDULE_REQUIRED,,,ACTIVE_EVENT_REQUIRES_EXACT_OFFICIAL_SCHEDULE,2025-07-14|2025-07-16|2025-07-17
52bbd37b7c2b69085d0046175bb3da57ca7d4689e1299cd34c64a779aedcd9a6,CYBR,Mandatory Conversion,MANDATORY_CONVERSION,SCHEDULE_REQUIRED,,,ACTIVE_EVENT_REQUIRES_EXACT_OFFICIAL_SCHEDULE,2026-05-18|2026-05-19
63f4648ba4d3f26f02baea5199a23530fb89d9fcfedb56fc4808de62ca5ebe1b,DSSA,Mandatory Conversion,MANDATORY_CONVERSION,SCHEDULE_REQUIRED,,,ACTIVE_EVENT_REQUIRES_EXACT_OFFICIAL_SCHEDULE,2024-07-17|2024-07-19|2024-07-22
bbdfeca018e052b84ef7b5030710bbb63887b703a18868c05752a195d445a241,DSSA,Mandatory Conversion,MANDATORY_CONVERSION,SCHEDULE_REQUIRED,,,ACTIVE_EVENT_REQUIRES_EXACT_OFFICIAL_SCHEDULE,2026-04-10|2026-04-13
89045264149e8e558e15a67a19288fb84b2d6f61bef7f98224f3683dc2d96e94,EDGE,Mandatory Conversion,MANDATORY_CONVERSION,SCHEDULE_REQUIRED,,,ACTIVE_EVENT_REQUIRES_EXACT_OFFICIAL_SCHEDULE,2023-11-14|2023-11-16|2023-11-17
8abd467f868678e08a314267bd8f5856b899d5ba53fca7796911123ea611951c,EDGE,Voluntary Conversion,VOLUNTARY_CONVERSION,SCHEDULE_REQUIRED,,,ACTIVE_EVENT_REQUIRES_EXACT_OFFICIAL_SCHEDULE,2026-09-04
917e1b0620a6c5bcc514411e399b9e4f6f8e0b6c5e98bf58e9f6b113e6cb7136,FORU,Voluntary Conversion,VOLUNTARY_CONVERSION,SCHEDULE_REQUIRED,,,ACTIVE_EVENT_REQUIRES_EXACT_OFFICIAL_SCHEDULE,2024-06-11
4eb092fd4f61fc0f9e5b60e552fe274ad1a970d76d022869565ddfb37b1ac51a,FUTR,Voluntary Conversion,VOLUNTARY_CONVERSION,SCHEDULE_REQUIRED,,,ACTIVE_EVENT_REQUIRES_EXACT_OFFICIAL_SCHEDULE,2025-04-08
4b5d9f62f01085e211e554d6356ce642d5c946463d5dbd23da3c608ccb274694,GMFI,Right Distribution,RIGHT_DISTRIBUTION,SCHEDULE_REQUIRED,,,SOURCE_NATIVE_CUM_MISSING_OR_NOT_OFFICIAL_SESSION,2025-12-23|2025-12-24
6cd48adec365f5fdf35308956e0ac25c5e344f2062e5e06243e468e23311fa00,HILL,Mandatory Conversion,MANDATORY_CONVERSION,SCHEDULE_REQUIRED,,,ACTIVE_EVENT_REQUIRES_EXACT_OFFICIAL_SCHEDULE,2025-03-13|2025-03-17|2025-03-18
6932b3fba9803f124c0ad0c016b126beccd84aaddfb99807f1aaf1074bfc6ddb,IMJS,Right Distribution,RIGHT_DISTRIBUTION,SCHEDULE_REQUIRED,,,SOURCE_NATIVE_CUM_MISSING_OR_NOT_OFFICIAL_SESSION,2025-12-10|2025-12-11
bfce385f0295b8ac7fbad1417586586e6f4959f1ba24a50ffe3e997505180c50,INDS,Mandatory Conversion,MANDATORY_CONVERSION,SCHEDULE_REQUIRED,,,ACTIVE_EVENT_REQUIRES_EXACT_OFFICIAL_SCHEDULE,2024-07-03|2024-07-05|2024-07-08
0d4574c52b80b7160a9ff56ce2f70316c5326204d5d033df50407ebae95f1dc6,INET,Right Distribution,RIGHT_DISTRIBUTION,SCHEDULE_REQUIRED,,,SOURCE_NATIVE_CUM_MISSING_OR_NOT_OFFICIAL_SESSION,2026-01-06|2026-01-07
5fc1b2277927ea7fc2ef0cf63be2725ec04351dcffbbaf4f6749b6ed9f784ee0,KETR,Voluntary Conversion,VOLUNTARY_CONVERSION,SCHEDULE_REQUIRED,,,ACTIVE_EVENT_REQUIRES_EXACT_OFFICIAL_SCHEDULE,2024-04-05
8e0c37b92e68aa480e69f7e717a6e69b79c26e5137d3850b7e58b2b097ef0594,MEJA,Right Distribution,RIGHT_DISTRIBUTION,SCHEDULE_REQUIRED,,,SOURCE_NATIVE_CUM_MISSING_OR_NOT_OFFICIAL_SESSION,2026-04-20|2026-05-08
238f1fc7600a9f4475aa3e5e6710862f48977e008f4692619062f31a04cab1bc,MEJA,Stock Dividend,STOCK_DIVIDEND,SCHEDULE_REQUIRED,,,SOURCE_NATIVE_CUM_MISSING_OR_NOT_OFFICIAL_SESSION,2026-04-20|2026-05-08
d359658134eb9558388844a6eb0229554014b6f26ee0f9ee10194687945bc7c8,MFIN,Mandatory Conversion,MANDATORY_CONVERSION,SCHEDULE_REQUIRED,,,ACTIVE_EVENT_REQUIRES_EXACT_OFFICIAL_SCHEDULE,2025-09-30|2025-10-01
80901104db453da0a667552075933b68d41dec45e0a32c3292357ef913f34878,MLPT,Mandatory Conversion,MANDATORY_CONVERSION,SCHEDULE_REQUIRED,,,ACTIVE_EVENT_REQUIRES_EXACT_OFFICIAL_SCHEDULE,2026-07-20|2026-07-22|2026-07-23
fdf0617a33586783f96e15d46452afff5ee216f84716ab6232ba1e2ef80df1ec,MMIX,Right Distribution,RIGHT_DISTRIBUTION,SCHEDULE_REQUIRED,,,SOURCE_NATIVE_CUM_MISSING_OR_NOT_OFFICIAL_SESSION,2025-10-27|2025-11-10
b89d89faf5b41a4e25c9b884642060c9b9a693ebafb7adc36daf683572750dfe,MPPA,Right Distribution,RIGHT_DISTRIBUTION,SCHEDULE_REQUIRED,,,SOURCE_NATIVE_CUM_MISSING_OR_NOT_OFFICIAL_SESSION,2026-06-29|2026-06-30
0c37b0c084e7bb166b6af25306f9b18186cdd1f24e89bfad69c044f7b56dece7,MSIN,Mandatory Conversion,MANDATORY_CONVERSION,SCHEDULE_REQUIRED,,,ACTIVE_EVENT_REQUIRES_EXACT_OFFICIAL_SCHEDULE,2024-10-04|2024-10-08|2024-10-09
f93d1060609048cf1b9fd63a9c85b29bbd0ab6b5873185a33fcc45aa1ff532ff,NETV,Mandatory Conversion,MANDATORY_CONVERSION,SCHEDULE_REQUIRED,,,ACTIVE_EVENT_REQUIRES_EXACT_OFFICIAL_SCHEDULE,2024-10-21|2024-10-23|2024-10-24
d92748ec738027eb23c560fd5c7c0ab2773da4018d4d84209f5a9ba6aa451e1f,NETV,Voluntary Conversion,VOLUNTARY_CONVERSION,SCHEDULE_REQUIRED,,,ACTIVE_EVENT_REQUIRES_EXACT_OFFICIAL_SCHEDULE,2024-11-05
10e24d3621e0f5e65833655b2e11938fc53d64e68c03e6c87658eb74bb2ae26b,NISP,Voluntary Conversion,VOLUNTARY_CONVERSION,SCHEDULE_REQUIRED,,,ACTIVE_EVENT_REQUIRES_EXACT_OFFICIAL_SCHEDULE,2024-09-06
b92e80322a60a5d6c7cb138f3edb650e17fe5ce3e59fcd2c3f6801dce55fb8df,PACK,Right Distribution,RIGHT_DISTRIBUTION,SCHEDULE_REQUIRED,,,SOURCE_NATIVE_CUM_MISSING_OR_NOT_OFFICIAL_SESSION,2026-01-13|2026-01-14
82e09144ecfe0d4375a9260156fe75dd74ed01a2cd72262f55e14cd85ce6ebc7,PANI,Right Distribution,RIGHT_DISTRIBUTION,SCHEDULE_REQUIRED,,,SOURCE_NATIVE_CUM_MISSING_OR_NOT_OFFICIAL_SESSION,2025-12-10|2025-12-11
9b21df59be9d68e088059e2dae04d2d0bd8832d9d1cb5e9dd5a300f05f369610,PTRO,Mandatory Conversion,MANDATORY_CONVERSION,SCHEDULE_REQUIRED,,,ACTIVE_EVENT_REQUIRES_EXACT_OFFICIAL_SCHEDULE,2025-01-02|2025-01-06|2025-01-07
072cf4b8b2f7f86f3c7a55a1128c85f338cbe7b41307b57a3240ad94dba0afae,RAJA,Mandatory Conversion,MANDATORY_CONVERSION,SCHEDULE_REQUIRED,,,ACTIVE_EVENT_REQUIRES_EXACT_OFFICIAL_SCHEDULE,2026-07-15|2026-07-17|2026-07-20
7214c5758243affed4dc8bdd38f8af94792ba38d020a4ef39d86d2e59be19610,RISE,Right Distribution,RIGHT_DISTRIBUTION,SCHEDULE_REQUIRED,,,SOURCE_NATIVE_CUM_MISSING_OR_NOT_OFFICIAL_SESSION,2026-01-21|2026-02-09
32dc152817a6e2cce2b011e49dbc178d878a78098f7484e5fe78c121370e4017,RMKE,Mandatory Conversion,MANDATORY_CONVERSION,SCHEDULE_REQUIRED,,,ACTIVE_EVENT_REQUIRES_EXACT_OFFICIAL_SCHEDULE,2026-07-16|2026-07-20|2026-07-21
a9421890253582dc9d223d03cacf586b14a682a53d35184d60a331277ef630b4,SGER,Right Distribution,RIGHT_DISTRIBUTION,SCHEDULE_REQUIRED,,,SOURCE_NATIVE_CUM_MISSING_OR_NOT_OFFICIAL_SESSION,2024-05-29|2024-06-14
c1ea0c0f99219835e82e03ac8827a99abc2390f93b0e5b8bbf135c2e9aa38c35,TRJA,Voluntary Conversion,VOLUNTARY_CONVERSION,SCHEDULE_REQUIRED,,,ACTIVE_EVENT_REQUIRES_EXACT_OFFICIAL_SCHEDULE,2024-02-22
