event_id,ticker,event_source_type,reference,source_url,source_sha256,stage2_parse_status,document_class,event_family,payment_dates,settlement_dates,cash_purchase_dates,record_date,distribution_date,transition_date,transition_semantic,diagnostics
412258fd630fab268b822eb1875a1b448aaa085a009c58ac0f76e78ad21bdce1,ADMF,Voluntary Conversion,KSEI-16892/JKU/0725,https://web.ksei.co.id/Announcement/Files/182650_ksei_16892_jku_0725_202507031822.pdf,78cc09b19f75bc6d4b6b21caeb529be390484236c614196233d942c42f8db54b,UNRESOLVED,SHARE_BUYBACK_CASH,MERGER_OR_RESTRUCTURING,2025-09-26,,,,,,,NO_EXPLICIT_REGULAR_MARKET_TRANSITION|UNKNOWN_SCHEDULE_FAMILY|NO_LAYOUT_EXPLICIT_TRANSITION
412258fd630fab268b822eb1875a1b448aaa085a009c58ac0f76e78ad21bdce1,ADMF,Voluntary Conversion,KSEI-16896/JKU/0725,https://web.ksei.co.id/Announcement/Files/182651_ksei_16896_jku_0725_202507031823.pdf,0bc815b45880e1660b0d5ff812fa2ca92d72ae7da22755e429583998d0890a9c,UNRESOLVED,SHARE_BUYBACK_CASH,MERGER_OR_RESTRUCTURING,2025-09-26,,,,,,,NO_EXPLICIT_REGULAR_MARKET_TRANSITION|UNKNOWN_SCHEDULE_FAMILY|NO_LAYOUT_EXPLICIT_TRANSITION
412258fd630fab268b822eb1875a1b448aaa085a009c58ac0f76e78ad21bdce1,ADMF,Voluntary Conversion,KSEI-16924/JKU/0725,https://web.ksei.co.id/Announcement/Files/182649_ksei_16924_jku_0725_202507031821.pdf,c8c6ae32b100146e0b5766e74288c3aaf7c7aa2594b0da2355ed1e96aa84a350,UNRESOLVED,NONE,MERGER_OR_RESTRUCTURING,,,,,,,,MISSING_TICKER|NO_EXPLICIT_REGULAR_MARKET_TRANSITION|NO_LAYOUT_EXPLICIT_TRANSITION
412258fd630fab268b822eb1875a1b448aaa085a009c58ac0f76e78ad21bdce1,ADMF,Voluntary Conversion,KSEI-17201/JKU/0725,https://web.ksei.co.id/Announcement/Files/182723_ksei_17201_jku_0725_202507071820.pdf,79e9cdf81b47ba2701bc5c32784810cdcf8fb86a8aca3f0c4d78e75ebe700038,UNRESOLVED,SHARE_BUYBACK_CASH,UNKNOWN,,,,,,,,NO_EXPLICIT_REGULAR_MARKET_TRANSITION|UNKNOWN_SCHEDULE_FAMILY|NO_LAYOUT_EXPLICIT_TRANSITION
412258fd630fab268b822eb1875a1b448aaa085a009c58ac0f76e78ad21bdce1,ADMF,Voluntary Conversion,KSEI-22159/JKU/0925,https://web.ksei.co.id/Announcement/Files/184857_ksei_22159_jku_0925_202509081730.pdf,63b91b29d2cc8360b1de9c6d78bc44def124f23697b41406add0182032778ca1,UNRESOLVED,SHARE_BUYBACK_CASH,MERGER_OR_RESTRUCTURING,,,,,,,,NO_EXPLICIT_REGULAR_MARKET_TRANSITION|UNKNOWN_SCHEDULE_FAMILY|NO_LAYOUT_EXPLICIT_TRANSITION
412258fd630fab268b822eb1875a1b448aaa085a009c58ac0f76e78ad21bdce1,ADMF,Voluntary Conversion,KSEI-23593/JKU/0925,https://web.ksei.co.id/Announcement/Files/185416_ksei_23593_jku_0925_202509262039.pdf,7df4549ca449ac2dcfa109c266ea8fbe059ba8e5eb92580bcebf993da4485838,UNRESOLVED,NONE,MERGER_OR_RESTRUCTURING,,,,2025-09-30,,,,MISSING_TICKER|NO_EXPLICIT_REGULAR_MARKET_TRANSITION|NO_LAYOUT_EXPLICIT_TRANSITION
41c1e8493213d0151799837330c0dc7d8fea633d458c03e40b61ea0247bb9e58,ADRO,Right Distribution,KSEI-27597/JKU/1124,https://web.ksei.co.id/Announcement/Files/174075_ksei_27597_jku_1124_202411291609.pdf,4c51477093cdb6b93f568781ac3d21f834a26154e18f2ac09576f1eed3867aca,UNRESOLVED,NONE,UNKNOWN,,,,,,,,NO_EXPLICIT_REGULAR_MARKET_TRANSITION|UNKNOWN_SCHEDULE_FAMILY|NO_LAYOUT_EXPLICIT_TRANSITION|CONFLICTING_LAYOUT_DATES:RECORD_DATE|CONFLICTING_LAYOUT_DATES:DISTRIBUTION_DATE
41c1e8493213d0151799837330c0dc7d8fea633d458c03e40b61ea0247bb9e58,ADRO,Right Distribution,KSEI-28171/JKU/1224,https://web.ksei.co.id/Announcement/Files/174447_ksei_28171_jku_1224_202412051900.pdf,177618678e05cb18f68022a2e89f33c76e05e5ad0a501ace2c4cff2fb8527b8e,UNRESOLVED,NONE,UNKNOWN,,,,2024-11-29,,,,MISSING_TICKER|NO_EXPLICIT_REGULAR_MARKET_TRANSITION|UNKNOWN_SCHEDULE_FAMILY|NO_LAYOUT_EXPLICIT_TRANSITION|CONFLICTING_LAYOUT_DATES:DISTRIBUTION_DATE
17fe9fc553a0ce287943538df0d6420b1e12282cf578773999f0bd31f0e11eaa,AMMS,Voluntary Conversion,KSEI-2311/JKU/0226,https://web.ksei.co.id/Announcement/Files/190297_ksei_2311_jku_0226_202602031308.pdf,03fe4331bb8318d413237174ab3d687d26b78283f954fc54cb3cfdaef50b15d7,UNRESOLVED,MANDATORY_TENDER_OFFER,UNKNOWN,2026-03-09,,,,,,,NO_EXPLICIT_REGULAR_MARKET_TRANSITION|UNKNOWN_SCHEDULE_FAMILY|NO_LAYOUT_EXPLICIT_TRANSITION
b98002764eb665a3383b008eda9e2716ad89e533fae16d36c72f55bb6572ede1,ASLI,Voluntary Conversion,KSEI-1152/JKU/0126,https://web.ksei.co.id/Announcement/Files/189765_ksei_1152_jku_0126_202601151754.pdf,4c9c0c3c29cff10a9688ed51aa47f3597815e1133656cc949bb15306cb4ce5f8,UNRESOLVED,MANDATORY_TENDER_OFFER,UNKNOWN,,2026-02-25,,,,,,NO_EXPLICIT_REGULAR_MARKET_TRANSITION|UNKNOWN_SCHEDULE_FAMILY|NO_LAYOUT_EXPLICIT_TRANSITION
b98002764eb665a3383b008eda9e2716ad89e533fae16d36c72f55bb6572ede1,ASLI,Voluntary Conversion,KSEI-12034/JKU/0526,https://web.ksei.co.id/Announcement/Files/194594_ksei_12034_jku_0526_202605251700.pdf,f9d091302291a213096ff6531d43010944148b34399754de66b1ac4191f96f3d,PARSED_EXACT_TRANSITION,NONE,MIXED_DIVIDEND,2026-06-18,,,2026-05-29,,2026-05-26,REGULAR_MARKET_EX_DATE,
b98002764eb665a3383b008eda9e2716ad89e533fae16d36c72f55bb6572ede1,ASLI,Voluntary Conversion,KSEI-1484/JKU/0126,https://web.ksei.co.id/Announcement/Files/189905_ksei_1484_jku_0126_202601211209.pdf,f8714697fe7a8231b24d2a01f038518ab7dba55f5bb8d3adf24ec70b20c6cc20,UNRESOLVED,MANDATORY_TENDER_OFFER,CONVERSION,,2026-03-03,,,,,,NO_EXPLICIT_REGULAR_MARKET_TRANSITION|UNKNOWN_SCHEDULE_FAMILY|NO_LAYOUT_EXPLICIT_TRANSITION
b98002764eb665a3383b008eda9e2716ad89e533fae16d36c72f55bb6572ede1,ASLI,Voluntary Conversion,KSEI-15293/JKU/0626,https://web.ksei.co.id/Announcement/Files/195898_ksei_15293_jku_0626_202606171756.pdf,0247f1e1ee31146ae402b7dbba6a1b83d8d7bc1195da62df04f65121c17d1d67,UNRESOLVED,MANDATORY_TENDER_OFFER,UNKNOWN,2026-07-21,,,,,,,NO_EXPLICIT_REGULAR_MARKET_TRANSITION|UNKNOWN_SCHEDULE_FAMILY|NO_LAYOUT_EXPLICIT_TRANSITION
b98002764eb665a3383b008eda9e2716ad89e533fae16d36c72f55bb6572ede1,ASLI,Voluntary Conversion,KSEI-15913/JKU/0724,https://web.ksei.co.id/Announcement/Files/168998_ksei_15913_jku_0724_202407020840.pdf,a6683168ca47d85753d90a4c9a8440cff38431f80646d93832ac26777b1c6b46,UNRESOLVED,VOLUNTARY_TENDER_OFFER,CONVERSION,2024-08-09,,,,,,,NO_EXPLICIT_REGULAR_MARKET_TRANSITION|UNKNOWN_SCHEDULE_FAMILY|NO_LAYOUT_EXPLICIT_TRANSITION
b98002764eb665a3383b008eda9e2716ad89e533fae16d36c72f55bb6572ede1,ASLI,Voluntary Conversion,KSEI-16300/JKU/0625,https://web.ksei.co.id/Announcement/Files/182345_ksei_16300_jku_0625_202506301743.pdf,b2fc54feaeb0b053b6fd65d1ceaecf0787dfdb2c87416f4526ca424f9288fb70,UNRESOLVED,MANDATORY_TENDER_OFFER,CONVERSION,2025-08-11,,,,,,,NO_EXPLICIT_REGULAR_MARKET_TRANSITION|UNKNOWN_SCHEDULE_FAMILY|NO_LAYOUT_EXPLICIT_TRANSITION
b98002764eb665a3383b008eda9e2716ad89e533fae16d36c72f55bb6572ede1,ASLI,Voluntary Conversion,KSEI-16408/JKU/0626,https://web.ksei.co.id/Announcement/Files/196495_ksei_16408_jku_0626_202606251704.pdf,3c5ef2cc173252a40b93e8f2a5ccbc025773dbd9fac3d19de7630eed96c43c5c,UNRESOLVED,VOLUNTARY_TENDER_OFFER,UNKNOWN,2026-08-05,,,,,,,NO_EXPLICIT_REGULAR_MARKET_TRANSITION|UNKNOWN_SCHEDULE_FAMILY|NO_LAYOUT_EXPLICIT_TRANSITION
b98002764eb665a3383b008eda9e2716ad89e533fae16d36c72f55bb6572ede1,ASLI,Voluntary Conversion,KSEI-18067/JKU/0726,https://web.ksei.co.id/Announcement/Files/197030_ksei_18067_jku_0726_202607091715.pdf,bf2964ca8d2d7c83c3300371e4309864c61df7dfffad5f26deabae457d69901e,UNRESOLVED,VOLUNTARY_TENDER_OFFER,CONVERSION,2026-08-14,,,,,,,NO_EXPLICIT_REGULAR_MARKET_TRANSITION|UNKNOWN_SCHEDULE_FAMILY|NO_LAYOUT_EXPLICIT_TRANSITION
b98002764eb665a3383b008eda9e2716ad89e533fae16d36c72f55bb6572ede1,ASLI,Voluntary Conversion,KSEI-18070/JKU/0724,https://web.ksei.co.id/Announcement/Files/169716_ksei_18070_jku_0724_202407230952.pdf,e66823eb03ad648efb106c61903a539e0a677916f9b0a2b21d6dbd1e1c069f87,UNRESOLVED,MANDATORY_TENDER_OFFER,CONVERSION,2024-08-28,2024-08-28,,,,,,NO_EXPLICIT_REGULAR_MARKET_TRANSITION|UNKNOWN_SCHEDULE_FAMILY|NO_LAYOUT_EXPLICIT_TRANSITION
b98002764eb665a3383b008eda9e2716ad89e533fae16d36c72f55bb6572ede1,ASLI,Voluntary Conversion,KSEI-1844/JKU/0126,https://web.ksei.co.id/Announcement/Files/190058_ksei_1844_jku_0126_202601271422.pdf,3553d2833c94d119e896008d58fc24d000b351e44fc4d7f0dbeb4cbf962e6ac0,UNRESOLVED,MANDATORY_TENDER_OFFER,UNKNOWN,2026-03-06,,,,,,,NO_EXPLICIT_REGULAR_MARKET_TRANSITION|UNKNOWN_SCHEDULE_FAMILY|NO_LAYOUT_EXPLICIT_TRANSITION
b98002764eb665a3383b008eda9e2716ad89e533fae16d36c72f55bb6572ede1,ASLI,Voluntary Conversion,KSEI-18871/JKU/0824,https://web.ksei.co.id/Announcement/Files/170083_ksei_18871_jku_0824_202408021645.pdf,e10df1986f9010838536a32cb7adf7be6088c0da3ebd719215aacba8f4ee007c,UNRESOLVED,SHARE_BUYBACK_CASH,MERGER_OR_RESTRUCTURING,,,,,,,,MISSING_TICKER|NO_EXPLICIT_REGULAR_MARKET_TRANSITION|NO_LAYOUT_EXPLICIT_TRANSITION|CONFLICTING_LAYOUT_DATES:PAYMENT_DATE
b98002764eb665a3383b008eda9e2716ad89e533fae16d36c72f55bb6572ede1,ASLI,Voluntary Conversion,KSEI-18981/JKU/0824,https://web.ksei.co.id/Announcement/Files/170131_ksei_18981_jku_0824_202408051509.pdf,c45f8a57d2f3a4d346b1da2c40ffd1ece0efbdb3e825eb6885b1005e25266aaa,UNRESOLVED,VOLUNTARY_TENDER_OFFER,CONVERSION,2024-09-13,,,,,,,NO_EXPLICIT_REGULAR_MARKET_TRANSITION|UNKNOWN_SCHEDULE_FAMILY|NO_LAYOUT_EXPLICIT_TRANSITION
b98002764eb665a3383b008eda9e2716ad89e533fae16d36c72f55bb6572ede1,ASLI,Voluntary Conversion,KSEI-20353/JKU/0824,https://web.ksei.co.id/Announcement/Files/170791_ksei_20353_jku_0824_202408231633.pdf,9042597640a0ca56af891c3c245ffad81fb05b0ad14623de6b622d0a79009275,UNRESOLVED,VOLUNTARY_TENDER_OFFER,CONVERSION,2024-10-04,,,,,,,MISSING_KSEI_REFERENCE|MISSING_TICKER|NO_EXPLICIT_REGULAR_MARKET_TRANSITION|UNKNOWN_SCHEDULE_FAMILY|NO_LAYOUT_EXPLICIT_TRANSITION
b98002764eb665a3383b008eda9e2716ad89e533fae16d36c72f55bb6572ede1,ASLI,Voluntary Conversion,KSEI-20962/JKU/0825,https://web.ksei.co.id/Announcement/Files/184297_ksei_20962_jku_0825_202508221831.pdf,1e86b70362f9f49273a67d9baf6b1f18e39201f61223dc0c23a46f4636e93b35,UNRESOLVED,MANDATORY_TENDER_OFFER,CONVERSION,2025-09-22,,,,,,,NO_EXPLICIT_REGULAR_MARKET_TRANSITION|UNKNOWN_SCHEDULE_FAMILY|NO_LAYOUT_EXPLICIT_TRANSITION
b98002764eb665a3383b008eda9e2716ad89e533fae16d36c72f55bb6572ede1,ASLI,Voluntary Conversion,KSEI-21076/JKU/0825,https://web.ksei.co.id/Announcement/Files/184315_ksei_21076_jku_0825_202508252045.pdf,111880adade2282aaf656429cd19820805a24df1d588cb247b19352ee04d1187,UNRESOLVED,MANDATORY_TENDER_OFFER,CONVERSION,2025-10-03,,,,,,,NO_EXPLICIT_REGULAR_MARKET_TRANSITION|UNKNOWN_SCHEDULE_FAMILY|NO_LAYOUT_EXPLICIT_TRANSITION
b98002764eb665a3383b008eda9e2716ad89e533fae16d36c72f55bb6572ede1,ASLI,Voluntary Conversion,KSEI-21077/JKU/0825,https://web.ksei.co.id/Announcement/Files/184314_ksei_21077_jku_0825_202508252044.pdf,0bc35ae49060ef70bff1299cd104ed3a18da73b2b9621277a047f775442fcef4,UNRESOLVED,VOLUNTARY_TENDER_OFFER,CONVERSION,2025-10-03,,,,,,,NO_EXPLICIT_REGULAR_MARKET_TRANSITION|UNKNOWN_SCHEDULE_FAMILY|NO_LAYOUT_EXPLICIT_TRANSITION
b98002764eb665a3383b008eda9e2716ad89e533fae16d36c72f55bb6572ede1,ASLI,Voluntary Conversion,KSEI-21206/JKU/0924,https://web.ksei.co.id/Announcement/Files/171214_ksei_21206_jku_0924_202409041633.pdf,f19b8de4a912b6de3eb1d0f075db82a219d46c1955c010b722db7c2303320a47,UNRESOLVED,MANDATORY_TENDER_OFFER,CONVERSION,2024-10-16,,,,,,,MISSING_KSEI_REFERENCE|MISSING_TICKER|NO_EXPLICIT_REGULAR_MARKET_TRANSITION|UNKNOWN_SCHEDULE_FAMILY|NO_LAYOUT_EXPLICIT_TRANSITION
b98002764eb665a3383b008eda9e2716ad89e533fae16d36c72f55bb6572ede1,ASLI,Voluntary Conversion,KSEI-22615/JKU/0925,https://web.ksei.co.id/Announcement/Files/185006_ksei_22615_jku_0925_202509161530.pdf,df37637e0e55f835833577b466e9852d76cc517b33e134d1b19986075a7e494d,UNRESOLVED,MANDATORY_TENDER_OFFER,UNKNOWN,2025-10-21,,,,,,,NO_EXPLICIT_REGULAR_MARKET_TRANSITION|UNKNOWN_SCHEDULE_FAMILY|NO_LAYOUT_EXPLICIT_TRANSITION
b98002764eb665a3383b008eda9e2716ad89e533fae16d36c72f55bb6572ede1,ASLI,Voluntary Conversion,KSEI-2311/JKU/0226,https://web.ksei.co.id/Announcement/Files/190297_ksei_2311_jku_0226_202602031308.pdf,03fe4331bb8318d413237174ab3d687d26b78283f954fc54cb3cfdaef50b15d7,UNRESOLVED,MANDATORY_TENDER_OFFER,UNKNOWN,2026-03-09,,,,,,,NO_EXPLICIT_REGULAR_MARKET_TRANSITION|UNKNOWN_SCHEDULE_FAMILY|NO_LAYOUT_EXPLICIT_TRANSITION
b98002764eb665a3383b008eda9e2716ad89e533fae16d36c72f55bb6572ede1,ASLI,Voluntary Conversion,KSEI-23256/JKU/1123,https://web.ksei.co.id/Announcement/Files/160799_ksei_23256_jku_1123_202311071800.pdf,5965832229ebc8d352d146efc8c4465fd0bd28935c4f6e9a712bd96db62d332f,UNRESOLVED,VOLUNTARY_TENDER_OFFER,CONVERSION,2024-01-24,,,,,,,NO_EXPLICIT_REGULAR_MARKET_TRANSITION|UNKNOWN_SCHEDULE_FAMILY|NO_LAYOUT_EXPLICIT_TRANSITION
b98002764eb665a3383b008eda9e2716ad89e533fae16d36c72f55bb6572ede1,ASLI,Voluntary Conversion,KSEI-24440/JKU/1123,https://web.ksei.co.id/Announcement/Files/161213_ksei_24440_jku_1123_202311221745.pdf,f4ab027e1f377496ece32ec8f6ca110210b364a33a6dc1c49c91ab0936edcec5,UNRESOLVED,MANDATORY_TENDER_OFFER,CONVERSION,2023-12-29,,,,,,,NO_EXPLICIT_REGULAR_MARKET_TRANSITION|UNKNOWN_SCHEDULE_FAMILY|NO_LAYOUT_EXPLICIT_TRANSITION
b98002764eb665a3383b008eda9e2716ad89e533fae16d36c72f55bb6572ede1,ASLI,Voluntary Conversion,KSEI-2472/JKU/0226,https://web.ksei.co.id/Announcement/Files/190347_ksei_2472_jku_0226_202602041548.pdf,e81059064293299641527638c17157d01cbe8f8cd229d4919711f1458acb8b7b,UNRESOLVED,MANDATORY_TENDER_OFFER,CONVERSION,2026-03-16,,,,,,,NO_EXPLICIT_REGULAR_MARKET_TRANSITION|UNKNOWN_SCHEDULE_FAMILY|NO_LAYOUT_EXPLICIT_TRANSITION
b98002764eb665a3383b008eda9e2716ad89e533fae16d36c72f55bb6572ede1,ASLI,Voluntary Conversion,KSEI-25683/JKU/1025,https://web.ksei.co.id/Announcement/Files/186438_ksei_25683_jku_1025_202510221342.pdf,fd9b5e00f88f2ed6fae9334296f3efd9353eb360deddad7121b4609274378f7d,UNRESOLVED,MANDATORY_TENDER_OFFER,CONVERSION,2025-12-03,,,,,,,NO_EXPLICIT_REGULAR_MARKET_TRANSITION|UNKNOWN_SCHEDULE_FAMILY|NO_LAYOUT_EXPLICIT_TRANSITION
b98002764eb665a3383b008eda9e2716ad89e533fae16d36c72f55bb6572ede1,ASLI,Voluntary Conversion,KSEI-27768/JKU/1125,https://web.ksei.co.id/Announcement/Files/187556_ksei_27768_jku_1125_202511191512.pdf,7c99d815780357c46a37f6f7cba004ea9ca5e0a85814347a456dbe26c122fff9,UNRESOLVED,MANDATORY_TENDER_OFFER,UNKNOWN,2025-12-30,,,,,,,NO_EXPLICIT_REGULAR_MARKET_TRANSITION|UNKNOWN_SCHEDULE_FAMILY|NO_LAYOUT_EXPLICIT_TRANSITION
b98002764eb665a3383b008eda9e2716ad89e533fae16d36c72f55bb6572ede1,ASLI,Voluntary Conversion,KSEI-28173/JKU/1125,https://web.ksei.co.id/Announcement/Files/187842_ksei_28173_jku_1125_202511251813.pdf,e179c9ce2804811ab52fed97ff28c05af8a5134525188c18acee465c1fe044e9,UNRESOLVED,MANDATORY_TENDER_OFFER,CONVERSION,2026-01-05,2026-01-05,,,,,,NO_EXPLICIT_REGULAR_MARKET_TRANSITION|UNKNOWN_SCHEDULE_FAMILY|NO_LAYOUT_EXPLICIT_TRANSITION
b98002764eb665a3383b008eda9e2716ad89e533fae16d36c72f55bb6572ede1,ASLI,Voluntary Conversion,KSEI-29639/JKU/1225,https://web.ksei.co.id/Announcement/Files/188413_ksei_29639_jku_1225_202512111443.pdf,f68195ab497ada2c5d2f50a6a83e2b1a9e26938d8de1716b2e08fded810ecbd0,UNRESOLVED,MANDATORY_TENDER_OFFER,CONVERSION,2026-01-19,,,,,,,NO_EXPLICIT_REGULAR_MARKET_TRANSITION|UNKNOWN_SCHEDULE_FAMILY|NO_LAYOUT_EXPLICIT_TRANSITION
b98002764eb665a3383b008eda9e2716ad89e533fae16d36c72f55bb6572ede1,ASLI,Voluntary Conversion,KSEI-30437/JKU/1225,https://web.ksei.co.id/Announcement/Files/188758_ksei_30437_jku_1225_202512191530.pdf,e2637d2e5090786cb22281087fdd26382b8cceb59c5c15b78e905b2a794e370f,UNRESOLVED,MANDATORY_TENDER_OFFER,UNKNOWN,,2026-01-27,,,,,,NO_EXPLICIT_REGULAR_MARKET_TRANSITION|UNKNOWN_SCHEDULE_FAMILY|NO_LAYOUT_EXPLICIT_TRANSITION
b98002764eb665a3383b008eda9e2716ad89e533fae16d36c72f55bb6572ede1,ASLI,Voluntary Conversion,KSEI-3193/JKU/0225,https://web.ksei.co.id/Announcement/Files/176872_ksei_3193_jku_0225_202502141713.pdf,4ec76cc821e95373fd5ea794d6888f96b1e1c78a779bc42721ed853104c93c59,UNRESOLVED,MANDATORY_TENDER_OFFER,CONVERSION,2025-03-26,,,,,,,NO_EXPLICIT_REGULAR_MARKET_TRANSITION|UNKNOWN_SCHEDULE_FAMILY|NO_LAYOUT_EXPLICIT_TRANSITION
b98002764eb665a3383b008eda9e2716ad89e533fae16d36c72f55bb6572ede1,ASLI,Voluntary Conversion,KSEI-3271/JKU/0226,https://web.ksei.co.id/Announcement/Files/190719_ksei_3271_jku_0226_202602191458.pdf,87345a17c28578b6fee596475792596ac789f90a722102a74723d81b081a3601,UNRESOLVED,MANDATORY_TENDER_OFFER,UNKNOWN,,2025-12-23,,,,,,NO_EXPLICIT_REGULAR_MARKET_TRANSITION|UNKNOWN_SCHEDULE_FAMILY|NO_LAYOUT_EXPLICIT_TRANSITION
b98002764eb665a3383b008eda9e2716ad89e533fae16d36c72f55bb6572ede1,ASLI,Voluntary Conversion,KSEI-3271/JKU/0326,https://web.ksei.co.id/Announcement/Files/191082_ksei_3271_jku_0326_202603020942.pdf,43e94e697ed3ab9ea52f4a0699bf123b8c7c52d812dabec4701d6cf151f84883,UNRESOLVED,MANDATORY_TENDER_OFFER,UNKNOWN,,2026-04-10,,,,,,NO_EXPLICIT_REGULAR_MARKET_TRANSITION|UNKNOWN_SCHEDULE_FAMILY|NO_LAYOUT_EXPLICIT_TRANSITION
b98002764eb665a3383b008eda9e2716ad89e533fae16d36c72f55bb6572ede1,ASLI,Voluntary Conversion,KSEI-3978/JKU/0225,https://web.ksei.co.id/Announcement/Files/177376_ksei_3978_jku_0225_202502261637.pdf,a4db1d730853f5bc3b1737820a661e725cf85e58c6fb7fce9ac83af46796936e,UNRESOLVED,MANDATORY_TENDER_OFFER,CONVERSION,2025-03-27,,,,,,,NO_EXPLICIT_REGULAR_MARKET_TRANSITION|UNKNOWN_SCHEDULE_FAMILY|NO_LAYOUT_EXPLICIT_TRANSITION
b98002764eb665a3383b008eda9e2716ad89e533fae16d36c72f55bb6572ede1,ASLI,Voluntary Conversion,KSEI-4407/JKU/0326,https://web.ksei.co.id/Announcement/Files/191295_ksei_4407_jku_0326_202603041812.pdf,d817439f116b75e6169643278e891a4a69b29addff9cb10dfca27c68a1236e6e,UNRESOLVED,VOLUNTARY_TENDER_OFFER,UNKNOWN,2026-04-15,,,,,,,NO_EXPLICIT_REGULAR_MARKET_TRANSITION|UNKNOWN_SCHEDULE_FAMILY|NO_LAYOUT_EXPLICIT_TRANSITION
b98002764eb665a3383b008eda9e2716ad89e533fae16d36c72f55bb6572ede1,ASLI,Voluntary Conversion,KSEI-4907/JKU/0325,https://web.ksei.co.id/Announcement/Files/177825_ksei_4907_jku_0325_202503101643.pdf,30d4d78ec53a55b67d96a8b152a1873ee9a1e3d300cc555afe0f2bea63462109,UNRESOLVED,MANDATORY_TENDER_OFFER,UNKNOWN,,,,,,,,NO_EXPLICIT_REGULAR_MARKET_TRANSITION|UNKNOWN_SCHEDULE_FAMILY|NO_LAYOUT_EXPLICIT_TRANSITION|CONFLICTING_LAYOUT_DATES:PAYMENT_DATE
b98002764eb665a3383b008eda9e2716ad89e533fae16d36c72f55bb6572ede1,ASLI,Voluntary Conversion,KSEI-5127/JKU/0326,https://web.ksei.co.id/Announcement/Files/191620_ksei_5127_jku_0326_202603121807.pdf,94ddc23f4b95050194e7e2c79bbd4737ea0872723e65c0d96d5b7b7b237d1f04,UNRESOLVED,MANDATORY_TENDER_OFFER,CONVERSION,2026-04-17,,,,,,,NO_EXPLICIT_REGULAR_MARKET_TRANSITION|UNKNOWN_SCHEDULE_FAMILY|NO_LAYOUT_EXPLICIT_TRANSITION
b98002764eb665a3383b008eda9e2716ad89e533fae16d36c72f55bb6572ede1,ASLI,Voluntary Conversion,KSEI-6229/JKU/0326,https://web.ksei.co.id/Announcement/Files/192032_ksei_6229_jku_0326_202603271801.pdf,ff4201f45918cd77832fcde143d8013998ad2469ebb28d497dac1fb0e1377c8f,UNRESOLVED,MANDATORY_TENDER_OFFER,CONVERSION,2026-04-28,,,,,,,NO_EXPLICIT_REGULAR_MARKET_TRANSITION|UNKNOWN_SCHEDULE_FAMILY|NO_LAYOUT_EXPLICIT_TRANSITION
b98002764eb665a3383b008eda9e2716ad89e533fae16d36c72f55bb6572ede1,ASLI,Voluntary Conversion,KSEI-6713/JKU/0424,https://web.ksei.co.id/Announcement/Files/165468_ksei_6713_jku_0424_202404021910.pdf,159a7cea3191cdd629ec8ac798bacdedfc8d09159c8db11ac8858b886e8a6e7f,UNRESOLVED,MANDATORY_TENDER_OFFER,CONVERSION,2024-05-08,,,,,,,NO_EXPLICIT_REGULAR_MARKET_TRANSITION|UNKNOWN_SCHEDULE_FAMILY|NO_LAYOUT_EXPLICIT_TRANSITION
b98002764eb665a3383b008eda9e2716ad89e533fae16d36c72f55bb6572ede1,ASLI,Voluntary Conversion,KSEI-8253/JKU/0425,https://web.ksei.co.id/Announcement/Files/179219_ksei_8253_jku_0425_202504161450.pdf,8238e1708b0ecb04ae1b62d5307c7acee2ca456af52ea54061dff4ad5a392210,UNRESOLVED,MANDATORY_TENDER_OFFER,CONVERSION,2025-05-28,,,,,,,NO_EXPLICIT_REGULAR_MARKET_TRANSITION|UNKNOWN_SCHEDULE_FAMILY|NO_LAYOUT_EXPLICIT_TRANSITION
b98002764eb665a3383b008eda9e2716ad89e533fae16d36c72f55bb6572ede1,ASLI,Voluntary Conversion,KSEI-8562/JKU/0426,https://web.ksei.co.id/Announcement/Files/193118_ksei_8562_jku_0426_202604211757.pdf,518a39fd381c6514422acefb7b4b49ce83bdba3803ffa33716ab751c125be636,UNRESOLVED,VOLUNTARY_TENDER_OFFER,CONVERSION,2026-06-09,,,,,,,NO_EXPLICIT_REGULAR_MARKET_TRANSITION|UNKNOWN_SCHEDULE_FAMILY|NO_LAYOUT_EXPLICIT_TRANSITION
b98002764eb665a3383b008eda9e2716ad89e533fae16d36c72f55bb6572ede1,ASLI,Voluntary Conversion,KSEI-8637/JKU/0425,https://web.ksei.co.id/Announcement/Files/179433_ksei_8637_jku_0425_202504231756.pdf,445d79855f4c8c297561cbbcb2027941e8101891784be88eb19567bd5246c6bd,UNRESOLVED,MANDATORY_TENDER_OFFER,CONVERSION,2025-05-28,2025-05-28,,,,,,NO_EXPLICIT_REGULAR_MARKET_TRANSITION|UNKNOWN_SCHEDULE_FAMILY|NO_LAYOUT_EXPLICIT_TRANSITION
b98002764eb665a3383b008eda9e2716ad89e533fae16d36c72f55bb6572ede1,ASLI,Voluntary Conversion,KSEI-8656/JKU/0424,https://web.ksei.co.id/Announcement/Files/166095_ksei_8656_jku_0424_202404291958.pdf,c85f98ee7d83d698b18db46312b9ea7eea83c44ad6041664909b3a3cf4ebf345,UNRESOLVED,MANDATORY_TENDER_OFFER,CONVERSION,2024-06-05,2024-06-05,,,,,,NO_EXPLICIT_REGULAR_MARKET_TRANSITION|UNKNOWN_SCHEDULE_FAMILY|NO_LAYOUT_EXPLICIT_TRANSITION
b98002764eb665a3383b008eda9e2716ad89e533fae16d36c72f55bb6572ede1,ASLI,Voluntary Conversion,KSEI-8785/JKU/0424,https://web.ksei.co.id/Announcement/Files/166124_ksei_8785_jku_0424_202405031114.pdf,a20c5c8227038b60c44151720498874c5127c23009087736de944c97c660d97d,UNRESOLVED,MANDATORY_TENDER_OFFER,CONVERSION,2024-06-12,,,,,,,NO_EXPLICIT_REGULAR_MARKET_TRANSITION|UNKNOWN_SCHEDULE_FAMILY|NO_LAYOUT_EXPLICIT_TRANSITION
b98002764eb665a3383b008eda9e2716ad89e533fae16d36c72f55bb6572ede1,ASLI,Voluntary Conversion,KSEI-9709/JKU/0524,https://web.ksei.co.id/Announcement/Files/166553_ksei_9709_jku_0524_202405081435.pdf,3c1b09a489b0c737be53d63e7853eab8b2ced31bddd10c7374aa27c1b897eec1,UNRESOLVED,MANDATORY_TENDER_OFFER,CONVERSION,2024-06-14,,,,,,,MISSING_KSEI_REFERENCE|MISSING_TICKER|NO_EXPLICIT_REGULAR_MARKET_TRANSITION|UNKNOWN_SCHEDULE_FAMILY|NO_LAYOUT_EXPLICIT_TRANSITION
da7907c518d9c345e9fd39ff1040594141f3585d868e75e34610b2546ee98359,BABY,Right Distribution,KSEI-8543/JKU/0426,https://web.ksei.co.id/Announcement/Files/BABY_RIGHT_20260428_ID.pdf,6d54c5c678c27e327e2732b178fda426bf5053781331c7c40acb052ff219a896,UNRESOLVED,NONE,RIGHTS_HMETD,,,,,2026-04-29,,,NO_EXPLICIT_REGULAR_MARKET_TRANSITION|NO_LAYOUT_EXPLICIT_TRANSITION|CONFLICTING_LAYOUT_DATES:RECORD_DATE
cc6808069b53474d4a1eddff5fd29f8e8c9f6bac54177cbd4dd24d7af574f4f2,BOGA,Voluntary Conversion,KSEI-1844/JKU/0126,https://web.ksei.co.id/Announcement/Files/190058_ksei_1844_jku_0126_202601271422.pdf,3553d2833c94d119e896008d58fc24d000b351e44fc4d7f0dbeb4cbf962e6ac0,UNRESOLVED,MANDATORY_TENDER_OFFER,UNKNOWN,2026-03-06,,,,,,,NO_EXPLICIT_REGULAR_MARKET_TRANSITION|UNKNOWN_SCHEDULE_FAMILY|NO_LAYOUT_EXPLICIT_TRANSITION
cc6808069b53474d4a1eddff5fd29f8e8c9f6bac54177cbd4dd24d7af574f4f2,BOGA,Voluntary Conversion,KSEI-4273/JKU/0326,https://web.ksei.co.id/Announcement/Files/191257_ksei_4273_jku_0326_202603032012.pdf,a8b159024638e123cb6b783ab498c5fa2fad76b87b3dfe0cc586c3f7c8447d3c,UNRESOLVED,MANDATORY_TENDER_OFFER,UNKNOWN,,,,,,,,NO_EXPLICIT_REGULAR_MARKET_TRANSITION|UNKNOWN_SCHEDULE_FAMILY|NO_LAYOUT_EXPLICIT_TRANSITION|MULTIPLE_DATES_ON_ONE_SEMANTIC_ROW
cc6808069b53474d4a1eddff5fd29f8e8c9f6bac54177cbd4dd24d7af574f4f2,BOGA,Voluntary Conversion,KSEI-9709/JKU/0524,https://web.ksei.co.id/Announcement/Files/166553_ksei_9709_jku_0524_202405081435.pdf,3c1b09a489b0c737be53d63e7853eab8b2ced31bddd10c7374aa27c1b897eec1,UNRESOLVED,MANDATORY_TENDER_OFFER,CONVERSION,2024-06-14,,,,,,,MISSING_KSEI_REFERENCE|MISSING_TICKER|NO_EXPLICIT_REGULAR_MARKET_TRANSITION|UNKNOWN_SCHEDULE_FAMILY|NO_LAYOUT_EXPLICIT_TRANSITION
abbfde50f3d9a4dfa848a9af445ccfb679b265e3fbe3013253fef8ff71def3ae,BUVA,Right Distribution,KSEI-25975/JKU/1025,https://web.ksei.co.id/Announcement/Files/BUVA_RIGHT_20251105_ID.pdf,062336a705faf936a35c1ac45d96785f387547d7993ce178d1bb825ef44a61f4,UNRESOLVED,NONE,RIGHTS_HMETD,,,,,2025-11-06,,,NO_EXPLICIT_REGULAR_MARKET_TRANSITION|NO_LAYOUT_EXPLICIT_TRANSITION|CONFLICTING_LAYOUT_DATES:RECORD_DATE
3ac75071cfbca806f0e133579111cfefcfe30c4d76a86fb8c334d74a550ec196,CNMA,Mixed Dividend,KSEI-8141/JKU/0426,https://web.ksei.co.id/Announcement/Files/192885_ksei_8141_jku_0426_202604161825.pdf,782a1cb7c34500eb5e48dcf5c77742fdbc74a00eeec48b2628c6cca9afc78d15,UNRESOLVED,NONE,MIXED_DIVIDEND,,,,,,,,NO_EXPLICIT_REGULAR_MARKET_TRANSITION|NO_LAYOUT_EXPLICIT_TRANSITION
ea6342da3645aea159162c92bd128bb6d0f1b056187de70b523d9fd806ce67cd,COCO,Right Distribution,KSEI-24163/JKU/1025,https://web.ksei.co.id/Announcement/Files/COCO_RIGHT_20251010_ID.pdf,bc80f75b6e498f1ab97db558f53583af7f8e411c1609bcf3f5fdef3c1028b8cb,UNRESOLVED,NONE,RIGHTS_HMETD,,,,,2025-10-13,,,NO_EXPLICIT_REGULAR_MARKET_TRANSITION|NO_LAYOUT_EXPLICIT_TRANSITION|CONFLICTING_LAYOUT_DATES:RECORD_DATE
e0f232c4b41c5b9b17c2071b9d63dc25bb9eec9b3233272c574c1f7fbf4aacca,CSIS,Right Distribution,KSEI-30120/JKU/1225,https://web.ksei.co.id/Announcement/Files/CSIS_RIGHT_20251223_ID.pdf,8512d0c9f66f1855f1de9974e81b7e8cf88c57f6618cf39188741d19612b46bd,UNRESOLVED,NONE,RIGHTS_HMETD,,,,,2025-12-24,,,MISSING_KSEI_REFERENCE|NO_EXPLICIT_REGULAR_MARKET_TRANSITION|NO_LAYOUT_EXPLICIT_TRANSITION|CONFLICTING_LAYOUT_DATES:RECORD_DATE
e0f232c4b41c5b9b17c2071b9d63dc25bb9eec9b3233272c574c1f7fbf4aacca,CSIS,Right Distribution,KSEI-30340/JKU/1225,https://web.ksei.co.id/Announcement/Files/188702_ksei_30340_jku_1225_202512181208.pdf,276f08ff8c8b7949fa1ed13a0781dcbdb79adab9fb49e16c92c96d1e69faf072,UNRESOLVED,NONE,RIGHTS_HMETD,,,,,2025-12-24,,,NO_EXPLICIT_REGULAR_MARKET_TRANSITION|NO_LAYOUT_EXPLICIT_TRANSITION|CONFLICTING_LAYOUT_DATES:RECORD_DATE
6df97832e47c00fc5653e90659f525a5c8258752f9fc2245803498bdeb30b45e,CUAN,Mandatory Conversion,KSEI-17408/JKU/0725,https://web.ksei.co.id/Announcement/Files/CUAN_MCONV_20250716_ID.pdf,3c28105d133e39d8b5950cbc0e8a4d9b56e6c850655498a615f8da114dded379,UNRESOLVED,NONE,STOCK_SPLIT,,,,2025-07-16,,,,NO_EXPLICIT_REGULAR_MARKET_TRANSITION
52bbd37b7c2b69085d0046175bb3da57ca7d4689e1299cd34c64a779aedcd9a6,CYBR,Mandatory Conversion,KSEI-10461/JKU/0526,https://web.ksei.co.id/Announcement/Files/193975_ksei_10461_jku_0526_202605111733.pdf,0ce4387eb987edf80a6a463aa631ae038a05f5760261430cac0a19057b0ed5fe,UNRESOLVED,NONE,STOCK_SPLIT,,,,2026-05-18,,,,NO_EXPLICIT_REGULAR_MARKET_TRANSITION
52bbd37b7c2b69085d0046175bb3da57ca7d4689e1299cd34c64a779aedcd9a6,CYBR,Mandatory Conversion,KSEI-10703/JKU/0526,https://web.ksei.co.id/Announcement/Files/194067_ksei_10703_jku_0526_202605122007.pdf,4ec2acb57b538b38059b9b128ae8442c62a379b209d63fa0a49096ae1006523d,UNRESOLVED,NONE,STOCK_SPLIT,,,,2026-05-18,,,,MISSING_TICKER|NO_EXPLICIT_REGULAR_MARKET_TRANSITION
63f4648ba4d3f26f02baea5199a23530fb89d9fcfedb56fc4808de62ca5ebe1b,DSSA,Mandatory Conversion,KSEI-17101/JKU/0724,https://web.ksei.co.id/Announcement/Files/DSSA_MCONV_20240719_ID.pdf,002c41c2875b2cf48067f85bfe1f44064c0c7d41cdbc2172f4ade672ae7c6c97,UNRESOLVED,NONE,STOCK_SPLIT,,,,2024-07-19,,,,NO_EXPLICIT_REGULAR_MARKET_TRANSITION
63f4648ba4d3f26f02baea5199a23530fb89d9fcfedb56fc4808de62ca5ebe1b,DSSA,Mandatory Conversion,KSEI-6378/JKU/0326,https://web.ksei.co.id/Announcement/Files/192091_ksei_6378_jku_0326_202603301647.pdf,5208c96b9c569dca1090f4df1e1c1e89ec5eba0a00797f26f91efa04b76ecb8d,UNRESOLVED,DISSENTING_SHAREHOLDER_CASH_REPURCHASE,MERGER_OR_RESTRUCTURING,2026-04-17,,,,,,,MISSING_TICKER|NO_EXPLICIT_REGULAR_MARKET_TRANSITION|NO_LAYOUT_EXPLICIT_TRANSITION
63f4648ba4d3f26f02baea5199a23530fb89d9fcfedb56fc4808de62ca5ebe1b,DSSA,Mandatory Conversion,KSEI-6967/JKU/0426,https://web.ksei.co.id/Announcement/Files/DSSA_MCONV_20260410_ID.pdf,6823ff997a74fd026b44a7da2ad6d24d04daf36b8f366dadee0a7f2b6cc0d4d7,UNRESOLVED,NONE,STOCK_SPLIT,,,,2026-04-10,,,,NO_EXPLICIT_REGULAR_MARKET_TRANSITION
bbdfeca018e052b84ef7b5030710bbb63887b703a18868c05752a195d445a241,DSSA,Mandatory Conversion,KSEI-17101/JKU/0724,https://web.ksei.co.id/Announcement/Files/DSSA_MCONV_20240719_ID.pdf,002c41c2875b2cf48067f85bfe1f44064c0c7d41cdbc2172f4ade672ae7c6c97,UNRESOLVED,NONE,STOCK_SPLIT,,,,2024-07-19,,,,NO_EXPLICIT_REGULAR_MARKET_TRANSITION
bbdfeca018e052b84ef7b5030710bbb63887b703a18868c05752a195d445a241,DSSA,Mandatory Conversion,KSEI-6378/JKU/0326,https://web.ksei.co.id/Announcement/Files/192091_ksei_6378_jku_0326_202603301647.pdf,5208c96b9c569dca1090f4df1e1c1e89ec5eba0a00797f26f91efa04b76ecb8d,UNRESOLVED,DISSENTING_SHAREHOLDER_CASH_REPURCHASE,MERGER_OR_RESTRUCTURING,2026-04-17,,,,,,,MISSING_TICKER|NO_EXPLICIT_REGULAR_MARKET_TRANSITION|NO_LAYOUT_EXPLICIT_TRANSITION
bbdfeca018e052b84ef7b5030710bbb63887b703a18868c05752a195d445a241,DSSA,Mandatory Conversion,KSEI-6967/JKU/0426,https://web.ksei.co.id/Announcement/Files/DSSA_MCONV_20260410_ID.pdf,6823ff997a74fd026b44a7da2ad6d24d04daf36b8f366dadee0a7f2b6cc0d4d7,UNRESOLVED,NONE,STOCK_SPLIT,,,,2026-04-10,,,,NO_EXPLICIT_REGULAR_MARKET_TRANSITION
89045264149e8e558e15a67a19288fb84b2d6f61bef7f98224f3683dc2d96e94,EDGE,Mandatory Conversion,KSEI-16408/JKU/0626,https://web.ksei.co.id/Announcement/Files/196495_ksei_16408_jku_0626_202606251704.pdf,3c5ef2cc173252a40b93e8f2a5ccbc025773dbd9fac3d19de7630eed96c43c5c,UNRESOLVED,VOLUNTARY_TENDER_OFFER,UNKNOWN,2026-08-05,,,,,,,NO_EXPLICIT_REGULAR_MARKET_TRANSITION|UNKNOWN_SCHEDULE_FAMILY|NO_LAYOUT_EXPLICIT_TRANSITION
89045264149e8e558e15a67a19288fb84b2d6f61bef7f98224f3683dc2d96e94,EDGE,Mandatory Conversion,KSEI-19305/JKU/0726,https://web.ksei.co.id/Announcement/Files/197538_ksei_19305_jku_0726_202607221747.pdf,8783860b8fbef818a019cff3f43b4b53f42f2edd62b421c1b4f3d2818defa61b,UNRESOLVED,VOLUNTARY_TENDER_OFFER,UNKNOWN,,,,,,,,NO_EXPLICIT_REGULAR_MARKET_TRANSITION|UNKNOWN_SCHEDULE_FAMILY|NO_LAYOUT_EXPLICIT_TRANSITION
89045264149e8e558e15a67a19288fb84b2d6f61bef7f98224f3683dc2d96e94,EDGE,Mandatory Conversion,KSEI-23549/JKU/1123,https://web.ksei.co.id/Announcement/Files/EDGE_MCONV_20231116_ID.pdf,d346729a43e7c301ddcda431e55251ebaa888a8643b55c30e25f375e0cf7b3e7,UNRESOLVED,NONE,STOCK_SPLIT,,,,2023-11-16,,,,NO_EXPLICIT_REGULAR_MARKET_TRANSITION
8abd467f868678e08a314267bd8f5856b899d5ba53fca7796911123ea611951c,EDGE,Voluntary Conversion,KSEI-16408/JKU/0626,https://web.ksei.co.id/Announcement/Files/196495_ksei_16408_jku_0626_202606251704.pdf,3c5ef2cc173252a40b93e8f2a5ccbc025773dbd9fac3d19de7630eed96c43c5c,UNRESOLVED,VOLUNTARY_TENDER_OFFER,UNKNOWN,2026-08-05,,,,,,,NO_EXPLICIT_REGULAR_MARKET_TRANSITION|UNKNOWN_SCHEDULE_FAMILY|NO_LAYOUT_EXPLICIT_TRANSITION
8abd467f868678e08a314267bd8f5856b899d5ba53fca7796911123ea611951c,EDGE,Voluntary Conversion,KSEI-19305/JKU/0726,https://web.ksei.co.id/Announcement/Files/197538_ksei_19305_jku_0726_202607221747.pdf,8783860b8fbef818a019cff3f43b4b53f42f2edd62b421c1b4f3d2818defa61b,UNRESOLVED,VOLUNTARY_TENDER_OFFER,UNKNOWN,,,,,,,,NO_EXPLICIT_REGULAR_MARKET_TRANSITION|UNKNOWN_SCHEDULE_FAMILY|NO_LAYOUT_EXPLICIT_TRANSITION
8abd467f868678e08a314267bd8f5856b899d5ba53fca7796911123ea611951c,EDGE,Voluntary Conversion,KSEI-23549/JKU/1123,https://web.ksei.co.id/Announcement/Files/EDGE_MCONV_20231116_ID.pdf,d346729a43e7c301ddcda431e55251ebaa888a8643b55c30e25f375e0cf7b3e7,UNRESOLVED,NONE,STOCK_SPLIT,,,,2023-11-16,,,,NO_EXPLICIT_REGULAR_MARKET_TRANSITION
399ac1c15919b44d75d885d969bdead09c381e1f5181b126937c27e7f4e8d018,FITT,Voluntary Conversion,KSEI-2472/JKU/0226,https://web.ksei.co.id/Announcement/Files/190347_ksei_2472_jku_0226_202602041548.pdf,e81059064293299641527638c17157d01cbe8f8cd229d4919711f1458acb8b7b,UNRESOLVED,MANDATORY_TENDER_OFFER,CONVERSION,2026-03-16,,,,,,,NO_EXPLICIT_REGULAR_MARKET_TRANSITION|UNKNOWN_SCHEDULE_FAMILY|NO_LAYOUT_EXPLICIT_TRANSITION
917e1b0620a6c5bcc514411e399b9e4f6f8e0b6c5e98bf58e9f6b113e6cb7136,FORU,Voluntary Conversion,KSEI-10665/JKU/0524,https://web.ksei.co.id/Announcement/Files/166949_ksei_10665_jku_0524_202405170857.pdf,28fc061bcd4e3d77d69d734a68040f18b48383f3114da5909e3403415815d9a6,UNRESOLVED,MANDATORY_TENDER_OFFER,UNKNOWN,,,,,,,,NO_EXPLICIT_REGULAR_MARKET_TRANSITION|UNKNOWN_SCHEDULE_FAMILY|NO_LAYOUT_EXPLICIT_TRANSITION|MULTIPLE_DATES_ON_ONE_SEMANTIC_ROW
917e1b0620a6c5bcc514411e399b9e4f6f8e0b6c5e98bf58e9f6b113e6cb7136,FORU,Voluntary Conversion,KSEI-8785/JKU/0424,https://web.ksei.co.id/Announcement/Files/166124_ksei_8785_jku_0424_202405031114.pdf,a20c5c8227038b60c44151720498874c5127c23009087736de944c97c660d97d,UNRESOLVED,MANDATORY_TENDER_OFFER,CONVERSION,2024-06-12,,,,,,,NO_EXPLICIT_REGULAR_MARKET_TRANSITION|UNKNOWN_SCHEDULE_FAMILY|NO_LAYOUT_EXPLICIT_TRANSITION
4eb092fd4f61fc0f9e5b60e552fe274ad1a970d76d022869565ddfb37b1ac51a,FUTR,Voluntary Conversion,KSEI-30219/JKU/1225,https://web.ksei.co.id/Announcement/Files/188689_ksei_30219_jku_1225_202512171804.pdf,f306c34709831434e70bb43738aecfe8abb559bd53a94d4ead6972c4973e721e,UNRESOLVED,VOLUNTARY_TENDER_OFFER,UNKNOWN,2026-01-27,,,,,,,NO_EXPLICIT_REGULAR_MARKET_TRANSITION|UNKNOWN_SCHEDULE_FAMILY|NO_LAYOUT_EXPLICIT_TRANSITION
4eb092fd4f61fc0f9e5b60e552fe274ad1a970d76d022869565ddfb37b1ac51a,FUTR,Voluntary Conversion,KSEI-4907/JKU/0325,https://web.ksei.co.id/Announcement/Files/177825_ksei_4907_jku_0325_202503101643.pdf,30d4d78ec53a55b67d96a8b152a1873ee9a1e3d300cc555afe0f2bea63462109,UNRESOLVED,MANDATORY_TENDER_OFFER,UNKNOWN,,,,,,,,NO_EXPLICIT_REGULAR_MARKET_TRANSITION|UNKNOWN_SCHEDULE_FAMILY|NO_LAYOUT_EXPLICIT_TRANSITION|CONFLICTING_LAYOUT_DATES:PAYMENT_DATE
4b5d9f62f01085e211e554d6356ce642d5c946463d5dbd23da3c608ccb274694,GMFI,Right Distribution,KSEI-30122/JKU/1225,https://web.ksei.co.id/Announcement/Files/GMFI_RIGHT_20251223_ID.pdf,5102179867d88237470a85be2cf1f4f755dfd0693d3c345650401a884b71409b,UNRESOLVED,NONE,RIGHTS_HMETD,,,,,2025-12-24,,,NO_EXPLICIT_REGULAR_MARKET_TRANSITION|NO_LAYOUT_EXPLICIT_TRANSITION|CONFLICTING_LAYOUT_DATES:RECORD_DATE
6cd48adec365f5fdf35308956e0ac25c5e344f2062e5e06243e468e23311fa00,HILL,Mandatory Conversion,KSEI-5081/JKU/0325,https://web.ksei.co.id/Announcement/Files/HILL_MCONV_20250317_ID.pdf,2155476dcb2d6d20f78b063fdc721f0ad59bfa5240a9f3a5b18c8be725a9ae21,UNRESOLVED,NONE,STOCK_SPLIT,,,,2025-03-17,,,,NO_EXPLICIT_REGULAR_MARKET_TRANSITION
fa33eed5f3b91074b6410d1a79363736f8e763d63956350ce6a68d84114ec985,IATA,Voluntary Conversion,KSEI-8562/JKU/0426,https://web.ksei.co.id/Announcement/Files/193118_ksei_8562_jku_0426_202604211757.pdf,518a39fd381c6514422acefb7b4b49ce83bdba3803ffa33716ab751c125be636,UNRESOLVED,VOLUNTARY_TENDER_OFFER,CONVERSION,2026-06-09,,,,,,,NO_EXPLICIT_REGULAR_MARKET_TRANSITION|UNKNOWN_SCHEDULE_FAMILY|NO_LAYOUT_EXPLICIT_TRANSITION
fa33eed5f3b91074b6410d1a79363736f8e763d63956350ce6a68d84114ec985,IATA,Voluntary Conversion,KSEI-8789/JKU/0426,https://web.ksei.co.id/Announcement/Files/193250_ksei_8789_jku_0426_202604231558.pdf,02ae44af1077ffe72bf01071689879ffebf45dd1bbdb1a619c4996f04729e74f,UNRESOLVED,VOLUNTARY_TENDER_OFFER,UNKNOWN,,,,,,,,NO_EXPLICIT_REGULAR_MARKET_TRANSITION|UNKNOWN_SCHEDULE_FAMILY|NO_LAYOUT_EXPLICIT_TRANSITION
6932b3fba9803f124c0ad0c016b126beccd84aaddfb99807f1aaf1074bfc6ddb,IMJS,Right Distribution,KSEI-29031/JKU/1225,https://web.ksei.co.id/Announcement/Files/IMJS_RIGHT_20251210_ID.pdf,c254d24e430410f96c5f85d23a3ba8196f1db41cc755a1dea67ed1d598e6ad83,UNRESOLVED,NONE,RIGHTS_HMETD,,,,,2025-12-11,,,NO_EXPLICIT_REGULAR_MARKET_TRANSITION|NO_LAYOUT_EXPLICIT_TRANSITION|CONFLICTING_LAYOUT_DATES:RECORD_DATE
bfce385f0295b8ac7fbad1417586586e6f4959f1ba24a50ffe3e997505180c50,INDS,Mandatory Conversion,KSEI-15867/JKU/0724,https://web.ksei.co.id/Announcement/Files/168973_ksei_15867_jku_0724_202407020938.pdf,1376a82691758b73b5629012deb67c497b57e4d7f2bd9d65fe6fa5ea5211bb32,UNRESOLVED,NONE,STOCK_SPLIT,,,,2024-07-05,,,,NO_EXPLICIT_REGULAR_MARKET_TRANSITION
0d4574c52b80b7160a9ff56ce2f70316c5326204d5d033df50407ebae95f1dc6,INET,Right Distribution,KSEI-15293/JKU/0626,https://web.ksei.co.id/Announcement/Files/195898_ksei_15293_jku_0626_202606171756.pdf,0247f1e1ee31146ae402b7dbba6a1b83d8d7bc1195da62df04f65121c17d1d67,UNRESOLVED,MANDATORY_TENDER_OFFER,UNKNOWN,2026-07-21,,,,,,,NO_EXPLICIT_REGULAR_MARKET_TRANSITION|UNKNOWN_SCHEDULE_FAMILY|NO_LAYOUT_EXPLICIT_TRANSITION
0d4574c52b80b7160a9ff56ce2f70316c5326204d5d033df50407ebae95f1dc6,INET,Right Distribution,KSEI-31139/JKU/1225,https://web.ksei.co.id/Announcement/Files/189080_ksei_31139_jku_1225_202601071742.pdf,464dff8f436c2ae9c8233a13ff7c4055fb5afa8c906d27aabf53c02bc22f0d54,UNRESOLVED,NONE,RIGHTS_HMETD,,,,,2026-01-07,,,MISSING_KSEI_REFERENCE|NO_EXPLICIT_REGULAR_MARKET_TRANSITION|NO_LAYOUT_EXPLICIT_TRANSITION|CONFLICTING_LAYOUT_DATES:RECORD_DATE
0d4574c52b80b7160a9ff56ce2f70316c5326204d5d033df50407ebae95f1dc6,INET,Right Distribution,KSEI-31354/JKU/1225,https://web.ksei.co.id/Announcement/Files/189233_ksei_31354_jku_1225_202512301528.pdf,fdb26bc1d49d02d5019bd2ad9e85fcd10e90f56cd157377aec98db0f8091f2c8,UNRESOLVED,NONE,RIGHTS_HMETD,,,,,2026-01-07,,,NO_EXPLICIT_REGULAR_MARKET_TRANSITION|NO_LAYOUT_EXPLICIT_TRANSITION|CONFLICTING_LAYOUT_DATES:RECORD_DATE
cff20e6754442d3eebb71fb2dc0438f85271a92b5de9f80f23d539953bc72b7f,IRSX,Voluntary Conversion,KSEI-22615/JKU/0925,https://web.ksei.co.id/Announcement/Files/185006_ksei_22615_jku_0925_202509161530.pdf,df37637e0e55f835833577b466e9852d76cc517b33e134d1b19986075a7e494d,UNRESOLVED,MANDATORY_TENDER_OFFER,UNKNOWN,2025-10-21,,,,,,,NO_EXPLICIT_REGULAR_MARKET_TRANSITION|UNKNOWN_SCHEDULE_FAMILY|NO_LAYOUT_EXPLICIT_TRANSITION
2f7279f2a13446607720af7a1dbbbde51cb542cc94bee3cecec32794202243c4,JARR,Voluntary Conversion,KSEI-24442/JKU/1123,https://web.ksei.co.id/Announcement/Files/161214_ksei_24442_jku_1123_202311221748.pdf,88ea646546d05ded9ca03182ea72b3fde8885846e008a83de4dd0210ba6ba2be,UNRESOLVED,DISSENTING_SHAREHOLDER_CASH_REPURCHASE,MERGER_OR_RESTRUCTURING,2023-12-07,,,,,,,NO_EXPLICIT_REGULAR_MARKET_TRANSITION|NO_LAYOUT_EXPLICIT_TRANSITION
2958f1557431fb9a8c616cf95c4de6ba9114c92736d0e5926481414179684a90,KETR,Voluntary Conversion,KSEI-18067/JKU/0726,https://web.ksei.co.id/Announcement/Files/197030_ksei_18067_jku_0726_202607091715.pdf,bf2964ca8d2d7c83c3300371e4309864c61df7dfffad5f26deabae457d69901e,UNRESOLVED,VOLUNTARY_TENDER_OFFER,CONVERSION,2026-08-14,,,,,,,NO_EXPLICIT_REGULAR_MARKET_TRANSITION|UNKNOWN_SCHEDULE_FAMILY|NO_LAYOUT_EXPLICIT_TRANSITION
2958f1557431fb9a8c616cf95c4de6ba9114c92736d0e5926481414179684a90,KETR,Voluntary Conversion,KSEI-20516/JKU/0826,https://web.ksei.co.id/Announcement/Files/198044_ksei_20516_jku_0826_202608061827.pdf,e09bd0aa26a0e7e66b7353ed27aabcc9b9bd86390a395e49af06101ce20e11f7,UNRESOLVED,VOLUNTARY_TENDER_OFFER,UNKNOWN,,,,,,,,NO_EXPLICIT_REGULAR_MARKET_TRANSITION|UNKNOWN_SCHEDULE_FAMILY|NO_LAYOUT_EXPLICIT_TRANSITION
5fc1b2277927ea7fc2ef0cf63be2725ec04351dcffbbaf4f6749b6ed9f784ee0,KETR,Voluntary Conversion,KSEI-18067/JKU/0726,https://web.ksei.co.id/Announcement/Files/197030_ksei_18067_jku_0726_202607091715.pdf,bf2964ca8d2d7c83c3300371e4309864c61df7dfffad5f26deabae457d69901e,UNRESOLVED,VOLUNTARY_TENDER_OFFER,CONVERSION,2026-08-14,,,,,,,NO_EXPLICIT_REGULAR_MARKET_TRANSITION|UNKNOWN_SCHEDULE_FAMILY|NO_LAYOUT_EXPLICIT_TRANSITION
5fc1b2277927ea7fc2ef0cf63be2725ec04351dcffbbaf4f6749b6ed9f784ee0,KETR,Voluntary Conversion,KSEI-20516/JKU/0826,https://web.ksei.co.id/Announcement/Files/198044_ksei_20516_jku_0826_202608061827.pdf,e09bd0aa26a0e7e66b7353ed27aabcc9b9bd86390a395e49af06101ce20e11f7,UNRESOLVED,VOLUNTARY_TENDER_OFFER,UNKNOWN,,,,,,,,NO_EXPLICIT_REGULAR_MARKET_TRANSITION|UNKNOWN_SCHEDULE_FAMILY|NO_LAYOUT_EXPLICIT_TRANSITION
238f1fc7600a9f4475aa3e5e6710862f48977e008f4692619062f31a04cab1bc,MEJA,Stock Dividend,KSEI-6229/JKU/0326,https://web.ksei.co.id/Announcement/Files/192032_ksei_6229_jku_0326_202603271801.pdf,ff4201f45918cd77832fcde143d8013998ad2469ebb28d497dac1fb0e1377c8f,UNRESOLVED,MANDATORY_TENDER_OFFER,CONVERSION,2026-04-28,,,,,,,NO_EXPLICIT_REGULAR_MARKET_TRANSITION|UNKNOWN_SCHEDULE_FAMILY|NO_LAYOUT_EXPLICIT_TRANSITION
8e0c37b92e68aa480e69f7e717a6e69b79c26e5137d3850b7e58b2b097ef0594,MEJA,Right Distribution,KSEI-6229/JKU/0326,https://web.ksei.co.id/Announcement/Files/192032_ksei_6229_jku_0326_202603271801.pdf,ff4201f45918cd77832fcde143d8013998ad2469ebb28d497dac1fb0e1377c8f,UNRESOLVED,MANDATORY_TENDER_OFFER,CONVERSION,2026-04-28,,,,,,,NO_EXPLICIT_REGULAR_MARKET_TRANSITION|UNKNOWN_SCHEDULE_FAMILY|NO_LAYOUT_EXPLICIT_TRANSITION
1f7723ddc435da97bb2f343f04beb9a37669b16717c768428f612e50ffeb05f7,MFIN,Voluntary Conversion,KSEI-16892/JKU/0725,https://web.ksei.co.id/Announcement/Files/182650_ksei_16892_jku_0725_202507031822.pdf,78cc09b19f75bc6d4b6b21caeb529be390484236c614196233d942c42f8db54b,UNRESOLVED,SHARE_BUYBACK_CASH,MERGER_OR_RESTRUCTURING,2025-09-26,,,,,,,NO_EXPLICIT_REGULAR_MARKET_TRANSITION|UNKNOWN_SCHEDULE_FAMILY|NO_LAYOUT_EXPLICIT_TRANSITION
1f7723ddc435da97bb2f343f04beb9a37669b16717c768428f612e50ffeb05f7,MFIN,Voluntary Conversion,KSEI-16896/JKU/0725,https://web.ksei.co.id/Announcement/Files/182651_ksei_16896_jku_0725_202507031823.pdf,0bc815b45880e1660b0d5ff812fa2ca92d72ae7da22755e429583998d0890a9c,UNRESOLVED,SHARE_BUYBACK_CASH,MERGER_OR_RESTRUCTURING,2025-09-26,,,,,,,NO_EXPLICIT_REGULAR_MARKET_TRANSITION|UNKNOWN_SCHEDULE_FAMILY|NO_LAYOUT_EXPLICIT_TRANSITION
1f7723ddc435da97bb2f343f04beb9a37669b16717c768428f612e50ffeb05f7,MFIN,Voluntary Conversion,KSEI-16924/JKU/0725,https://web.ksei.co.id/Announcement/Files/182649_ksei_16924_jku_0725_202507031821.pdf,c8c6ae32b100146e0b5766e74288c3aaf7c7aa2594b0da2355ed1e96aa84a350,UNRESOLVED,NONE,MERGER_OR_RESTRUCTURING,,,,,,,,MISSING_TICKER|NO_EXPLICIT_REGULAR_MARKET_TRANSITION|NO_LAYOUT_EXPLICIT_TRANSITION
1f7723ddc435da97bb2f343f04beb9a37669b16717c768428f612e50ffeb05f7,MFIN,Voluntary Conversion,KSEI-17202/JKU/0725,https://web.ksei.co.id/Announcement/Files/182724_ksei_17202_jku_0725_202507071821.pdf,506119a62e4bfa9cf012cf0371fef475a5ee3899821848c07cf3c4859db67f1c,UNRESOLVED,NONE,UNKNOWN,,,,,,,,NO_EXPLICIT_REGULAR_MARKET_TRANSITION|UNKNOWN_SCHEDULE_FAMILY|NO_LAYOUT_EXPLICIT_TRANSITION
1f7723ddc435da97bb2f343f04beb9a37669b16717c768428f612e50ffeb05f7,MFIN,Voluntary Conversion,KSEI-18070/JKU/0724,https://web.ksei.co.id/Announcement/Files/169716_ksei_18070_jku_0724_202407230952.pdf,e66823eb03ad648efb106c61903a539e0a677916f9b0a2b21d6dbd1e1c069f87,UNRESOLVED,MANDATORY_TENDER_OFFER,CONVERSION,2024-08-28,2024-08-28,,,,,,NO_EXPLICIT_REGULAR_MARKET_TRANSITION|UNKNOWN_SCHEDULE_FAMILY|NO_LAYOUT_EXPLICIT_TRANSITION
1f7723ddc435da97bb2f343f04beb9a37669b16717c768428f612e50ffeb05f7,MFIN,Voluntary Conversion,KSEI-22124/JKU/0925,https://web.ksei.co.id/Announcement/Files/184846_ksei_22124_jku_0925_202509081315.pdf,c0b393c73a28f4ac1e3e242f2af0b3502101d9ca79cda6b7957ceba5a19cb5b8,UNRESOLVED,SHARE_BUYBACK_CASH,MERGER_OR_RESTRUCTURING,,,,,,,,NO_EXPLICIT_REGULAR_MARKET_TRANSITION|UNKNOWN_SCHEDULE_FAMILY|NO_LAYOUT_EXPLICIT_TRANSITION
1f7723ddc435da97bb2f343f04beb9a37669b16717c768428f612e50ffeb05f7,MFIN,Voluntary Conversion,KSEI-23593/JKU/0925,https://web.ksei.co.id/Announcement/Files/185416_ksei_23593_jku_0925_202509262039.pdf,7df4549ca449ac2dcfa109c266ea8fbe059ba8e5eb92580bcebf993da4485838,UNRESOLVED,NONE,MERGER_OR_RESTRUCTURING,,,,2025-09-30,,,,MISSING_TICKER|NO_EXPLICIT_REGULAR_MARKET_TRANSITION|NO_LAYOUT_EXPLICIT_TRANSITION
20793514970c8d6a1bb294a86a491a344faf9e0bb2530bce20b8a690f1975835,MFIN,Voluntary Conversion,KSEI-16892/JKU/0725,https://web.ksei.co.id/Announcement/Files/182650_ksei_16892_jku_0725_202507031822.pdf,78cc09b19f75bc6d4b6b21caeb529be390484236c614196233d942c42f8db54b,UNRESOLVED,SHARE_BUYBACK_CASH,MERGER_OR_RESTRUCTURING,2025-09-26,,,,,,,NO_EXPLICIT_REGULAR_MARKET_TRANSITION|UNKNOWN_SCHEDULE_FAMILY|NO_LAYOUT_EXPLICIT_TRANSITION
20793514970c8d6a1bb294a86a491a344faf9e0bb2530bce20b8a690f1975835,MFIN,Voluntary Conversion,KSEI-16896/JKU/0725,https://web.ksei.co.id/Announcement/Files/182651_ksei_16896_jku_0725_202507031823.pdf,0bc815b45880e1660b0d5ff812fa2ca92d72ae7da22755e429583998d0890a9c,UNRESOLVED,SHARE_BUYBACK_CASH,MERGER_OR_RESTRUCTURING,2025-09-26,,,,,,,NO_EXPLICIT_REGULAR_MARKET_TRANSITION|UNKNOWN_SCHEDULE_FAMILY|NO_LAYOUT_EXPLICIT_TRANSITION
20793514970c8d6a1bb294a86a491a344faf9e0bb2530bce20b8a690f1975835,MFIN,Voluntary Conversion,KSEI-16924/JKU/0725,https://web.ksei.co.id/Announcement/Files/182649_ksei_16924_jku_0725_202507031821.pdf,c8c6ae32b100146e0b5766e74288c3aaf7c7aa2594b0da2355ed1e96aa84a350,UNRESOLVED,NONE,MERGER_OR_RESTRUCTURING,,,,,,,,MISSING_TICKER|NO_EXPLICIT_REGULAR_MARKET_TRANSITION|NO_LAYOUT_EXPLICIT_TRANSITION
20793514970c8d6a1bb294a86a491a344faf9e0bb2530bce20b8a690f1975835,MFIN,Voluntary Conversion,KSEI-17202/JKU/0725,https://web.ksei.co.id/Announcement/Files/182724_ksei_17202_jku_0725_202507071821.pdf,506119a62e4bfa9cf012cf0371fef475a5ee3899821848c07cf3c4859db67f1c,UNRESOLVED,NONE,UNKNOWN,,,,,,,,NO_EXPLICIT_REGULAR_MARKET_TRANSITION|UNKNOWN_SCHEDULE_FAMILY|NO_LAYOUT_EXPLICIT_TRANSITION
20793514970c8d6a1bb294a86a491a344faf9e0bb2530bce20b8a690f1975835,MFIN,Voluntary Conversion,KSEI-18070/JKU/0724,https://web.ksei.co.id/Announcement/Files/169716_ksei_18070_jku_0724_202407230952.pdf,e66823eb03ad648efb106c61903a539e0a677916f9b0a2b21d6dbd1e1c069f87,UNRESOLVED,MANDATORY_TENDER_OFFER,CONVERSION,2024-08-28,2024-08-28,,,,,,NO_EXPLICIT_REGULAR_MARKET_TRANSITION|UNKNOWN_SCHEDULE_FAMILY|NO_LAYOUT_EXPLICIT_TRANSITION
20793514970c8d6a1bb294a86a491a344faf9e0bb2530bce20b8a690f1975835,MFIN,Voluntary Conversion,KSEI-22124/JKU/0925,https://web.ksei.co.id/Announcement/Files/184846_ksei_22124_jku_0925_202509081315.pdf,c0b393c73a28f4ac1e3e242f2af0b3502101d9ca79cda6b7957ceba5a19cb5b8,UNRESOLVED,SHARE_BUYBACK_CASH,MERGER_OR_RESTRUCTURING,,,,,,,,NO_EXPLICIT_REGULAR_MARKET_TRANSITION|UNKNOWN_SCHEDULE_FAMILY|NO_LAYOUT_EXPLICIT_TRANSITION
20793514970c8d6a1bb294a86a491a344faf9e0bb2530bce20b8a690f1975835,MFIN,Voluntary Conversion,KSEI-23593/JKU/0925,https://web.ksei.co.id/Announcement/Files/185416_ksei_23593_jku_0925_202509262039.pdf,7df4549ca449ac2dcfa109c266ea8fbe059ba8e5eb92580bcebf993da4485838,UNRESOLVED,NONE,MERGER_OR_RESTRUCTURING,,,,2025-09-30,,,,MISSING_TICKER|NO_EXPLICIT_REGULAR_MARKET_TRANSITION|NO_LAYOUT_EXPLICIT_TRANSITION
547e0965216399d6c2002fd3ba7d687546d60f12f878a308e05d350aa5152167,MFIN,Voluntary Conversion,KSEI-16892/JKU/0725,https://web.ksei.co.id/Announcement/Files/182650_ksei_16892_jku_0725_202507031822.pdf,78cc09b19f75bc6d4b6b21caeb529be390484236c614196233d942c42f8db54b,UNRESOLVED,SHARE_BUYBACK_CASH,MERGER_OR_RESTRUCTURING,2025-09-26,,,,,,,NO_EXPLICIT_REGULAR_MARKET_TRANSITION|UNKNOWN_SCHEDULE_FAMILY|NO_LAYOUT_EXPLICIT_TRANSITION
547e0965216399d6c2002fd3ba7d687546d60f12f878a308e05d350aa5152167,MFIN,Voluntary Conversion,KSEI-16896/JKU/0725,https://web.ksei.co.id/Announcement/Files/182651_ksei_16896_jku_0725_202507031823.pdf,0bc815b45880e1660b0d5ff812fa2ca92d72ae7da22755e429583998d0890a9c,UNRESOLVED,SHARE_BUYBACK_CASH,MERGER_OR_RESTRUCTURING,2025-09-26,,,,,,,NO_EXPLICIT_REGULAR_MARKET_TRANSITION|UNKNOWN_SCHEDULE_FAMILY|NO_LAYOUT_EXPLICIT_TRANSITION
547e0965216399d6c2002fd3ba7d687546d60f12f878a308e05d350aa5152167,MFIN,Voluntary Conversion,KSEI-16924/JKU/0725,https://web.ksei.co.id/Announcement/Files/182649_ksei_16924_jku_0725_202507031821.pdf,c8c6ae32b100146e0b5766e74288c3aaf7c7aa2594b0da2355ed1e96aa84a350,UNRESOLVED,NONE,MERGER_OR_RESTRUCTURING,,,,,,,,MISSING_TICKER|NO_EXPLICIT_REGULAR_MARKET_TRANSITION|NO_LAYOUT_EXPLICIT_TRANSITION
547e0965216399d6c2002fd3ba7d687546d60f12f878a308e05d350aa5152167,MFIN,Voluntary Conversion,KSEI-17202/JKU/0725,https://web.ksei.co.id/Announcement/Files/182724_ksei_17202_jku_0725_202507071821.pdf,506119a62e4bfa9cf012cf0371fef475a5ee3899821848c07cf3c4859db67f1c,UNRESOLVED,NONE,UNKNOWN,,,,,,,,NO_EXPLICIT_REGULAR_MARKET_TRANSITION|UNKNOWN_SCHEDULE_FAMILY|NO_LAYOUT_EXPLICIT_TRANSITION
547e0965216399d6c2002fd3ba7d687546d60f12f878a308e05d350aa5152167,MFIN,Voluntary Conversion,KSEI-18070/JKU/0724,https://web.ksei.co.id/Announcement/Files/169716_ksei_18070_jku_0724_202407230952.pdf,e66823eb03ad648efb106c61903a539e0a677916f9b0a2b21d6dbd1e1c069f87,UNRESOLVED,MANDATORY_TENDER_OFFER,CONVERSION,2024-08-28,2024-08-28,,,,,,NO_EXPLICIT_REGULAR_MARKET_TRANSITION|UNKNOWN_SCHEDULE_FAMILY|NO_LAYOUT_EXPLICIT_TRANSITION
547e0965216399d6c2002fd3ba7d687546d60f12f878a308e05d350aa5152167,MFIN,Voluntary Conversion,KSEI-22124/JKU/0925,https://web.ksei.co.id/Announcement/Files/184846_ksei_22124_jku_0925_202509081315.pdf,c0b393c73a28f4ac1e3e242f2af0b3502101d9ca79cda6b7957ceba5a19cb5b8,UNRESOLVED,SHARE_BUYBACK_CASH,MERGER_OR_RESTRUCTURING,,,,,,,,NO_EXPLICIT_REGULAR_MARKET_TRANSITION|UNKNOWN_SCHEDULE_FAMILY|NO_LAYOUT_EXPLICIT_TRANSITION
547e0965216399d6c2002fd3ba7d687546d60f12f878a308e05d350aa5152167,MFIN,Voluntary Conversion,KSEI-23593/JKU/0925,https://web.ksei.co.id/Announcement/Files/185416_ksei_23593_jku_0925_202509262039.pdf,7df4549ca449ac2dcfa109c266ea8fbe059ba8e5eb92580bcebf993da4485838,UNRESOLVED,NONE,MERGER_OR_RESTRUCTURING,,,,2025-09-30,,,,MISSING_TICKER|NO_EXPLICIT_REGULAR_MARKET_TRANSITION|NO_LAYOUT_EXPLICIT_TRANSITION
d359658134eb9558388844a6eb0229554014b6f26ee0f9ee10194687945bc7c8,MFIN,Mandatory Conversion,KSEI-16892/JKU/0725,https://web.ksei.co.id/Announcement/Files/182650_ksei_16892_jku_0725_202507031822.pdf,78cc09b19f75bc6d4b6b21caeb529be390484236c614196233d942c42f8db54b,UNRESOLVED,SHARE_BUYBACK_CASH,MERGER_OR_RESTRUCTURING,2025-09-26,,,,,,,NO_EXPLICIT_REGULAR_MARKET_TRANSITION|UNKNOWN_SCHEDULE_FAMILY|NO_LAYOUT_EXPLICIT_TRANSITION
d359658134eb9558388844a6eb0229554014b6f26ee0f9ee10194687945bc7c8,MFIN,Mandatory Conversion,KSEI-16896/JKU/0725,https://web.ksei.co.id/Announcement/Files/182651_ksei_16896_jku_0725_202507031823.pdf,0bc815b45880e1660b0d5ff812fa2ca92d72ae7da22755e429583998d0890a9c,UNRESOLVED,SHARE_BUYBACK_CASH,MERGER_OR_RESTRUCTURING,2025-09-26,,,,,,,NO_EXPLICIT_REGULAR_MARKET_TRANSITION|UNKNOWN_SCHEDULE_FAMILY|NO_LAYOUT_EXPLICIT_TRANSITION
d359658134eb9558388844a6eb0229554014b6f26ee0f9ee10194687945bc7c8,MFIN,Mandatory Conversion,KSEI-16924/JKU/0725,https://web.ksei.co.id/Announcement/Files/182649_ksei_16924_jku_0725_202507031821.pdf,c8c6ae32b100146e0b5766e74288c3aaf7c7aa2594b0da2355ed1e96aa84a350,UNRESOLVED,NONE,MERGER_OR_RESTRUCTURING,,,,,,,,MISSING_TICKER|NO_EXPLICIT_REGULAR_MARKET_TRANSITION|NO_LAYOUT_EXPLICIT_TRANSITION
d359658134eb9558388844a6eb0229554014b6f26ee0f9ee10194687945bc7c8,MFIN,Mandatory Conversion,KSEI-17202/JKU/0725,https://web.ksei.co.id/Announcement/Files/182724_ksei_17202_jku_0725_202507071821.pdf,506119a62e4bfa9cf012cf0371fef475a5ee3899821848c07cf3c4859db67f1c,UNRESOLVED,NONE,UNKNOWN,,,,,,,,NO_EXPLICIT_REGULAR_MARKET_TRANSITION|UNKNOWN_SCHEDULE_FAMILY|NO_LAYOUT_EXPLICIT_TRANSITION
d359658134eb9558388844a6eb0229554014b6f26ee0f9ee10194687945bc7c8,MFIN,Mandatory Conversion,KSEI-18070/JKU/0724,https://web.ksei.co.id/Announcement/Files/169716_ksei_18070_jku_0724_202407230952.pdf,e66823eb03ad648efb106c61903a539e0a677916f9b0a2b21d6dbd1e1c069f87,UNRESOLVED,MANDATORY_TENDER_OFFER,CONVERSION,2024-08-28,2024-08-28,,,,,,NO_EXPLICIT_REGULAR_MARKET_TRANSITION|UNKNOWN_SCHEDULE_FAMILY|NO_LAYOUT_EXPLICIT_TRANSITION
d359658134eb9558388844a6eb0229554014b6f26ee0f9ee10194687945bc7c8,MFIN,Mandatory Conversion,KSEI-22124/JKU/0925,https://web.ksei.co.id/Announcement/Files/184846_ksei_22124_jku_0925_202509081315.pdf,c0b393c73a28f4ac1e3e242f2af0b3502101d9ca79cda6b7957ceba5a19cb5b8,UNRESOLVED,SHARE_BUYBACK_CASH,MERGER_OR_RESTRUCTURING,,,,,,,,NO_EXPLICIT_REGULAR_MARKET_TRANSITION|UNKNOWN_SCHEDULE_FAMILY|NO_LAYOUT_EXPLICIT_TRANSITION
d359658134eb9558388844a6eb0229554014b6f26ee0f9ee10194687945bc7c8,MFIN,Mandatory Conversion,KSEI-23593/JKU/0925,https://web.ksei.co.id/Announcement/Files/185416_ksei_23593_jku_0925_202509262039.pdf,7df4549ca449ac2dcfa109c266ea8fbe059ba8e5eb92580bcebf993da4485838,UNRESOLVED,NONE,MERGER_OR_RESTRUCTURING,,,,2025-09-30,,,,MISSING_TICKER|NO_EXPLICIT_REGULAR_MARKET_TRANSITION|NO_LAYOUT_EXPLICIT_TRANSITION
80901104db453da0a667552075933b68d41dec45e0a32c3292357ef913f34878,MLPT,Mandatory Conversion,KSEI-18691/JKU/0726,https://web.ksei.co.id/Announcement/Files/MLPT_MCONV_20260722_ID.pdf,3d98ae958b06fa191ed21e5e2bc89ad4695631aaaad345e2c814d60252c25b11,UNRESOLVED,NONE,STOCK_SPLIT,,,,2026-07-22,,,,NO_EXPLICIT_REGULAR_MARKET_TRANSITION
0c37b0c084e7bb166b6af25306f9b18186cdd1f24e89bfad69c044f7b56dece7,MSIN,Mandatory Conversion,KSEI-23410/JKU/1024,https://web.ksei.co.id/Announcement/Files/MSIN_MCONV_20241008_ID.pdf,04f3084dff361bb1482dcccc7d659c32352b84bc70ac68ff83206d9406a1dbab,UNRESOLVED,NONE,STOCK_SPLIT,,,,2024-10-08,,,,NO_EXPLICIT_REGULAR_MARKET_TRANSITION
d92748ec738027eb23c560fd5c7c0ab2773da4018d4d84209f5a9ba6aa451e1f,NETV,Voluntary Conversion,KSEI-24744/JKU/1024,https://web.ksei.co.id/Announcement/Files/172783_ksei_24744_jku_1024_202410181515.pdf,7dd3bd41b82367907586d23d60b966d3cc354c24730e03f8db2e2360ec65a1f4,UNRESOLVED,NONE,STOCK_SPLIT,2024-11-05,2024-11-05,,2024-10-30,,2024-10-23,REGULAR_MARKET_EX_DATE,NO_EXPLICIT_REGULAR_MARKET_TRANSITION
d92748ec738027eb23c560fd5c7c0ab2773da4018d4d84209f5a9ba6aa451e1f,NETV,Voluntary Conversion,KSEI-24991/JKU/1024,https://web.ksei.co.id/Announcement/Files/172861_ksei_24991_jku_1024_202410221717.pdf,4b41327c3e1ab8ec1a95107155b59c444a49a4e25e3f62123425cb010ca282fd,UNRESOLVED,NONE,STOCK_SPLIT,,,,,,,,MISSING_TICKER|NO_EXPLICIT_REGULAR_MARKET_TRANSITION|NO_LAYOUT_EXPLICIT_TRANSITION
d92748ec738027eb23c560fd5c7c0ab2773da4018d4d84209f5a9ba6aa451e1f,NETV,Voluntary Conversion,KSEI-25594/JKU/1024,https://web.ksei.co.id/Announcement/Files/173172_ksei_25594_jku_1024_202410311702.pdf,dba726f9c0578de5fa1c028628d1b62ec5334fd05b893e8ce2c664a025e934d2,UNRESOLVED,NONE,STOCK_SPLIT,,,,,,,,MISSING_TICKER|NO_EXPLICIT_REGULAR_MARKET_TRANSITION|NO_LAYOUT_EXPLICIT_TRANSITION
f93d1060609048cf1b9fd63a9c85b29bbd0ab6b5873185a33fcc45aa1ff532ff,NETV,Mandatory Conversion,KSEI-24744/JKU/1024,https://web.ksei.co.id/Announcement/Files/172783_ksei_24744_jku_1024_202410181515.pdf,7dd3bd41b82367907586d23d60b966d3cc354c24730e03f8db2e2360ec65a1f4,UNRESOLVED,NONE,STOCK_SPLIT,2024-11-05,2024-11-05,,2024-10-30,,2024-10-23,REGULAR_MARKET_EX_DATE,NO_EXPLICIT_REGULAR_MARKET_TRANSITION
f93d1060609048cf1b9fd63a9c85b29bbd0ab6b5873185a33fcc45aa1ff532ff,NETV,Mandatory Conversion,KSEI-24991/JKU/1024,https://web.ksei.co.id/Announcement/Files/172861_ksei_24991_jku_1024_202410221717.pdf,4b41327c3e1ab8ec1a95107155b59c444a49a4e25e3f62123425cb010ca282fd,UNRESOLVED,NONE,STOCK_SPLIT,,,,,,,,MISSING_TICKER|NO_EXPLICIT_REGULAR_MARKET_TRANSITION|NO_LAYOUT_EXPLICIT_TRANSITION
f93d1060609048cf1b9fd63a9c85b29bbd0ab6b5873185a33fcc45aa1ff532ff,NETV,Mandatory Conversion,KSEI-25594/JKU/1024,https://web.ksei.co.id/Announcement/Files/173172_ksei_25594_jku_1024_202410311702.pdf,dba726f9c0578de5fa1c028628d1b62ec5334fd05b893e8ce2c664a025e934d2,UNRESOLVED,NONE,STOCK_SPLIT,,,,,,,,MISSING_TICKER|NO_EXPLICIT_REGULAR_MARKET_TRANSITION|NO_LAYOUT_EXPLICIT_TRANSITION
3831444b55de6bcdbc9cb06fb24dacf6f140551aec5a13a29ec11e0ade43729b,NINE,Voluntary Conversion,KSEI-30437/JKU/1225,https://web.ksei.co.id/Announcement/Files/188758_ksei_30437_jku_1225_202512191530.pdf,e2637d2e5090786cb22281087fdd26382b8cceb59c5c15b78e905b2a794e370f,UNRESOLVED,MANDATORY_TENDER_OFFER,UNKNOWN,,2026-01-27,,,,,,NO_EXPLICIT_REGULAR_MARKET_TRANSITION|UNKNOWN_SCHEDULE_FAMILY|NO_LAYOUT_EXPLICIT_TRANSITION
3831444b55de6bcdbc9cb06fb24dacf6f140551aec5a13a29ec11e0ade43729b,NINE,Voluntary Conversion,KSEI-8562/JKU/0426,https://web.ksei.co.id/Announcement/Files/193118_ksei_8562_jku_0426_202604211757.pdf,518a39fd381c6514422acefb7b4b49ce83bdba3803ffa33716ab751c125be636,UNRESOLVED,VOLUNTARY_TENDER_OFFER,CONVERSION,2026-06-09,,,,,,,NO_EXPLICIT_REGULAR_MARKET_TRANSITION|UNKNOWN_SCHEDULE_FAMILY|NO_LAYOUT_EXPLICIT_TRANSITION
10e24d3621e0f5e65833655b2e11938fc53d64e68c03e6c87658eb74bb2ae26b,NISP,Voluntary Conversion,KSEI-18871/JKU/0824,https://web.ksei.co.id/Announcement/Files/170083_ksei_18871_jku_0824_202408021645.pdf,e10df1986f9010838536a32cb7adf7be6088c0da3ebd719215aacba8f4ee007c,UNRESOLVED,SHARE_BUYBACK_CASH,MERGER_OR_RESTRUCTURING,,,,,,,,MISSING_TICKER|NO_EXPLICIT_REGULAR_MARKET_TRANSITION|NO_LAYOUT_EXPLICIT_TRANSITION|CONFLICTING_LAYOUT_DATES:PAYMENT_DATE
b92e80322a60a5d6c7cb138f3edb650e17fe5ce3e59fcd2c3f6801dce55fb8df,PACK,Right Distribution,KSEI-3978/JKU/0225,https://web.ksei.co.id/Announcement/Files/177376_ksei_3978_jku_0225_202502261637.pdf,a4db1d730853f5bc3b1737820a661e725cf85e58c6fb7fce9ac83af46796936e,UNRESOLVED,MANDATORY_TENDER_OFFER,CONVERSION,2025-03-27,,,,,,,NO_EXPLICIT_REGULAR_MARKET_TRANSITION|UNKNOWN_SCHEDULE_FAMILY|NO_LAYOUT_EXPLICIT_TRANSITION
b92e80322a60a5d6c7cb138f3edb650e17fe5ce3e59fcd2c3f6801dce55fb8df,PACK,Right Distribution,KSEI-4109/JKU/0225,https://web.ksei.co.id/Announcement/Files/177372_ksei_4109_jku_0225_202502261435.pdf,d2734b217ea4ea5a7f34d71e8969fdee7d8eb176904c320317d3581f9a426100,UNRESOLVED,MANDATORY_TENDER_OFFER,UNKNOWN,,,,,,,,NO_EXPLICIT_REGULAR_MARKET_TRANSITION|UNKNOWN_SCHEDULE_FAMILY|NO_LAYOUT_EXPLICIT_TRANSITION
188024c981ef45bb860b20779a2fc789ac816a1c68cfc4e6a0553111c8f2121f,PADA,Voluntary Conversion,KSEI-0085/JKU/0126,https://web.ksei.co.id/Announcement/Files/189387_ksei_0085_jku_0126_202601021552.pdf,fedb2edf7980f1e3ec2792a1624a4c9fdf4607f0da63e3b108a81781b7a918e4,UNRESOLVED,MANDATORY_TENDER_OFFER,CONVERSION,,2026-02-03,,,,,,NO_EXPLICIT_REGULAR_MARKET_TRANSITION|UNKNOWN_SCHEDULE_FAMILY|NO_LAYOUT_EXPLICIT_TRANSITION
188024c981ef45bb860b20779a2fc789ac816a1c68cfc4e6a0553111c8f2121f,PADA,Voluntary Conversion,KSEI-10461/JKU/0526,https://web.ksei.co.id/Announcement/Files/193975_ksei_10461_jku_0526_202605111733.pdf,0ce4387eb987edf80a6a463aa631ae038a05f5760261430cac0a19057b0ed5fe,UNRESOLVED,NONE,STOCK_SPLIT,,,,2026-05-18,,,,NO_EXPLICIT_REGULAR_MARKET_TRANSITION
188024c981ef45bb860b20779a2fc789ac816a1c68cfc4e6a0553111c8f2121f,PADA,Voluntary Conversion,KSEI-10665/JKU/0524,https://web.ksei.co.id/Announcement/Files/166949_ksei_10665_jku_0524_202405170857.pdf,28fc061bcd4e3d77d69d734a68040f18b48383f3114da5909e3403415815d9a6,UNRESOLVED,MANDATORY_TENDER_OFFER,UNKNOWN,,,,,,,,NO_EXPLICIT_REGULAR_MARKET_TRANSITION|UNKNOWN_SCHEDULE_FAMILY|NO_LAYOUT_EXPLICIT_TRANSITION|MULTIPLE_DATES_ON_ONE_SEMANTIC_ROW
188024c981ef45bb860b20779a2fc789ac816a1c68cfc4e6a0553111c8f2121f,PADA,Voluntary Conversion,KSEI-1152/JKU/0126,https://web.ksei.co.id/Announcement/Files/189765_ksei_1152_jku_0126_202601151754.pdf,4c9c0c3c29cff10a9688ed51aa47f3597815e1133656cc949bb15306cb4ce5f8,UNRESOLVED,MANDATORY_TENDER_OFFER,UNKNOWN,,2026-02-25,,,,,,NO_EXPLICIT_REGULAR_MARKET_TRANSITION|UNKNOWN_SCHEDULE_FAMILY|NO_LAYOUT_EXPLICIT_TRANSITION
188024c981ef45bb860b20779a2fc789ac816a1c68cfc4e6a0553111c8f2121f,PADA,Voluntary Conversion,KSEI-12034/JKU/0526,https://web.ksei.co.id/Announcement/Files/194594_ksei_12034_jku_0526_202605251700.pdf,f9d091302291a213096ff6531d43010944148b34399754de66b1ac4191f96f3d,PARSED_EXACT_TRANSITION,NONE,MIXED_DIVIDEND,2026-06-18,,,2026-05-29,,2026-05-26,REGULAR_MARKET_EX_DATE,
188024c981ef45bb860b20779a2fc789ac816a1c68cfc4e6a0553111c8f2121f,PADA,Voluntary Conversion,KSEI-1484/JKU/0126,https://web.ksei.co.id/Announcement/Files/189905_ksei_1484_jku_0126_202601211209.pdf,f8714697fe7a8231b24d2a01f038518ab7dba55f5bb8d3adf24ec70b20c6cc20,UNRESOLVED,MANDATORY_TENDER_OFFER,CONVERSION,,2026-03-03,,,,,,NO_EXPLICIT_REGULAR_MARKET_TRANSITION|UNKNOWN_SCHEDULE_FAMILY|NO_LAYOUT_EXPLICIT_TRANSITION
188024c981ef45bb860b20779a2fc789ac816a1c68cfc4e6a0553111c8f2121f,PADA,Voluntary Conversion,KSEI-15293/JKU/0626,https://web.ksei.co.id/Announcement/Files/195898_ksei_15293_jku_0626_202606171756.pdf,0247f1e1ee31146ae402b7dbba6a1b83d8d7bc1195da62df04f65121c17d1d67,UNRESOLVED,MANDATORY_TENDER_OFFER,UNKNOWN,2026-07-21,,,,,,,NO_EXPLICIT_REGULAR_MARKET_TRANSITION|UNKNOWN_SCHEDULE_FAMILY|NO_LAYOUT_EXPLICIT_TRANSITION
188024c981ef45bb860b20779a2fc789ac816a1c68cfc4e6a0553111c8f2121f,PADA,Voluntary Conversion,KSEI-15867/JKU/0724,https://web.ksei.co.id/Announcement/Files/168973_ksei_15867_jku_0724_202407020938.pdf,1376a82691758b73b5629012deb67c497b57e4d7f2bd9d65fe6fa5ea5211bb32,UNRESOLVED,NONE,STOCK_SPLIT,,,,2024-07-05,,,,NO_EXPLICIT_REGULAR_MARKET_TRANSITION
188024c981ef45bb860b20779a2fc789ac816a1c68cfc4e6a0553111c8f2121f,PADA,Voluntary Conversion,KSEI-15913/JKU/0724,https://web.ksei.co.id/Announcement/Files/168998_ksei_15913_jku_0724_202407020840.pdf,a6683168ca47d85753d90a4c9a8440cff38431f80646d93832ac26777b1c6b46,UNRESOLVED,VOLUNTARY_TENDER_OFFER,CONVERSION,2024-08-09,,,,,,,NO_EXPLICIT_REGULAR_MARKET_TRANSITION|UNKNOWN_SCHEDULE_FAMILY|NO_LAYOUT_EXPLICIT_TRANSITION
188024c981ef45bb860b20779a2fc789ac816a1c68cfc4e6a0553111c8f2121f,PADA,Voluntary Conversion,KSEI-16300/JKU/0625,https://web.ksei.co.id/Announcement/Files/182345_ksei_16300_jku_0625_202506301743.pdf,b2fc54feaeb0b053b6fd65d1ceaecf0787dfdb2c87416f4526ca424f9288fb70,UNRESOLVED,MANDATORY_TENDER_OFFER,CONVERSION,2025-08-11,,,,,,,NO_EXPLICIT_REGULAR_MARKET_TRANSITION|UNKNOWN_SCHEDULE_FAMILY|NO_LAYOUT_EXPLICIT_TRANSITION
188024c981ef45bb860b20779a2fc789ac816a1c68cfc4e6a0553111c8f2121f,PADA,Voluntary Conversion,KSEI-16408/JKU/0626,https://web.ksei.co.id/Announcement/Files/196495_ksei_16408_jku_0626_202606251704.pdf,3c5ef2cc173252a40b93e8f2a5ccbc025773dbd9fac3d19de7630eed96c43c5c,UNRESOLVED,VOLUNTARY_TENDER_OFFER,UNKNOWN,2026-08-05,,,,,,,NO_EXPLICIT_REGULAR_MARKET_TRANSITION|UNKNOWN_SCHEDULE_FAMILY|NO_LAYOUT_EXPLICIT_TRANSITION
188024c981ef45bb860b20779a2fc789ac816a1c68cfc4e6a0553111c8f2121f,PADA,Voluntary Conversion,KSEI-16892/JKU/0725,https://web.ksei.co.id/Announcement/Files/182650_ksei_16892_jku_0725_202507031822.pdf,78cc09b19f75bc6d4b6b21caeb529be390484236c614196233d942c42f8db54b,UNRESOLVED,SHARE_BUYBACK_CASH,MERGER_OR_RESTRUCTURING,2025-09-26,,,,,,,NO_EXPLICIT_REGULAR_MARKET_TRANSITION|UNKNOWN_SCHEDULE_FAMILY|NO_LAYOUT_EXPLICIT_TRANSITION
188024c981ef45bb860b20779a2fc789ac816a1c68cfc4e6a0553111c8f2121f,PADA,Voluntary Conversion,KSEI-16896/JKU/0725,https://web.ksei.co.id/Announcement/Files/182651_ksei_16896_jku_0725_202507031823.pdf,0bc815b45880e1660b0d5ff812fa2ca92d72ae7da22755e429583998d0890a9c,UNRESOLVED,SHARE_BUYBACK_CASH,MERGER_OR_RESTRUCTURING,2025-09-26,,,,,,,NO_EXPLICIT_REGULAR_MARKET_TRANSITION|UNKNOWN_SCHEDULE_FAMILY|NO_LAYOUT_EXPLICIT_TRANSITION
188024c981ef45bb860b20779a2fc789ac816a1c68cfc4e6a0553111c8f2121f,PADA,Voluntary Conversion,KSEI-16924/JKU/0725,https://web.ksei.co.id/Announcement/Files/182649_ksei_16924_jku_0725_202507031821.pdf,c8c6ae32b100146e0b5766e74288c3aaf7c7aa2594b0da2355ed1e96aa84a350,UNRESOLVED,NONE,MERGER_OR_RESTRUCTURING,,,,,,,,MISSING_TICKER|NO_EXPLICIT_REGULAR_MARKET_TRANSITION|NO_LAYOUT_EXPLICIT_TRANSITION
188024c981ef45bb860b20779a2fc789ac816a1c68cfc4e6a0553111c8f2121f,PADA,Voluntary Conversion,KSEI-17101/JKU/0724,https://web.ksei.co.id/Announcement/Files/DSSA_MCONV_20240719_ID.pdf,002c41c2875b2cf48067f85bfe1f44064c0c7d41cdbc2172f4ade672ae7c6c97,UNRESOLVED,NONE,STOCK_SPLIT,,,,2024-07-19,,,,NO_EXPLICIT_REGULAR_MARKET_TRANSITION
188024c981ef45bb860b20779a2fc789ac816a1c68cfc4e6a0553111c8f2121f,PADA,Voluntary Conversion,KSEI-17201/JKU/0725,https://web.ksei.co.id/Announcement/Files/182723_ksei_17201_jku_0725_202507071820.pdf,79e9cdf81b47ba2701bc5c32784810cdcf8fb86a8aca3f0c4d78e75ebe700038,UNRESOLVED,SHARE_BUYBACK_CASH,UNKNOWN,,,,,,,,NO_EXPLICIT_REGULAR_MARKET_TRANSITION|UNKNOWN_SCHEDULE_FAMILY|NO_LAYOUT_EXPLICIT_TRANSITION
188024c981ef45bb860b20779a2fc789ac816a1c68cfc4e6a0553111c8f2121f,PADA,Voluntary Conversion,KSEI-17202/JKU/0725,https://web.ksei.co.id/Announcement/Files/182724_ksei_17202_jku_0725_202507071821.pdf,506119a62e4bfa9cf012cf0371fef475a5ee3899821848c07cf3c4859db67f1c,UNRESOLVED,NONE,UNKNOWN,,,,,,,,NO_EXPLICIT_REGULAR_MARKET_TRANSITION|UNKNOWN_SCHEDULE_FAMILY|NO_LAYOUT_EXPLICIT_TRANSITION
188024c981ef45bb860b20779a2fc789ac816a1c68cfc4e6a0553111c8f2121f,PADA,Voluntary Conversion,KSEI-17262/JKU/0726,https://web.ksei.co.id/Announcement/Files/196864_ksei_17262_jku_0726_202607021711.pdf,bc5f0aa12b9aff58f489302c8a5ef5923143899b6e5f1a1fbaffda1c36186700,UNRESOLVED,DISSENTING_SHAREHOLDER_CASH_REPURCHASE,MERGER_OR_RESTRUCTURING,2026-07-17,,,,,,,NO_EXPLICIT_REGULAR_MARKET_TRANSITION|NO_LAYOUT_EXPLICIT_TRANSITION
188024c981ef45bb860b20779a2fc789ac816a1c68cfc4e6a0553111c8f2121f,PADA,Voluntary Conversion,KSEI-17408/JKU/0725,https://web.ksei.co.id/Announcement/Files/CUAN_MCONV_20250716_ID.pdf,3c28105d133e39d8b5950cbc0e8a4d9b56e6c850655498a615f8da114dded379,UNRESOLVED,NONE,STOCK_SPLIT,,,,2025-07-16,,,,NO_EXPLICIT_REGULAR_MARKET_TRANSITION
188024c981ef45bb860b20779a2fc789ac816a1c68cfc4e6a0553111c8f2121f,PADA,Voluntary Conversion,KSEI-18067/JKU/0726,https://web.ksei.co.id/Announcement/Files/197030_ksei_18067_jku_0726_202607091715.pdf,bf2964ca8d2d7c83c3300371e4309864c61df7dfffad5f26deabae457d69901e,UNRESOLVED,VOLUNTARY_TENDER_OFFER,CONVERSION,2026-08-14,,,,,,,NO_EXPLICIT_REGULAR_MARKET_TRANSITION|UNKNOWN_SCHEDULE_FAMILY|NO_LAYOUT_EXPLICIT_TRANSITION
188024c981ef45bb860b20779a2fc789ac816a1c68cfc4e6a0553111c8f2121f,PADA,Voluntary Conversion,KSEI-18070/JKU/0724,https://web.ksei.co.id/Announcement/Files/169716_ksei_18070_jku_0724_202407230952.pdf,e66823eb03ad648efb106c61903a539e0a677916f9b0a2b21d6dbd1e1c069f87,UNRESOLVED,MANDATORY_TENDER_OFFER,CONVERSION,2024-08-28,2024-08-28,,,,,,NO_EXPLICIT_REGULAR_MARKET_TRANSITION|UNKNOWN_SCHEDULE_FAMILY|NO_LAYOUT_EXPLICIT_TRANSITION
188024c981ef45bb860b20779a2fc789ac816a1c68cfc4e6a0553111c8f2121f,PADA,Voluntary Conversion,KSEI-18420/JKU/0726,https://web.ksei.co.id/Announcement/Files/RMKE_MCONV_20260720_ID.pdf,15dc12b800ea8957de87d4ba72239296255d76b2635389586b38c3cc54705a1e,UNRESOLVED,NONE,STOCK_SPLIT,,,,2026-07-20,,,,NO_EXPLICIT_REGULAR_MARKET_TRANSITION
188024c981ef45bb860b20779a2fc789ac816a1c68cfc4e6a0553111c8f2121f,PADA,Voluntary Conversion,KSEI-18423/JKU/0726,https://web.ksei.co.id/Announcement/Files/RAJA_MCONV_20260717_ID.pdf,0d2766536492aa68bb530f79e07013c800da4763cdcd8985c74f2e5c311078eb,UNRESOLVED,NONE,STOCK_SPLIT,,,,2026-07-17,,,,NO_EXPLICIT_REGULAR_MARKET_TRANSITION
188024c981ef45bb860b20779a2fc789ac816a1c68cfc4e6a0553111c8f2121f,PADA,Voluntary Conversion,KSEI-1844/JKU/0126,https://web.ksei.co.id/Announcement/Files/190058_ksei_1844_jku_0126_202601271422.pdf,3553d2833c94d119e896008d58fc24d000b351e44fc4d7f0dbeb4cbf962e6ac0,UNRESOLVED,MANDATORY_TENDER_OFFER,UNKNOWN,2026-03-06,,,,,,,NO_EXPLICIT_REGULAR_MARKET_TRANSITION|UNKNOWN_SCHEDULE_FAMILY|NO_LAYOUT_EXPLICIT_TRANSITION
188024c981ef45bb860b20779a2fc789ac816a1c68cfc4e6a0553111c8f2121f,PADA,Voluntary Conversion,KSEI-18691/JKU/0726,https://web.ksei.co.id/Announcement/Files/MLPT_MCONV_20260722_ID.pdf,3d98ae958b06fa191ed21e5e2bc89ad4695631aaaad345e2c814d60252c25b11,UNRESOLVED,NONE,STOCK_SPLIT,,,,2026-07-22,,,,NO_EXPLICIT_REGULAR_MARKET_TRANSITION
188024c981ef45bb860b20779a2fc789ac816a1c68cfc4e6a0553111c8f2121f,PADA,Voluntary Conversion,KSEI-18871/JKU/0824,https://web.ksei.co.id/Announcement/Files/170083_ksei_18871_jku_0824_202408021645.pdf,e10df1986f9010838536a32cb7adf7be6088c0da3ebd719215aacba8f4ee007c,UNRESOLVED,SHARE_BUYBACK_CASH,MERGER_OR_RESTRUCTURING,,,,,,,,MISSING_TICKER|NO_EXPLICIT_REGULAR_MARKET_TRANSITION|NO_LAYOUT_EXPLICIT_TRANSITION|CONFLICTING_LAYOUT_DATES:PAYMENT_DATE
188024c981ef45bb860b20779a2fc789ac816a1c68cfc4e6a0553111c8f2121f,PADA,Voluntary Conversion,KSEI-18981/JKU/0824,https://web.ksei.co.id/Announcement/Files/170131_ksei_18981_jku_0824_202408051509.pdf,c45f8a57d2f3a4d346b1da2c40ffd1ece0efbdb3e825eb6885b1005e25266aaa,UNRESOLVED,VOLUNTARY_TENDER_OFFER,CONVERSION,2024-09-13,,,,,,,NO_EXPLICIT_REGULAR_MARKET_TRANSITION|UNKNOWN_SCHEDULE_FAMILY|NO_LAYOUT_EXPLICIT_TRANSITION
188024c981ef45bb860b20779a2fc789ac816a1c68cfc4e6a0553111c8f2121f,PADA,Voluntary Conversion,KSEI-19305/JKU/0726,https://web.ksei.co.id/Announcement/Files/197538_ksei_19305_jku_0726_202607221747.pdf,8783860b8fbef818a019cff3f43b4b53f42f2edd62b421c1b4f3d2818defa61b,UNRESOLVED,VOLUNTARY_TENDER_OFFER,UNKNOWN,,,,,,,,NO_EXPLICIT_REGULAR_MARKET_TRANSITION|UNKNOWN_SCHEDULE_FAMILY|NO_LAYOUT_EXPLICIT_TRANSITION
188024c981ef45bb860b20779a2fc789ac816a1c68cfc4e6a0553111c8f2121f,PADA,Voluntary Conversion,KSEI-20353/JKU/0824,https://web.ksei.co.id/Announcement/Files/170791_ksei_20353_jku_0824_202408231633.pdf,9042597640a0ca56af891c3c245ffad81fb05b0ad14623de6b622d0a79009275,UNRESOLVED,VOLUNTARY_TENDER_OFFER,CONVERSION,2024-10-04,,,,,,,MISSING_KSEI_REFERENCE|MISSING_TICKER|NO_EXPLICIT_REGULAR_MARKET_TRANSITION|UNKNOWN_SCHEDULE_FAMILY|NO_LAYOUT_EXPLICIT_TRANSITION
188024c981ef45bb860b20779a2fc789ac816a1c68cfc4e6a0553111c8f2121f,PADA,Voluntary Conversion,KSEI-20516/JKU/0826,https://web.ksei.co.id/Announcement/Files/198044_ksei_20516_jku_0826_202608061827.pdf,e09bd0aa26a0e7e66b7353ed27aabcc9b9bd86390a395e49af06101ce20e11f7,UNRESOLVED,VOLUNTARY_TENDER_OFFER,UNKNOWN,,,,,,,,NO_EXPLICIT_REGULAR_MARKET_TRANSITION|UNKNOWN_SCHEDULE_FAMILY|NO_LAYOUT_EXPLICIT_TRANSITION
188024c981ef45bb860b20779a2fc789ac816a1c68cfc4e6a0553111c8f2121f,PADA,Voluntary Conversion,KSEI-20962/JKU/0825,https://web.ksei.co.id/Announcement/Files/184297_ksei_20962_jku_0825_202508221831.pdf,1e86b70362f9f49273a67d9baf6b1f18e39201f61223dc0c23a46f4636e93b35,UNRESOLVED,MANDATORY_TENDER_OFFER,CONVERSION,2025-09-22,,,,,,,NO_EXPLICIT_REGULAR_MARKET_TRANSITION|UNKNOWN_SCHEDULE_FAMILY|NO_LAYOUT_EXPLICIT_TRANSITION
188024c981ef45bb860b20779a2fc789ac816a1c68cfc4e6a0553111c8f2121f,PADA,Voluntary Conversion,KSEI-21076/JKU/0825,https://web.ksei.co.id/Announcement/Files/184315_ksei_21076_jku_0825_202508252045.pdf,111880adade2282aaf656429cd19820805a24df1d588cb247b19352ee04d1187,UNRESOLVED,MANDATORY_TENDER_OFFER,CONVERSION,2025-10-03,,,,,,,NO_EXPLICIT_REGULAR_MARKET_TRANSITION|UNKNOWN_SCHEDULE_FAMILY|NO_LAYOUT_EXPLICIT_TRANSITION
188024c981ef45bb860b20779a2fc789ac816a1c68cfc4e6a0553111c8f2121f,PADA,Voluntary Conversion,KSEI-21077/JKU/0825,https://web.ksei.co.id/Announcement/Files/184314_ksei_21077_jku_0825_202508252044.pdf,0bc35ae49060ef70bff1299cd104ed3a18da73b2b9621277a047f775442fcef4,UNRESOLVED,VOLUNTARY_TENDER_OFFER,CONVERSION,2025-10-03,,,,,,,NO_EXPLICIT_REGULAR_MARKET_TRANSITION|UNKNOWN_SCHEDULE_FAMILY|NO_LAYOUT_EXPLICIT_TRANSITION
188024c981ef45bb860b20779a2fc789ac816a1c68cfc4e6a0553111c8f2121f,PADA,Voluntary Conversion,KSEI-21206/JKU/0924,https://web.ksei.co.id/Announcement/Files/171214_ksei_21206_jku_0924_202409041633.pdf,f19b8de4a912b6de3eb1d0f075db82a219d46c1955c010b722db7c2303320a47,UNRESOLVED,MANDATORY_TENDER_OFFER,CONVERSION,2024-10-16,,,,,,,MISSING_KSEI_REFERENCE|MISSING_TICKER|NO_EXPLICIT_REGULAR_MARKET_TRANSITION|UNKNOWN_SCHEDULE_FAMILY|NO_LAYOUT_EXPLICIT_TRANSITION
188024c981ef45bb860b20779a2fc789ac816a1c68cfc4e6a0553111c8f2121f,PADA,Voluntary Conversion,KSEI-22124/JKU/0925,https://web.ksei.co.id/Announcement/Files/184846_ksei_22124_jku_0925_202509081315.pdf,c0b393c73a28f4ac1e3e242f2af0b3502101d9ca79cda6b7957ceba5a19cb5b8,UNRESOLVED,SHARE_BUYBACK_CASH,MERGER_OR_RESTRUCTURING,,,,,,,,NO_EXPLICIT_REGULAR_MARKET_TRANSITION|UNKNOWN_SCHEDULE_FAMILY|NO_LAYOUT_EXPLICIT_TRANSITION
188024c981ef45bb860b20779a2fc789ac816a1c68cfc4e6a0553111c8f2121f,PADA,Voluntary Conversion,KSEI-22159/JKU/0925,https://web.ksei.co.id/Announcement/Files/184857_ksei_22159_jku_0925_202509081730.pdf,63b91b29d2cc8360b1de9c6d78bc44def124f23697b41406add0182032778ca1,UNRESOLVED,SHARE_BUYBACK_CASH,MERGER_OR_RESTRUCTURING,,,,,,,,NO_EXPLICIT_REGULAR_MARKET_TRANSITION|UNKNOWN_SCHEDULE_FAMILY|NO_LAYOUT_EXPLICIT_TRANSITION
188024c981ef45bb860b20779a2fc789ac816a1c68cfc4e6a0553111c8f2121f,PADA,Voluntary Conversion,KSEI-22615/JKU/0925,https://web.ksei.co.id/Announcement/Files/185006_ksei_22615_jku_0925_202509161530.pdf,df37637e0e55f835833577b466e9852d76cc517b33e134d1b19986075a7e494d,UNRESOLVED,MANDATORY_TENDER_OFFER,UNKNOWN,2025-10-21,,,,,,,NO_EXPLICIT_REGULAR_MARKET_TRANSITION|UNKNOWN_SCHEDULE_FAMILY|NO_LAYOUT_EXPLICIT_TRANSITION
188024c981ef45bb860b20779a2fc789ac816a1c68cfc4e6a0553111c8f2121f,PADA,Voluntary Conversion,KSEI-2311/JKU/0226,https://web.ksei.co.id/Announcement/Files/190297_ksei_2311_jku_0226_202602031308.pdf,03fe4331bb8318d413237174ab3d687d26b78283f954fc54cb3cfdaef50b15d7,UNRESOLVED,MANDATORY_TENDER_OFFER,UNKNOWN,2026-03-09,,,,,,,NO_EXPLICIT_REGULAR_MARKET_TRANSITION|UNKNOWN_SCHEDULE_FAMILY|NO_LAYOUT_EXPLICIT_TRANSITION
188024c981ef45bb860b20779a2fc789ac816a1c68cfc4e6a0553111c8f2121f,PADA,Voluntary Conversion,KSEI-23256/JKU/1123,https://web.ksei.co.id/Announcement/Files/160799_ksei_23256_jku_1123_202311071800.pdf,5965832229ebc8d352d146efc8c4465fd0bd28935c4f6e9a712bd96db62d332f,UNRESOLVED,VOLUNTARY_TENDER_OFFER,CONVERSION,2024-01-24,,,,,,,NO_EXPLICIT_REGULAR_MARKET_TRANSITION|UNKNOWN_SCHEDULE_FAMILY|NO_LAYOUT_EXPLICIT_TRANSITION
188024c981ef45bb860b20779a2fc789ac816a1c68cfc4e6a0553111c8f2121f,PADA,Voluntary Conversion,KSEI-23410/JKU/1024,https://web.ksei.co.id/Announcement/Files/MSIN_MCONV_20241008_ID.pdf,04f3084dff361bb1482dcccc7d659c32352b84bc70ac68ff83206d9406a1dbab,UNRESOLVED,NONE,STOCK_SPLIT,,,,2024-10-08,,,,NO_EXPLICIT_REGULAR_MARKET_TRANSITION
188024c981ef45bb860b20779a2fc789ac816a1c68cfc4e6a0553111c8f2121f,PADA,Voluntary Conversion,KSEI-23549/JKU/1123,https://web.ksei.co.id/Announcement/Files/EDGE_MCONV_20231116_ID.pdf,d346729a43e7c301ddcda431e55251ebaa888a8643b55c30e25f375e0cf7b3e7,UNRESOLVED,NONE,STOCK_SPLIT,,,,2023-11-16,,,,NO_EXPLICIT_REGULAR_MARKET_TRANSITION
188024c981ef45bb860b20779a2fc789ac816a1c68cfc4e6a0553111c8f2121f,PADA,Voluntary Conversion,KSEI-23593/JKU/0925,https://web.ksei.co.id/Announcement/Files/185416_ksei_23593_jku_0925_202509262039.pdf,7df4549ca449ac2dcfa109c266ea8fbe059ba8e5eb92580bcebf993da4485838,UNRESOLVED,NONE,MERGER_OR_RESTRUCTURING,,,,2025-09-30,,,,MISSING_TICKER|NO_EXPLICIT_REGULAR_MARKET_TRANSITION|NO_LAYOUT_EXPLICIT_TRANSITION
188024c981ef45bb860b20779a2fc789ac816a1c68cfc4e6a0553111c8f2121f,PADA,Voluntary Conversion,KSEI-24163/JKU/1025,https://web.ksei.co.id/Announcement/Files/COCO_RIGHT_20251010_ID.pdf,bc80f75b6e498f1ab97db558f53583af7f8e411c1609bcf3f5fdef3c1028b8cb,UNRESOLVED,NONE,RIGHTS_HMETD,,,,,2025-10-13,,,NO_EXPLICIT_REGULAR_MARKET_TRANSITION|NO_LAYOUT_EXPLICIT_TRANSITION|CONFLICTING_LAYOUT_DATES:RECORD_DATE
188024c981ef45bb860b20779a2fc789ac816a1c68cfc4e6a0553111c8f2121f,PADA,Voluntary Conversion,KSEI-24440/JKU/1123,https://web.ksei.co.id/Announcement/Files/161213_ksei_24440_jku_1123_202311221745.pdf,f4ab027e1f377496ece32ec8f6ca110210b364a33a6dc1c49c91ab0936edcec5,UNRESOLVED,MANDATORY_TENDER_OFFER,CONVERSION,2023-12-29,,,,,,,NO_EXPLICIT_REGULAR_MARKET_TRANSITION|UNKNOWN_SCHEDULE_FAMILY|NO_LAYOUT_EXPLICIT_TRANSITION
188024c981ef45bb860b20779a2fc789ac816a1c68cfc4e6a0553111c8f2121f,PADA,Voluntary Conversion,KSEI-24442/JKU/1123,https://web.ksei.co.id/Announcement/Files/161214_ksei_24442_jku_1123_202311221748.pdf,88ea646546d05ded9ca03182ea72b3fde8885846e008a83de4dd0210ba6ba2be,UNRESOLVED,DISSENTING_SHAREHOLDER_CASH_REPURCHASE,MERGER_OR_RESTRUCTURING,2023-12-07,,,,,,,NO_EXPLICIT_REGULAR_MARKET_TRANSITION|NO_LAYOUT_EXPLICIT_TRANSITION
188024c981ef45bb860b20779a2fc789ac816a1c68cfc4e6a0553111c8f2121f,PADA,Voluntary Conversion,KSEI-2472/JKU/0226,https://web.ksei.co.id/Announcement/Files/190347_ksei_2472_jku_0226_202602041548.pdf,e81059064293299641527638c17157d01cbe8f8cd229d4919711f1458acb8b7b,UNRESOLVED,MANDATORY_TENDER_OFFER,CONVERSION,2026-03-16,,,,,,,NO_EXPLICIT_REGULAR_MARKET_TRANSITION|UNKNOWN_SCHEDULE_FAMILY|NO_LAYOUT_EXPLICIT_TRANSITION
188024c981ef45bb860b20779a2fc789ac816a1c68cfc4e6a0553111c8f2121f,PADA,Voluntary Conversion,KSEI-24744/JKU/1024,https://web.ksei.co.id/Announcement/Files/172783_ksei_24744_jku_1024_202410181515.pdf,7dd3bd41b82367907586d23d60b966d3cc354c24730e03f8db2e2360ec65a1f4,UNRESOLVED,NONE,STOCK_SPLIT,2024-11-05,2024-11-05,,2024-10-30,,2024-10-23,REGULAR_MARKET_EX_DATE,NO_EXPLICIT_REGULAR_MARKET_TRANSITION
188024c981ef45bb860b20779a2fc789ac816a1c68cfc4e6a0553111c8f2121f,PADA,Voluntary Conversion,KSEI-24804/JKU/1123,https://web.ksei.co.id/Announcement/Files/161372_ksei_24804_jku_1123_202311271617.pdf,9b66d18077132005012d8cd46b0cd44776e2601f661114c2edcb40cb1242575c,UNRESOLVED,MANDATORY_TENDER_OFFER,UNKNOWN,2024-01-08,,,,,,,NO_EXPLICIT_REGULAR_MARKET_TRANSITION|UNKNOWN_SCHEDULE_FAMILY|NO_LAYOUT_EXPLICIT_TRANSITION
188024c981ef45bb860b20779a2fc789ac816a1c68cfc4e6a0553111c8f2121f,PADA,Voluntary Conversion,KSEI-24991/JKU/1024,https://web.ksei.co.id/Announcement/Files/172861_ksei_24991_jku_1024_202410221717.pdf,4b41327c3e1ab8ec1a95107155b59c444a49a4e25e3f62123425cb010ca282fd,UNRESOLVED,NONE,STOCK_SPLIT,,,,,,,,MISSING_TICKER|NO_EXPLICIT_REGULAR_MARKET_TRANSITION|NO_LAYOUT_EXPLICIT_TRANSITION
188024c981ef45bb860b20779a2fc789ac816a1c68cfc4e6a0553111c8f2121f,PADA,Voluntary Conversion,KSEI-25594/JKU/1024,https://web.ksei.co.id/Announcement/Files/173172_ksei_25594_jku_1024_202410311702.pdf,dba726f9c0578de5fa1c028628d1b62ec5334fd05b893e8ce2c664a025e934d2,UNRESOLVED,NONE,STOCK_SPLIT,,,,,,,,MISSING_TICKER|NO_EXPLICIT_REGULAR_MARKET_TRANSITION|NO_LAYOUT_EXPLICIT_TRANSITION
188024c981ef45bb860b20779a2fc789ac816a1c68cfc4e6a0553111c8f2121f,PADA,Voluntary Conversion,KSEI-25683/JKU/1025,https://web.ksei.co.id/Announcement/Files/186438_ksei_25683_jku_1025_202510221342.pdf,fd9b5e00f88f2ed6fae9334296f3efd9353eb360deddad7121b4609274378f7d,UNRESOLVED,MANDATORY_TENDER_OFFER,CONVERSION,2025-12-03,,,,,,,NO_EXPLICIT_REGULAR_MARKET_TRANSITION|UNKNOWN_SCHEDULE_FAMILY|NO_LAYOUT_EXPLICIT_TRANSITION
188024c981ef45bb860b20779a2fc789ac816a1c68cfc4e6a0553111c8f2121f,PADA,Voluntary Conversion,KSEI-25975/JKU/1025,https://web.ksei.co.id/Announcement/Files/BUVA_RIGHT_20251105_ID.pdf,062336a705faf936a35c1ac45d96785f387547d7993ce178d1bb825ef44a61f4,UNRESOLVED,NONE,RIGHTS_HMETD,,,,,2025-11-06,,,NO_EXPLICIT_REGULAR_MARKET_TRANSITION|NO_LAYOUT_EXPLICIT_TRANSITION|CONFLICTING_LAYOUT_DATES:RECORD_DATE
188024c981ef45bb860b20779a2fc789ac816a1c68cfc4e6a0553111c8f2121f,PADA,Voluntary Conversion,KSEI-27597/JKU/1124,https://web.ksei.co.id/Announcement/Files/174075_ksei_27597_jku_1124_202411291609.pdf,4c51477093cdb6b93f568781ac3d21f834a26154e18f2ac09576f1eed3867aca,UNRESOLVED,NONE,UNKNOWN,,,,,,,,NO_EXPLICIT_REGULAR_MARKET_TRANSITION|UNKNOWN_SCHEDULE_FAMILY|NO_LAYOUT_EXPLICIT_TRANSITION|CONFLICTING_LAYOUT_DATES:RECORD_DATE|CONFLICTING_LAYOUT_DATES:DISTRIBUTION_DATE
188024c981ef45bb860b20779a2fc789ac816a1c68cfc4e6a0553111c8f2121f,PADA,Voluntary Conversion,KSEI-27768/JKU/1125,https://web.ksei.co.id/Announcement/Files/187556_ksei_27768_jku_1125_202511191512.pdf,7c99d815780357c46a37f6f7cba004ea9ca5e0a85814347a456dbe26c122fff9,UNRESOLVED,MANDATORY_TENDER_OFFER,UNKNOWN,2025-12-30,,,,,,,NO_EXPLICIT_REGULAR_MARKET_TRANSITION|UNKNOWN_SCHEDULE_FAMILY|NO_LAYOUT_EXPLICIT_TRANSITION
188024c981ef45bb860b20779a2fc789ac816a1c68cfc4e6a0553111c8f2121f,PADA,Voluntary Conversion,KSEI-28171/JKU/1224,https://web.ksei.co.id/Announcement/Files/174447_ksei_28171_jku_1224_202412051900.pdf,177618678e05cb18f68022a2e89f33c76e05e5ad0a501ace2c4cff2fb8527b8e,UNRESOLVED,NONE,UNKNOWN,,,,2024-11-29,,,,MISSING_TICKER|NO_EXPLICIT_REGULAR_MARKET_TRANSITION|UNKNOWN_SCHEDULE_FAMILY|NO_LAYOUT_EXPLICIT_TRANSITION|CONFLICTING_LAYOUT_DATES:DISTRIBUTION_DATE
188024c981ef45bb860b20779a2fc789ac816a1c68cfc4e6a0553111c8f2121f,PADA,Voluntary Conversion,KSEI-28173/JKU/1125,https://web.ksei.co.id/Announcement/Files/187842_ksei_28173_jku_1125_202511251813.pdf,e179c9ce2804811ab52fed97ff28c05af8a5134525188c18acee465c1fe044e9,UNRESOLVED,MANDATORY_TENDER_OFFER,CONVERSION,2026-01-05,2026-01-05,,,,,,NO_EXPLICIT_REGULAR_MARKET_TRANSITION|UNKNOWN_SCHEDULE_FAMILY|NO_LAYOUT_EXPLICIT_TRANSITION
188024c981ef45bb860b20779a2fc789ac816a1c68cfc4e6a0553111c8f2121f,PADA,Voluntary Conversion,KSEI-28766/JKU/1225,https://web.ksei.co.id/Announcement/Files/PANI_RIGHT_20251210_ID.pdf,29b655aa1895245a5cd551d2b836ffcbdfdb9817c6a8b9c35a574c850e3ac1f9,UNRESOLVED,NONE,RIGHTS_HMETD,,,,,2025-12-11,,,NO_EXPLICIT_REGULAR_MARKET_TRANSITION|NO_LAYOUT_EXPLICIT_TRANSITION|CONFLICTING_LAYOUT_DATES:RECORD_DATE
188024c981ef45bb860b20779a2fc789ac816a1c68cfc4e6a0553111c8f2121f,PADA,Voluntary Conversion,KSEI-29031/JKU/1225,https://web.ksei.co.id/Announcement/Files/IMJS_RIGHT_20251210_ID.pdf,c254d24e430410f96c5f85d23a3ba8196f1db41cc755a1dea67ed1d598e6ad83,UNRESOLVED,NONE,RIGHTS_HMETD,,,,,2025-12-11,,,NO_EXPLICIT_REGULAR_MARKET_TRANSITION|NO_LAYOUT_EXPLICIT_TRANSITION|CONFLICTING_LAYOUT_DATES:RECORD_DATE
188024c981ef45bb860b20779a2fc789ac816a1c68cfc4e6a0553111c8f2121f,PADA,Voluntary Conversion,KSEI-29639/JKU/1225,https://web.ksei.co.id/Announcement/Files/188413_ksei_29639_jku_1225_202512111443.pdf,f68195ab497ada2c5d2f50a6a83e2b1a9e26938d8de1716b2e08fded810ecbd0,UNRESOLVED,MANDATORY_TENDER_OFFER,CONVERSION,2026-01-19,,,,,,,NO_EXPLICIT_REGULAR_MARKET_TRANSITION|UNKNOWN_SCHEDULE_FAMILY|NO_LAYOUT_EXPLICIT_TRANSITION
188024c981ef45bb860b20779a2fc789ac816a1c68cfc4e6a0553111c8f2121f,PADA,Voluntary Conversion,KSEI-30082/JKU/1224,https://web.ksei.co.id/Announcement/Files/PTRO_MCONV_20250106_ID.pdf,2fdc785ee73029bf243f35b7db3ef589a9e46949c94c0886ad8f2b1d5b881dfa,UNRESOLVED,NONE,STOCK_SPLIT,,,,2025-01-06,,,,NO_EXPLICIT_REGULAR_MARKET_TRANSITION
188024c981ef45bb860b20779a2fc789ac816a1c68cfc4e6a0553111c8f2121f,PADA,Voluntary Conversion,KSEI-30120/JKU/1225,https://web.ksei.co.id/Announcement/Files/CSIS_RIGHT_20251223_ID.pdf,8512d0c9f66f1855f1de9974e81b7e8cf88c57f6618cf39188741d19612b46bd,UNRESOLVED,NONE,RIGHTS_HMETD,,,,,2025-12-24,,,MISSING_KSEI_REFERENCE|NO_EXPLICIT_REGULAR_MARKET_TRANSITION|NO_LAYOUT_EXPLICIT_TRANSITION|CONFLICTING_LAYOUT_DATES:RECORD_DATE
188024c981ef45bb860b20779a2fc789ac816a1c68cfc4e6a0553111c8f2121f,PADA,Voluntary Conversion,KSEI-30122/JKU/1225,https://web.ksei.co.id/Announcement/Files/GMFI_RIGHT_20251223_ID.pdf,5102179867d88237470a85be2cf1f4f755dfd0693d3c345650401a884b71409b,UNRESOLVED,NONE,RIGHTS_HMETD,,,,,2025-12-24,,,NO_EXPLICIT_REGULAR_MARKET_TRANSITION|NO_LAYOUT_EXPLICIT_TRANSITION|CONFLICTING_LAYOUT_DATES:RECORD_DATE
188024c981ef45bb860b20779a2fc789ac816a1c68cfc4e6a0553111c8f2121f,PADA,Voluntary Conversion,KSEI-30219/JKU/1225,https://web.ksei.co.id/Announcement/Files/188689_ksei_30219_jku_1225_202512171804.pdf,f306c34709831434e70bb43738aecfe8abb559bd53a94d4ead6972c4973e721e,UNRESOLVED,VOLUNTARY_TENDER_OFFER,UNKNOWN,2026-01-27,,,,,,,NO_EXPLICIT_REGULAR_MARKET_TRANSITION|UNKNOWN_SCHEDULE_FAMILY|NO_LAYOUT_EXPLICIT_TRANSITION
188024c981ef45bb860b20779a2fc789ac816a1c68cfc4e6a0553111c8f2121f,PADA,Voluntary Conversion,KSEI-30437/JKU/1225,https://web.ksei.co.id/Announcement/Files/188758_ksei_30437_jku_1225_202512191530.pdf,e2637d2e5090786cb22281087fdd26382b8cceb59c5c15b78e905b2a794e370f,UNRESOLVED,MANDATORY_TENDER_OFFER,UNKNOWN,,2026-01-27,,,,,,NO_EXPLICIT_REGULAR_MARKET_TRANSITION|UNKNOWN_SCHEDULE_FAMILY|NO_LAYOUT_EXPLICIT_TRANSITION
188024c981ef45bb860b20779a2fc789ac816a1c68cfc4e6a0553111c8f2121f,PADA,Voluntary Conversion,KSEI-31139/JKU/1225,https://web.ksei.co.id/Announcement/Files/189080_ksei_31139_jku_1225_202601071742.pdf,464dff8f436c2ae9c8233a13ff7c4055fb5afa8c906d27aabf53c02bc22f0d54,UNRESOLVED,NONE,RIGHTS_HMETD,,,,,2026-01-07,,,MISSING_KSEI_REFERENCE|NO_EXPLICIT_REGULAR_MARKET_TRANSITION|NO_LAYOUT_EXPLICIT_TRANSITION|CONFLICTING_LAYOUT_DATES:RECORD_DATE
188024c981ef45bb860b20779a2fc789ac816a1c68cfc4e6a0553111c8f2121f,PADA,Voluntary Conversion,KSEI-3193/JKU/0225,https://web.ksei.co.id/Announcement/Files/176872_ksei_3193_jku_0225_202502141713.pdf,4ec76cc821e95373fd5ea794d6888f96b1e1c78a779bc42721ed853104c93c59,UNRESOLVED,MANDATORY_TENDER_OFFER,CONVERSION,2025-03-26,,,,,,,NO_EXPLICIT_REGULAR_MARKET_TRANSITION|UNKNOWN_SCHEDULE_FAMILY|NO_LAYOUT_EXPLICIT_TRANSITION
188024c981ef45bb860b20779a2fc789ac816a1c68cfc4e6a0553111c8f2121f,PADA,Voluntary Conversion,KSEI-3271/JKU/0226,https://web.ksei.co.id/Announcement/Files/190719_ksei_3271_jku_0226_202602191458.pdf,87345a17c28578b6fee596475792596ac789f90a722102a74723d81b081a3601,UNRESOLVED,MANDATORY_TENDER_OFFER,UNKNOWN,,2025-12-23,,,,,,NO_EXPLICIT_REGULAR_MARKET_TRANSITION|UNKNOWN_SCHEDULE_FAMILY|NO_LAYOUT_EXPLICIT_TRANSITION
188024c981ef45bb860b20779a2fc789ac816a1c68cfc4e6a0553111c8f2121f,PADA,Voluntary Conversion,KSEI-3271/JKU/0326,https://web.ksei.co.id/Announcement/Files/191082_ksei_3271_jku_0326_202603020942.pdf,43e94e697ed3ab9ea52f4a0699bf123b8c7c52d812dabec4701d6cf151f84883,UNRESOLVED,MANDATORY_TENDER_OFFER,UNKNOWN,,2026-04-10,,,,,,NO_EXPLICIT_REGULAR_MARKET_TRANSITION|UNKNOWN_SCHEDULE_FAMILY|NO_LAYOUT_EXPLICIT_TRANSITION
188024c981ef45bb860b20779a2fc789ac816a1c68cfc4e6a0553111c8f2121f,PADA,Voluntary Conversion,KSEI-3978/JKU/0225,https://web.ksei.co.id/Announcement/Files/177376_ksei_3978_jku_0225_202502261637.pdf,a4db1d730853f5bc3b1737820a661e725cf85e58c6fb7fce9ac83af46796936e,UNRESOLVED,MANDATORY_TENDER_OFFER,CONVERSION,2025-03-27,,,,,,,NO_EXPLICIT_REGULAR_MARKET_TRANSITION|UNKNOWN_SCHEDULE_FAMILY|NO_LAYOUT_EXPLICIT_TRANSITION
188024c981ef45bb860b20779a2fc789ac816a1c68cfc4e6a0553111c8f2121f,PADA,Voluntary Conversion,KSEI-4407/JKU/0326,https://web.ksei.co.id/Announcement/Files/191295_ksei_4407_jku_0326_202603041812.pdf,d817439f116b75e6169643278e891a4a69b29addff9cb10dfca27c68a1236e6e,UNRESOLVED,VOLUNTARY_TENDER_OFFER,UNKNOWN,2026-04-15,,,,,,,NO_EXPLICIT_REGULAR_MARKET_TRANSITION|UNKNOWN_SCHEDULE_FAMILY|NO_LAYOUT_EXPLICIT_TRANSITION
188024c981ef45bb860b20779a2fc789ac816a1c68cfc4e6a0553111c8f2121f,PADA,Voluntary Conversion,KSEI-4907/JKU/0325,https://web.ksei.co.id/Announcement/Files/177825_ksei_4907_jku_0325_202503101643.pdf,30d4d78ec53a55b67d96a8b152a1873ee9a1e3d300cc555afe0f2bea63462109,UNRESOLVED,MANDATORY_TENDER_OFFER,UNKNOWN,,,,,,,,NO_EXPLICIT_REGULAR_MARKET_TRANSITION|UNKNOWN_SCHEDULE_FAMILY|NO_LAYOUT_EXPLICIT_TRANSITION|CONFLICTING_LAYOUT_DATES:PAYMENT_DATE
188024c981ef45bb860b20779a2fc789ac816a1c68cfc4e6a0553111c8f2121f,PADA,Voluntary Conversion,KSEI-5081/JKU/0325,https://web.ksei.co.id/Announcement/Files/HILL_MCONV_20250317_ID.pdf,2155476dcb2d6d20f78b063fdc721f0ad59bfa5240a9f3a5b18c8be725a9ae21,UNRESOLVED,NONE,STOCK_SPLIT,,,,2025-03-17,,,,NO_EXPLICIT_REGULAR_MARKET_TRANSITION
188024c981ef45bb860b20779a2fc789ac816a1c68cfc4e6a0553111c8f2121f,PADA,Voluntary Conversion,KSEI-5127/JKU/0326,https://web.ksei.co.id/Announcement/Files/191620_ksei_5127_jku_0326_202603121807.pdf,94ddc23f4b95050194e7e2c79bbd4737ea0872723e65c0d96d5b7b7b237d1f04,UNRESOLVED,MANDATORY_TENDER_OFFER,CONVERSION,2026-04-17,,,,,,,NO_EXPLICIT_REGULAR_MARKET_TRANSITION|UNKNOWN_SCHEDULE_FAMILY|NO_LAYOUT_EXPLICIT_TRANSITION
188024c981ef45bb860b20779a2fc789ac816a1c68cfc4e6a0553111c8f2121f,PADA,Voluntary Conversion,KSEI-6229/JKU/0326,https://web.ksei.co.id/Announcement/Files/192032_ksei_6229_jku_0326_202603271801.pdf,ff4201f45918cd77832fcde143d8013998ad2469ebb28d497dac1fb0e1377c8f,UNRESOLVED,MANDATORY_TENDER_OFFER,CONVERSION,2026-04-28,,,,,,,NO_EXPLICIT_REGULAR_MARKET_TRANSITION|UNKNOWN_SCHEDULE_FAMILY|NO_LAYOUT_EXPLICIT_TRANSITION
188024c981ef45bb860b20779a2fc789ac816a1c68cfc4e6a0553111c8f2121f,PADA,Voluntary Conversion,KSEI-6378/JKU/0326,https://web.ksei.co.id/Announcement/Files/192091_ksei_6378_jku_0326_202603301647.pdf,5208c96b9c569dca1090f4df1e1c1e89ec5eba0a00797f26f91efa04b76ecb8d,UNRESOLVED,DISSENTING_SHAREHOLDER_CASH_REPURCHASE,MERGER_OR_RESTRUCTURING,2026-04-17,,,,,,,MISSING_TICKER|NO_EXPLICIT_REGULAR_MARKET_TRANSITION|NO_LAYOUT_EXPLICIT_TRANSITION
188024c981ef45bb860b20779a2fc789ac816a1c68cfc4e6a0553111c8f2121f,PADA,Voluntary Conversion,KSEI-6713/JKU/0424,https://web.ksei.co.id/Announcement/Files/165468_ksei_6713_jku_0424_202404021910.pdf,159a7cea3191cdd629ec8ac798bacdedfc8d09159c8db11ac8858b886e8a6e7f,UNRESOLVED,MANDATORY_TENDER_OFFER,CONVERSION,2024-05-08,,,,,,,NO_EXPLICIT_REGULAR_MARKET_TRANSITION|UNKNOWN_SCHEDULE_FAMILY|NO_LAYOUT_EXPLICIT_TRANSITION
188024c981ef45bb860b20779a2fc789ac816a1c68cfc4e6a0553111c8f2121f,PADA,Voluntary Conversion,KSEI-6967/JKU/0426,https://web.ksei.co.id/Announcement/Files/DSSA_MCONV_20260410_ID.pdf,6823ff997a74fd026b44a7da2ad6d24d04daf36b8f366dadee0a7f2b6cc0d4d7,UNRESOLVED,NONE,STOCK_SPLIT,,,,2026-04-10,,,,NO_EXPLICIT_REGULAR_MARKET_TRANSITION
188024c981ef45bb860b20779a2fc789ac816a1c68cfc4e6a0553111c8f2121f,PADA,Voluntary Conversion,KSEI-7035/JKU/0325,https://web.ksei.co.id/Announcement/Files/178674_ksei_7035_jku_0325_202503262133.pdf,93e19889307720b16b5a912392972f4098c6f7f7f367d1c37774af53b21975f3,UNRESOLVED,SHARE_BUYBACK_CASH,MERGER_OR_RESTRUCTURING,,,,,,,,NO_EXPLICIT_REGULAR_MARKET_TRANSITION|UNKNOWN_SCHEDULE_FAMILY|NO_LAYOUT_EXPLICIT_TRANSITION
188024c981ef45bb860b20779a2fc789ac816a1c68cfc4e6a0553111c8f2121f,PADA,Voluntary Conversion,KSEI-7765/JKU/0426,https://web.ksei.co.id/Announcement/Files/192724_ksei_7765_jku_0426_202604132103.pdf,88ad4c3a5eae33099e5d395c087c1dff15271c95da7b5dc346fb8dd075c0e349,UNRESOLVED,MANDATORY_TENDER_OFFER,UNKNOWN,2026-05-21,,,,,,,NO_EXPLICIT_REGULAR_MARKET_TRANSITION|UNKNOWN_SCHEDULE_FAMILY|NO_LAYOUT_EXPLICIT_TRANSITION
188024c981ef45bb860b20779a2fc789ac816a1c68cfc4e6a0553111c8f2121f,PADA,Voluntary Conversion,KSEI-8141/JKU/0426,https://web.ksei.co.id/Announcement/Files/192885_ksei_8141_jku_0426_202604161825.pdf,782a1cb7c34500eb5e48dcf5c77742fdbc74a00eeec48b2628c6cca9afc78d15,UNRESOLVED,NONE,MIXED_DIVIDEND,,,,,,,,NO_EXPLICIT_REGULAR_MARKET_TRANSITION|NO_LAYOUT_EXPLICIT_TRANSITION
188024c981ef45bb860b20779a2fc789ac816a1c68cfc4e6a0553111c8f2121f,PADA,Voluntary Conversion,KSEI-8253/JKU/0425,https://web.ksei.co.id/Announcement/Files/179219_ksei_8253_jku_0425_202504161450.pdf,8238e1708b0ecb04ae1b62d5307c7acee2ca456af52ea54061dff4ad5a392210,UNRESOLVED,MANDATORY_TENDER_OFFER,CONVERSION,2025-05-28,,,,,,,NO_EXPLICIT_REGULAR_MARKET_TRANSITION|UNKNOWN_SCHEDULE_FAMILY|NO_LAYOUT_EXPLICIT_TRANSITION
188024c981ef45bb860b20779a2fc789ac816a1c68cfc4e6a0553111c8f2121f,PADA,Voluntary Conversion,KSEI-8543/JKU/0426,https://web.ksei.co.id/Announcement/Files/BABY_RIGHT_20260428_ID.pdf,6d54c5c678c27e327e2732b178fda426bf5053781331c7c40acb052ff219a896,UNRESOLVED,NONE,RIGHTS_HMETD,,,,,2026-04-29,,,NO_EXPLICIT_REGULAR_MARKET_TRANSITION|NO_LAYOUT_EXPLICIT_TRANSITION|CONFLICTING_LAYOUT_DATES:RECORD_DATE
188024c981ef45bb860b20779a2fc789ac816a1c68cfc4e6a0553111c8f2121f,PADA,Voluntary Conversion,KSEI-8562/JKU/0426,https://web.ksei.co.id/Announcement/Files/193118_ksei_8562_jku_0426_202604211757.pdf,518a39fd381c6514422acefb7b4b49ce83bdba3803ffa33716ab751c125be636,UNRESOLVED,VOLUNTARY_TENDER_OFFER,CONVERSION,2026-06-09,,,,,,,NO_EXPLICIT_REGULAR_MARKET_TRANSITION|UNKNOWN_SCHEDULE_FAMILY|NO_LAYOUT_EXPLICIT_TRANSITION
188024c981ef45bb860b20779a2fc789ac816a1c68cfc4e6a0553111c8f2121f,PADA,Voluntary Conversion,KSEI-8637/JKU/0425,https://web.ksei.co.id/Announcement/Files/179433_ksei_8637_jku_0425_202504231756.pdf,445d79855f4c8c297561cbbcb2027941e8101891784be88eb19567bd5246c6bd,UNRESOLVED,MANDATORY_TENDER_OFFER,CONVERSION,2025-05-28,2025-05-28,,,,,,NO_EXPLICIT_REGULAR_MARKET_TRANSITION|UNKNOWN_SCHEDULE_FAMILY|NO_LAYOUT_EXPLICIT_TRANSITION
188024c981ef45bb860b20779a2fc789ac816a1c68cfc4e6a0553111c8f2121f,PADA,Voluntary Conversion,KSEI-8656/JKU/0424,https://web.ksei.co.id/Announcement/Files/166095_ksei_8656_jku_0424_202404291958.pdf,c85f98ee7d83d698b18db46312b9ea7eea83c44ad6041664909b3a3cf4ebf345,UNRESOLVED,MANDATORY_TENDER_OFFER,CONVERSION,2024-06-05,2024-06-05,,,,,,NO_EXPLICIT_REGULAR_MARKET_TRANSITION|UNKNOWN_SCHEDULE_FAMILY|NO_LAYOUT_EXPLICIT_TRANSITION
188024c981ef45bb860b20779a2fc789ac816a1c68cfc4e6a0553111c8f2121f,PADA,Voluntary Conversion,KSEI-8785/JKU/0424,https://web.ksei.co.id/Announcement/Files/166124_ksei_8785_jku_0424_202405031114.pdf,a20c5c8227038b60c44151720498874c5127c23009087736de944c97c660d97d,UNRESOLVED,MANDATORY_TENDER_OFFER,CONVERSION,2024-06-12,,,,,,,NO_EXPLICIT_REGULAR_MARKET_TRANSITION|UNKNOWN_SCHEDULE_FAMILY|NO_LAYOUT_EXPLICIT_TRANSITION
188024c981ef45bb860b20779a2fc789ac816a1c68cfc4e6a0553111c8f2121f,PADA,Voluntary Conversion,KSEI-9582/JKU/0524,https://web.ksei.co.id/Announcement/Files/166504_ksei_9582_jku_0524_202405071819.pdf,f1f2d9b93daf1c8dae2ffa89d492f89caebf87058603ca96c91b52f1485684f0,UNRESOLVED,DISSENTING_SHAREHOLDER_CASH_REPURCHASE,CONVERSION,,,2024-05-20,,,,,MISSING_TICKER|NO_EXPLICIT_REGULAR_MARKET_TRANSITION|UNKNOWN_SCHEDULE_FAMILY|NO_LAYOUT_EXPLICIT_TRANSITION|CONFLICTING_LAYOUT_DATES:PAYMENT_DATE
188024c981ef45bb860b20779a2fc789ac816a1c68cfc4e6a0553111c8f2121f,PADA,Voluntary Conversion,KSEI-9709/JKU/0524,https://web.ksei.co.id/Announcement/Files/166553_ksei_9709_jku_0524_202405081435.pdf,3c1b09a489b0c737be53d63e7853eab8b2ced31bddd10c7374aa27c1b897eec1,UNRESOLVED,MANDATORY_TENDER_OFFER,CONVERSION,2024-06-14,,,,,,,MISSING_KSEI_REFERENCE|MISSING_TICKER|NO_EXPLICIT_REGULAR_MARKET_TRANSITION|UNKNOWN_SCHEDULE_FAMILY|NO_LAYOUT_EXPLICIT_TRANSITION
15d5ebe7db22a8246800a04a0a0288b995d70bcb76a667b9117def8987450736,PADI,Voluntary Conversion,KSEI-21077/JKU/0825,https://web.ksei.co.id/Announcement/Files/184314_ksei_21077_jku_0825_202508252044.pdf,0bc35ae49060ef70bff1299cd104ed3a18da73b2b9621277a047f775442fcef4,UNRESOLVED,VOLUNTARY_TENDER_OFFER,CONVERSION,2025-10-03,,,,,,,NO_EXPLICIT_REGULAR_MARKET_TRANSITION|UNKNOWN_SCHEDULE_FAMILY|NO_LAYOUT_EXPLICIT_TRANSITION
82e09144ecfe0d4375a9260156fe75dd74ed01a2cd72262f55e14cd85ce6ebc7,PANI,Right Distribution,KSEI-28766/JKU/1225,https://web.ksei.co.id/Announcement/Files/PANI_RIGHT_20251210_ID.pdf,29b655aa1895245a5cd551d2b836ffcbdfdb9817c6a8b9c35a574c850e3ac1f9,UNRESOLVED,NONE,RIGHTS_HMETD,,,,,2025-12-11,,,NO_EXPLICIT_REGULAR_MARKET_TRANSITION|NO_LAYOUT_EXPLICIT_TRANSITION|CONFLICTING_LAYOUT_DATES:RECORD_DATE
e30a93051fe836a7781df802376ef71e5fd4055607f71a1a3fc46409214afb6a,PIPA,Voluntary Conversion,KSEI-0085/JKU/0126,https://web.ksei.co.id/Announcement/Files/189387_ksei_0085_jku_0126_202601021552.pdf,fedb2edf7980f1e3ec2792a1624a4c9fdf4607f0da63e3b108a81781b7a918e4,UNRESOLVED,MANDATORY_TENDER_OFFER,CONVERSION,,2026-02-03,,,,,,NO_EXPLICIT_REGULAR_MARKET_TRANSITION|UNKNOWN_SCHEDULE_FAMILY|NO_LAYOUT_EXPLICIT_TRANSITION
4d5044961395889d26a61efb79dbb980a19e48fd65606d7a36919ca43d53773f,PTRO,Voluntary Conversion,KSEI-30082/JKU/1224,https://web.ksei.co.id/Announcement/Files/PTRO_MCONV_20250106_ID.pdf,2fdc785ee73029bf243f35b7db3ef589a9e46949c94c0886ad8f2b1d5b881dfa,UNRESOLVED,NONE,STOCK_SPLIT,,,,2025-01-06,,,,NO_EXPLICIT_REGULAR_MARKET_TRANSITION
4d5044961395889d26a61efb79dbb980a19e48fd65606d7a36919ca43d53773f,PTRO,Voluntary Conversion,KSEI-8656/JKU/0424,https://web.ksei.co.id/Announcement/Files/166095_ksei_8656_jku_0424_202404291958.pdf,c85f98ee7d83d698b18db46312b9ea7eea83c44ad6041664909b3a3cf4ebf345,UNRESOLVED,MANDATORY_TENDER_OFFER,CONVERSION,2024-06-05,2024-06-05,,,,,,NO_EXPLICIT_REGULAR_MARKET_TRANSITION|UNKNOWN_SCHEDULE_FAMILY|NO_LAYOUT_EXPLICIT_TRANSITION
9b21df59be9d68e088059e2dae04d2d0bd8832d9d1cb5e9dd5a300f05f369610,PTRO,Mandatory Conversion,KSEI-30082/JKU/1224,https://web.ksei.co.id/Announcement/Files/PTRO_MCONV_20250106_ID.pdf,2fdc785ee73029bf243f35b7db3ef589a9e46949c94c0886ad8f2b1d5b881dfa,UNRESOLVED,NONE,STOCK_SPLIT,,,,2025-01-06,,,,NO_EXPLICIT_REGULAR_MARKET_TRANSITION
9b21df59be9d68e088059e2dae04d2d0bd8832d9d1cb5e9dd5a300f05f369610,PTRO,Mandatory Conversion,KSEI-8656/JKU/0424,https://web.ksei.co.id/Announcement/Files/166095_ksei_8656_jku_0424_202404291958.pdf,c85f98ee7d83d698b18db46312b9ea7eea83c44ad6041664909b3a3cf4ebf345,UNRESOLVED,MANDATORY_TENDER_OFFER,CONVERSION,2024-06-05,2024-06-05,,,,,,NO_EXPLICIT_REGULAR_MARKET_TRANSITION|UNKNOWN_SCHEDULE_FAMILY|NO_LAYOUT_EXPLICIT_TRANSITION
072cf4b8b2f7f86f3c7a55a1128c85f338cbe7b41307b57a3240ad94dba0afae,RAJA,Mandatory Conversion,KSEI-18423/JKU/0726,https://web.ksei.co.id/Announcement/Files/RAJA_MCONV_20260717_ID.pdf,0d2766536492aa68bb530f79e07013c800da4763cdcd8985c74f2e5c311078eb,UNRESOLVED,NONE,STOCK_SPLIT,,,,2026-07-17,,,,NO_EXPLICIT_REGULAR_MARKET_TRANSITION
32dc152817a6e2cce2b011e49dbc178d878a78098f7484e5fe78c121370e4017,RMKE,Mandatory Conversion,KSEI-18420/JKU/0726,https://web.ksei.co.id/Announcement/Files/RMKE_MCONV_20260720_ID.pdf,15dc12b800ea8957de87d4ba72239296255d76b2635389586b38c3cc54705a1e,UNRESOLVED,NONE,STOCK_SPLIT,,,,2026-07-20,,,,NO_EXPLICIT_REGULAR_MARKET_TRANSITION
72aa0489953c6258c3b1f0c994e7a6ea920db86591a6024ef86a9929d09018f6,SGRO,Voluntary Conversion,KSEI-1484/JKU/0126,https://web.ksei.co.id/Announcement/Files/189905_ksei_1484_jku_0126_202601211209.pdf,f8714697fe7a8231b24d2a01f038518ab7dba55f5bb8d3adf24ec70b20c6cc20,UNRESOLVED,MANDATORY_TENDER_OFFER,CONVERSION,,2026-03-03,,,,,,NO_EXPLICIT_REGULAR_MARKET_TRANSITION|UNKNOWN_SCHEDULE_FAMILY|NO_LAYOUT_EXPLICIT_TRANSITION
58c7727eb52265d95c21216203daba21189cbfc4811806c3a3e747dd8cb8a26e,SILO,Voluntary Conversion,KSEI-18981/JKU/0824,https://web.ksei.co.id/Announcement/Files/170131_ksei_18981_jku_0824_202408051509.pdf,c45f8a57d2f3a4d346b1da2c40ffd1ece0efbdb3e825eb6885b1005e25266aaa,UNRESOLVED,VOLUNTARY_TENDER_OFFER,CONVERSION,2024-09-13,,,,,,,NO_EXPLICIT_REGULAR_MARKET_TRANSITION|UNKNOWN_SCHEDULE_FAMILY|NO_LAYOUT_EXPLICIT_TRANSITION
6c49f70770720154f3bf4faefe6a52dbe354f3f916e455a9f88939496c12a9b0,SILO,Voluntary Conversion,KSEI-18981/JKU/0824,https://web.ksei.co.id/Announcement/Files/170131_ksei_18981_jku_0824_202408051509.pdf,c45f8a57d2f3a4d346b1da2c40ffd1ece0efbdb3e825eb6885b1005e25266aaa,UNRESOLVED,VOLUNTARY_TENDER_OFFER,CONVERSION,2024-09-13,,,,,,,NO_EXPLICIT_REGULAR_MARKET_TRANSITION|UNKNOWN_SCHEDULE_FAMILY|NO_LAYOUT_EXPLICIT_TRANSITION
9b0f4b9181226e74173ca1649a052233905285aa8af01a6bf8f06bd15fcd5800,TBIG,Voluntary Conversion,KSEI-23256/JKU/1123,https://web.ksei.co.id/Announcement/Files/160799_ksei_23256_jku_1123_202311071800.pdf,5965832229ebc8d352d146efc8c4465fd0bd28935c4f6e9a712bd96db62d332f,UNRESOLVED,VOLUNTARY_TENDER_OFFER,CONVERSION,2024-01-24,,,,,,,NO_EXPLICIT_REGULAR_MARKET_TRANSITION|UNKNOWN_SCHEDULE_FAMILY|NO_LAYOUT_EXPLICIT_TRANSITION
6bfc3dd1fc400322e54011ef9b8bc1c38e7263ccaa2bb45c9aeb05fcf17aef13,TOTL,Voluntary Conversion,KSEI-20353/JKU/0824,https://web.ksei.co.id/Announcement/Files/170791_ksei_20353_jku_0824_202408231633.pdf,9042597640a0ca56af891c3c245ffad81fb05b0ad14623de6b622d0a79009275,UNRESOLVED,VOLUNTARY_TENDER_OFFER,CONVERSION,2024-10-04,,,,,,,MISSING_KSEI_REFERENCE|MISSING_TICKER|NO_EXPLICIT_REGULAR_MARKET_TRANSITION|UNKNOWN_SCHEDULE_FAMILY|NO_LAYOUT_EXPLICIT_TRANSITION
273d8d75c833a6bed57313b1d8eafd4bc2e3c73f33c738c798436419f6067870,WINS,Mixed Dividend,KSEI-12034/JKU/0526,https://web.ksei.co.id/Announcement/Files/194594_ksei_12034_jku_0526_202605251700.pdf,f9d091302291a213096ff6531d43010944148b34399754de66b1ac4191f96f3d,PARSED_EXACT_TRANSITION,NONE,MIXED_DIVIDEND,2026-06-18,,,2026-05-29,,2026-05-26,REGULAR_MARKET_EX_DATE,
