event_id,ticker,event_source_type,linkage_status,evidence_kind,document_semantic,transition_date,transition_semantic,linkage_basis,ksei_reference,source_url,source_sha256,diagnostics
412258fd630fab268b822eb1875a1b448aaa085a009c58ac0f76e78ad21bdce1,ADMF,Voluntary Conversion,EXACT_NON_BLOCKING,VOLUNTARY_CASH_NON_BLOCKING,SHARE_BUYBACK_CASH,,,EXACT_TICKER_CASH_DOCUMENT_AND_SOURCE_DATE_TO_PAYMENT_SETTLEMENT_PURCHASE_DATE,KSEI-16892/JKU/0725|KSEI-16896/JKU/0725,https://web.ksei.co.id/Announcement/Files/182650_ksei_16892_jku_0725_202507031822.pdf|https://web.ksei.co.id/Announcement/Files/182651_ksei_16896_jku_0725_202507031823.pdf,0bc815b45880e1660b0d5ff812fa2ca92d72ae7da22755e429583998d0890a9c|78cc09b19f75bc6d4b6b21caeb529be390484236c614196233d942c42f8db54b,
41c1e8493213d0151799837330c0dc7d8fea633d458c03e40b61ea0247bb9e58,ADRO,Right Distribution,UNRESOLVED,UNRESOLVED,,,,NO_EXACT_ADMISSIBLE_DOCUMENT_LINK,,,,NO_EXACT_ADMISSIBLE_DOCUMENT_LINK
17fe9fc553a0ce287943538df0d6420b1e12282cf578773999f0bd31f0e11eaa,AMMS,Voluntary Conversion,EXACT_NON_BLOCKING,VOLUNTARY_CASH_NON_BLOCKING,MANDATORY_TENDER_OFFER,,,EXACT_TICKER_CASH_DOCUMENT_AND_SOURCE_DATE_TO_PAYMENT_SETTLEMENT_PURCHASE_DATE,KSEI-2311/JKU/0226,https://web.ksei.co.id/Announcement/Files/190297_ksei_2311_jku_0226_202602031308.pdf,03fe4331bb8318d413237174ab3d687d26b78283f954fc54cb3cfdaef50b15d7,
b98002764eb665a3383b008eda9e2716ad89e533fae16d36c72f55bb6572ede1,ASLI,Voluntary Conversion,EXACT_NON_BLOCKING,VOLUNTARY_CASH_NON_BLOCKING,VOLUNTARY_TENDER_OFFER,,,EXACT_TICKER_CASH_DOCUMENT_AND_SOURCE_DATE_TO_PAYMENT_SETTLEMENT_PURCHASE_DATE,KSEI-4407/JKU/0326,https://web.ksei.co.id/Announcement/Files/191295_ksei_4407_jku_0326_202603041812.pdf,d817439f116b75e6169643278e891a4a69b29addff9cb10dfca27c68a1236e6e,
da7907c518d9c345e9fd39ff1040594141f3585d868e75e34610b2546ee98359,BABY,Right Distribution,UNRESOLVED,UNRESOLVED,,,,NO_EXACT_ADMISSIBLE_DOCUMENT_LINK,,,,NO_EXACT_ADMISSIBLE_DOCUMENT_LINK
cc6808069b53474d4a1eddff5fd29f8e8c9f6bac54177cbd4dd24d7af574f4f2,BOGA,Voluntary Conversion,EXACT_NON_BLOCKING,VOLUNTARY_CASH_NON_BLOCKING,MANDATORY_TENDER_OFFER,,,EXACT_TICKER_CASH_DOCUMENT_AND_SOURCE_DATE_TO_PAYMENT_SETTLEMENT_PURCHASE_DATE,KSEI-1844/JKU/0126,https://web.ksei.co.id/Announcement/Files/190058_ksei_1844_jku_0126_202601271422.pdf,3553d2833c94d119e896008d58fc24d000b351e44fc4d7f0dbeb4cbf962e6ac0,
abbfde50f3d9a4dfa848a9af445ccfb679b265e3fbe3013253fef8ff71def3ae,BUVA,Right Distribution,UNRESOLVED,UNRESOLVED,,,,NO_EXACT_ADMISSIBLE_DOCUMENT_LINK,,,,NO_EXACT_ADMISSIBLE_DOCUMENT_LINK
3ac75071cfbca806f0e133579111cfefcfe30c4d76a86fb8c334d74a550ec196,CNMA,Mixed Dividend,UNRESOLVED,UNRESOLVED,,,,NO_EXACT_ADMISSIBLE_DOCUMENT_LINK,,,,NO_EXACT_ADMISSIBLE_DOCUMENT_LINK
ea6342da3645aea159162c92bd128bb6d0f1b056187de70b523d9fd806ce67cd,COCO,Right Distribution,UNRESOLVED,UNRESOLVED,,,,NO_EXACT_ADMISSIBLE_DOCUMENT_LINK,,,,NO_EXACT_ADMISSIBLE_DOCUMENT_LINK
e0f232c4b41c5b9b17c2071b9d63dc25bb9eec9b3233272c574c1f7fbf4aacca,CSIS,Right Distribution,UNRESOLVED,UNRESOLVED,,,,NO_EXACT_ADMISSIBLE_DOCUMENT_LINK,,,,NO_EXACT_ADMISSIBLE_DOCUMENT_LINK
6df97832e47c00fc5653e90659f525a5c8258752f9fc2245803498bdeb30b45e,CUAN,Mandatory Conversion,UNRESOLVED,UNRESOLVED,,,,NO_EXACT_ADMISSIBLE_DOCUMENT_LINK,,,,NO_EXACT_ADMISSIBLE_DOCUMENT_LINK
52bbd37b7c2b69085d0046175bb3da57ca7d4689e1299cd34c64a779aedcd9a6,CYBR,Mandatory Conversion,UNRESOLVED,UNRESOLVED,,,,NO_EXACT_ADMISSIBLE_DOCUMENT_LINK,,,,NO_EXACT_ADMISSIBLE_DOCUMENT_LINK
63f4648ba4d3f26f02baea5199a23530fb89d9fcfedb56fc4808de62ca5ebe1b,DSSA,Mandatory Conversion,UNRESOLVED,UNRESOLVED,,,,NO_EXACT_ADMISSIBLE_DOCUMENT_LINK,,,,NO_EXACT_ADMISSIBLE_DOCUMENT_LINK
bbdfeca018e052b84ef7b5030710bbb63887b703a18868c05752a195d445a241,DSSA,Mandatory Conversion,UNRESOLVED,UNRESOLVED,,,,NO_EXACT_ADMISSIBLE_DOCUMENT_LINK,,,,NO_EXACT_ADMISSIBLE_DOCUMENT_LINK
89045264149e8e558e15a67a19288fb84b2d6f61bef7f98224f3683dc2d96e94,EDGE,Mandatory Conversion,UNRESOLVED,UNRESOLVED,,,,NO_EXACT_ADMISSIBLE_DOCUMENT_LINK,,,,NO_EXACT_ADMISSIBLE_DOCUMENT_LINK
8abd467f868678e08a314267bd8f5856b899d5ba53fca7796911123ea611951c,EDGE,Voluntary Conversion,UNRESOLVED,UNRESOLVED,,,,NO_EXACT_ADMISSIBLE_DOCUMENT_LINK,,,,NO_EXACT_ADMISSIBLE_DOCUMENT_LINK
399ac1c15919b44d75d885d969bdead09c381e1f5181b126937c27e7f4e8d018,FITT,Voluntary Conversion,EXACT_NON_BLOCKING,VOLUNTARY_CASH_NON_BLOCKING,MANDATORY_TENDER_OFFER,,,EXACT_TICKER_CASH_DOCUMENT_AND_SOURCE_DATE_TO_PAYMENT_SETTLEMENT_PURCHASE_DATE,KSEI-2472/JKU/0226,https://web.ksei.co.id/Announcement/Files/190347_ksei_2472_jku_0226_202602041548.pdf,e81059064293299641527638c17157d01cbe8f8cd229d4919711f1458acb8b7b,
917e1b0620a6c5bcc514411e399b9e4f6f8e0b6c5e98bf58e9f6b113e6cb7136,FORU,Voluntary Conversion,UNRESOLVED,UNRESOLVED,,,,NO_EXACT_ADMISSIBLE_DOCUMENT_LINK,,,,NO_EXACT_ADMISSIBLE_DOCUMENT_LINK
4eb092fd4f61fc0f9e5b60e552fe274ad1a970d76d022869565ddfb37b1ac51a,FUTR,Voluntary Conversion,UNRESOLVED,UNRESOLVED,,,,NO_EXACT_ADMISSIBLE_DOCUMENT_LINK,,,,NO_EXACT_ADMISSIBLE_DOCUMENT_LINK
4b5d9f62f01085e211e554d6356ce642d5c946463d5dbd23da3c608ccb274694,GMFI,Right Distribution,UNRESOLVED,UNRESOLVED,,,,NO_EXACT_ADMISSIBLE_DOCUMENT_LINK,,,,NO_EXACT_ADMISSIBLE_DOCUMENT_LINK
6cd48adec365f5fdf35308956e0ac25c5e344f2062e5e06243e468e23311fa00,HILL,Mandatory Conversion,UNRESOLVED,UNRESOLVED,,,,NO_EXACT_ADMISSIBLE_DOCUMENT_LINK,,,,NO_EXACT_ADMISSIBLE_DOCUMENT_LINK
fa33eed5f3b91074b6410d1a79363736f8e763d63956350ce6a68d84114ec985,IATA,Voluntary Conversion,EXACT_NON_BLOCKING,VOLUNTARY_CASH_NON_BLOCKING,VOLUNTARY_TENDER_OFFER,,,EXACT_TICKER_CASH_DOCUMENT_AND_SOURCE_DATE_TO_PAYMENT_SETTLEMENT_PURCHASE_DATE,KSEI-8562/JKU/0426,https://web.ksei.co.id/Announcement/Files/193118_ksei_8562_jku_0426_202604211757.pdf,518a39fd381c6514422acefb7b4b49ce83bdba3803ffa33716ab751c125be636,
6932b3fba9803f124c0ad0c016b126beccd84aaddfb99807f1aaf1074bfc6ddb,IMJS,Right Distribution,UNRESOLVED,UNRESOLVED,,,,NO_EXACT_ADMISSIBLE_DOCUMENT_LINK,,,,NO_EXACT_ADMISSIBLE_DOCUMENT_LINK
bfce385f0295b8ac7fbad1417586586e6f4959f1ba24a50ffe3e997505180c50,INDS,Mandatory Conversion,UNRESOLVED,UNRESOLVED,,,,NO_EXACT_ADMISSIBLE_DOCUMENT_LINK,,,,NO_EXACT_ADMISSIBLE_DOCUMENT_LINK
0d4574c52b80b7160a9ff56ce2f70316c5326204d5d033df50407ebae95f1dc6,INET,Right Distribution,UNRESOLVED,UNRESOLVED,,,,NO_EXACT_ADMISSIBLE_DOCUMENT_LINK,,,,NO_EXACT_ADMISSIBLE_DOCUMENT_LINK
cff20e6754442d3eebb71fb2dc0438f85271a92b5de9f80f23d539953bc72b7f,IRSX,Voluntary Conversion,EXACT_NON_BLOCKING,VOLUNTARY_CASH_NON_BLOCKING,MANDATORY_TENDER_OFFER,,,EXACT_TICKER_CASH_DOCUMENT_AND_SOURCE_DATE_TO_PAYMENT_SETTLEMENT_PURCHASE_DATE,KSEI-22615/JKU/0925,https://web.ksei.co.id/Announcement/Files/185006_ksei_22615_jku_0925_202509161530.pdf,df37637e0e55f835833577b466e9852d76cc517b33e134d1b19986075a7e494d,
2f7279f2a13446607720af7a1dbbbde51cb542cc94bee3cecec32794202243c4,JARR,Voluntary Conversion,EXACT_NON_BLOCKING,VOLUNTARY_CASH_NON_BLOCKING,DISSENTING_SHAREHOLDER_CASH_REPURCHASE,,,EXACT_TICKER_CASH_DOCUMENT_AND_SOURCE_DATE_TO_PAYMENT_SETTLEMENT_PURCHASE_DATE,KSEI-24442/JKU/1123,https://web.ksei.co.id/Announcement/Files/161214_ksei_24442_jku_1123_202311221748.pdf,88ea646546d05ded9ca03182ea72b3fde8885846e008a83de4dd0210ba6ba2be,
2958f1557431fb9a8c616cf95c4de6ba9114c92736d0e5926481414179684a90,KETR,Voluntary Conversion,EXACT_NON_BLOCKING,VOLUNTARY_CASH_NON_BLOCKING,VOLUNTARY_TENDER_OFFER,,,EXACT_TICKER_CASH_DOCUMENT_AND_SOURCE_DATE_TO_PAYMENT_SETTLEMENT_PURCHASE_DATE,KSEI-18067/JKU/0726,https://web.ksei.co.id/Announcement/Files/197030_ksei_18067_jku_0726_202607091715.pdf,bf2964ca8d2d7c83c3300371e4309864c61df7dfffad5f26deabae457d69901e,
5fc1b2277927ea7fc2ef0cf63be2725ec04351dcffbbaf4f6749b6ed9f784ee0,KETR,Voluntary Conversion,UNRESOLVED,UNRESOLVED,,,,NO_EXACT_ADMISSIBLE_DOCUMENT_LINK,,,,NO_EXACT_ADMISSIBLE_DOCUMENT_LINK
8e0c37b92e68aa480e69f7e717a6e69b79c26e5137d3850b7e58b2b097ef0594,MEJA,Right Distribution,UNRESOLVED,UNRESOLVED,,,,NO_EXACT_ADMISSIBLE_DOCUMENT_LINK,,,,NO_EXACT_ADMISSIBLE_DOCUMENT_LINK
238f1fc7600a9f4475aa3e5e6710862f48977e008f4692619062f31a04cab1bc,MEJA,Stock Dividend,UNRESOLVED,UNRESOLVED,,,,NO_EXACT_ADMISSIBLE_DOCUMENT_LINK,,,,NO_EXACT_ADMISSIBLE_DOCUMENT_LINK
d359658134eb9558388844a6eb0229554014b6f26ee0f9ee10194687945bc7c8,MFIN,Mandatory Conversion,UNRESOLVED,UNRESOLVED,,,,NO_EXACT_ADMISSIBLE_DOCUMENT_LINK,,,,NO_EXACT_ADMISSIBLE_DOCUMENT_LINK
1f7723ddc435da97bb2f343f04beb9a37669b16717c768428f612e50ffeb05f7,MFIN,Voluntary Conversion,EXACT_NON_BLOCKING,VOLUNTARY_CASH_NON_BLOCKING,SHARE_BUYBACK_CASH,,,EXACT_TICKER_CASH_DOCUMENT_AND_SOURCE_DATE_TO_PAYMENT_SETTLEMENT_PURCHASE_DATE,KSEI-16892/JKU/0725|KSEI-16896/JKU/0725,https://web.ksei.co.id/Announcement/Files/182650_ksei_16892_jku_0725_202507031822.pdf|https://web.ksei.co.id/Announcement/Files/182651_ksei_16896_jku_0725_202507031823.pdf,0bc815b45880e1660b0d5ff812fa2ca92d72ae7da22755e429583998d0890a9c|78cc09b19f75bc6d4b6b21caeb529be390484236c614196233d942c42f8db54b,
20793514970c8d6a1bb294a86a491a344faf9e0bb2530bce20b8a690f1975835,MFIN,Voluntary Conversion,EXACT_NON_BLOCKING,VOLUNTARY_CASH_NON_BLOCKING,SHARE_BUYBACK_CASH,,,EXACT_TICKER_CASH_DOCUMENT_AND_SOURCE_DATE_TO_PAYMENT_SETTLEMENT_PURCHASE_DATE,KSEI-16892/JKU/0725|KSEI-16896/JKU/0725,https://web.ksei.co.id/Announcement/Files/182650_ksei_16892_jku_0725_202507031822.pdf|https://web.ksei.co.id/Announcement/Files/182651_ksei_16896_jku_0725_202507031823.pdf,0bc815b45880e1660b0d5ff812fa2ca92d72ae7da22755e429583998d0890a9c|78cc09b19f75bc6d4b6b21caeb529be390484236c614196233d942c42f8db54b,
547e0965216399d6c2002fd3ba7d687546d60f12f878a308e05d350aa5152167,MFIN,Voluntary Conversion,EXACT_NON_BLOCKING,VOLUNTARY_CASH_NON_BLOCKING,SHARE_BUYBACK_CASH,,,EXACT_TICKER_CASH_DOCUMENT_AND_SOURCE_DATE_TO_PAYMENT_SETTLEMENT_PURCHASE_DATE,KSEI-16892/JKU/0725|KSEI-16896/JKU/0725,https://web.ksei.co.id/Announcement/Files/182650_ksei_16892_jku_0725_202507031822.pdf|https://web.ksei.co.id/Announcement/Files/182651_ksei_16896_jku_0725_202507031823.pdf,0bc815b45880e1660b0d5ff812fa2ca92d72ae7da22755e429583998d0890a9c|78cc09b19f75bc6d4b6b21caeb529be390484236c614196233d942c42f8db54b,
80901104db453da0a667552075933b68d41dec45e0a32c3292357ef913f34878,MLPT,Mandatory Conversion,UNRESOLVED,UNRESOLVED,,,,NO_EXACT_ADMISSIBLE_DOCUMENT_LINK,,,,NO_EXACT_ADMISSIBLE_DOCUMENT_LINK
fdf0617a33586783f96e15d46452afff5ee216f84716ab6232ba1e2ef80df1ec,MMIX,Right Distribution,UNRESOLVED,UNRESOLVED,,,,NO_EXACT_ADMISSIBLE_DOCUMENT_LINK,,,,NO_EXACT_ADMISSIBLE_DOCUMENT_LINK
b89d89faf5b41a4e25c9b884642060c9b9a693ebafb7adc36daf683572750dfe,MPPA,Right Distribution,UNRESOLVED,UNRESOLVED,,,,NO_EXACT_ADMISSIBLE_DOCUMENT_LINK,,,,NO_EXACT_ADMISSIBLE_DOCUMENT_LINK
0c37b0c084e7bb166b6af25306f9b18186cdd1f24e89bfad69c044f7b56dece7,MSIN,Mandatory Conversion,UNRESOLVED,UNRESOLVED,,,,NO_EXACT_ADMISSIBLE_DOCUMENT_LINK,,,,NO_EXACT_ADMISSIBLE_DOCUMENT_LINK
f93d1060609048cf1b9fd63a9c85b29bbd0ab6b5873185a33fcc45aa1ff532ff,NETV,Mandatory Conversion,UNRESOLVED,UNRESOLVED,,,,NO_EXACT_ADMISSIBLE_DOCUMENT_LINK,,,,NO_EXACT_ADMISSIBLE_DOCUMENT_LINK
d92748ec738027eb23c560fd5c7c0ab2773da4018d4d84209f5a9ba6aa451e1f,NETV,Voluntary Conversion,UNRESOLVED,UNRESOLVED,,,,NO_EXACT_ADMISSIBLE_DOCUMENT_LINK,,,,NO_EXACT_ADMISSIBLE_DOCUMENT_LINK
3831444b55de6bcdbc9cb06fb24dacf6f140551aec5a13a29ec11e0ade43729b,NINE,Voluntary Conversion,EXACT_NON_BLOCKING,VOLUNTARY_CASH_NON_BLOCKING,MANDATORY_TENDER_OFFER,,,EXACT_TICKER_CASH_DOCUMENT_AND_SOURCE_DATE_TO_PAYMENT_SETTLEMENT_PURCHASE_DATE,KSEI-30437/JKU/1225,https://web.ksei.co.id/Announcement/Files/188758_ksei_30437_jku_1225_202512191530.pdf,e2637d2e5090786cb22281087fdd26382b8cceb59c5c15b78e905b2a794e370f,
10e24d3621e0f5e65833655b2e11938fc53d64e68c03e6c87658eb74bb2ae26b,NISP,Voluntary Conversion,UNRESOLVED,UNRESOLVED,,,,NO_EXACT_ADMISSIBLE_DOCUMENT_LINK,,,,NO_EXACT_ADMISSIBLE_DOCUMENT_LINK
b92e80322a60a5d6c7cb138f3edb650e17fe5ce3e59fcd2c3f6801dce55fb8df,PACK,Right Distribution,UNRESOLVED,UNRESOLVED,,,,NO_EXACT_ADMISSIBLE_DOCUMENT_LINK,,,,NO_EXACT_ADMISSIBLE_DOCUMENT_LINK
188024c981ef45bb860b20779a2fc789ac816a1c68cfc4e6a0553111c8f2121f,PADA,Voluntary Conversion,EXACT_NON_BLOCKING,VOLUNTARY_CASH_NON_BLOCKING,MANDATORY_TENDER_OFFER,,,EXACT_TICKER_CASH_DOCUMENT_AND_SOURCE_DATE_TO_PAYMENT_SETTLEMENT_PURCHASE_DATE,KSEI-15293/JKU/0626,https://web.ksei.co.id/Announcement/Files/195898_ksei_15293_jku_0626_202606171756.pdf,0247f1e1ee31146ae402b7dbba6a1b83d8d7bc1195da62df04f65121c17d1d67,
15d5ebe7db22a8246800a04a0a0288b995d70bcb76a667b9117def8987450736,PADI,Voluntary Conversion,EXACT_NON_BLOCKING,VOLUNTARY_CASH_NON_BLOCKING,VOLUNTARY_TENDER_OFFER,,,EXACT_TICKER_CASH_DOCUMENT_AND_SOURCE_DATE_TO_PAYMENT_SETTLEMENT_PURCHASE_DATE,KSEI-21077/JKU/0825,https://web.ksei.co.id/Announcement/Files/184314_ksei_21077_jku_0825_202508252044.pdf,0bc35ae49060ef70bff1299cd104ed3a18da73b2b9621277a047f775442fcef4,
82e09144ecfe0d4375a9260156fe75dd74ed01a2cd72262f55e14cd85ce6ebc7,PANI,Right Distribution,UNRESOLVED,UNRESOLVED,,,,NO_EXACT_ADMISSIBLE_DOCUMENT_LINK,,,,NO_EXACT_ADMISSIBLE_DOCUMENT_LINK
e30a93051fe836a7781df802376ef71e5fd4055607f71a1a3fc46409214afb6a,PIPA,Voluntary Conversion,EXACT_NON_BLOCKING,VOLUNTARY_CASH_NON_BLOCKING,MANDATORY_TENDER_OFFER,,,EXACT_TICKER_CASH_DOCUMENT_AND_SOURCE_DATE_TO_PAYMENT_SETTLEMENT_PURCHASE_DATE,KSEI-0085/JKU/0126,https://web.ksei.co.id/Announcement/Files/189387_ksei_0085_jku_0126_202601021552.pdf,fedb2edf7980f1e3ec2792a1624a4c9fdf4607f0da63e3b108a81781b7a918e4,
9b21df59be9d68e088059e2dae04d2d0bd8832d9d1cb5e9dd5a300f05f369610,PTRO,Mandatory Conversion,UNRESOLVED,UNRESOLVED,,,,NO_EXACT_ADMISSIBLE_DOCUMENT_LINK,,,,NO_EXACT_ADMISSIBLE_DOCUMENT_LINK
4d5044961395889d26a61efb79dbb980a19e48fd65606d7a36919ca43d53773f,PTRO,Voluntary Conversion,EXACT_NON_BLOCKING,VOLUNTARY_CASH_NON_BLOCKING,MANDATORY_TENDER_OFFER,,,EXACT_TICKER_CASH_DOCUMENT_AND_SOURCE_DATE_TO_PAYMENT_SETTLEMENT_PURCHASE_DATE,KSEI-8656/JKU/0424,https://web.ksei.co.id/Announcement/Files/166095_ksei_8656_jku_0424_202404291958.pdf,c85f98ee7d83d698b18db46312b9ea7eea83c44ad6041664909b3a3cf4ebf345,
072cf4b8b2f7f86f3c7a55a1128c85f338cbe7b41307b57a3240ad94dba0afae,RAJA,Mandatory Conversion,UNRESOLVED,UNRESOLVED,,,,NO_EXACT_ADMISSIBLE_DOCUMENT_LINK,,,,NO_EXACT_ADMISSIBLE_DOCUMENT_LINK
7214c5758243affed4dc8bdd38f8af94792ba38d020a4ef39d86d2e59be19610,RISE,Right Distribution,UNRESOLVED,UNRESOLVED,,,,NO_EXACT_ADMISSIBLE_DOCUMENT_LINK,,,,NO_EXACT_ADMISSIBLE_DOCUMENT_LINK
32dc152817a6e2cce2b011e49dbc178d878a78098f7484e5fe78c121370e4017,RMKE,Mandatory Conversion,UNRESOLVED,UNRESOLVED,,,,NO_EXACT_ADMISSIBLE_DOCUMENT_LINK,,,,NO_EXACT_ADMISSIBLE_DOCUMENT_LINK
a9421890253582dc9d223d03cacf586b14a682a53d35184d60a331277ef630b4,SGER,Right Distribution,UNRESOLVED,UNRESOLVED,,,,NO_EXACT_ADMISSIBLE_DOCUMENT_LINK,,,,NO_EXACT_ADMISSIBLE_DOCUMENT_LINK
72aa0489953c6258c3b1f0c994e7a6ea920db86591a6024ef86a9929d09018f6,SGRO,Voluntary Conversion,EXACT_NON_BLOCKING,VOLUNTARY_CASH_NON_BLOCKING,MANDATORY_TENDER_OFFER,,,EXACT_TICKER_CASH_DOCUMENT_AND_SOURCE_DATE_TO_PAYMENT_SETTLEMENT_PURCHASE_DATE,KSEI-1484/JKU/0126,https://web.ksei.co.id/Announcement/Files/189905_ksei_1484_jku_0126_202601211209.pdf,f8714697fe7a8231b24d2a01f038518ab7dba55f5bb8d3adf24ec70b20c6cc20,
58c7727eb52265d95c21216203daba21189cbfc4811806c3a3e747dd8cb8a26e,SILO,Voluntary Conversion,EXACT_NON_BLOCKING,VOLUNTARY_CASH_NON_BLOCKING,VOLUNTARY_TENDER_OFFER,,,EXACT_TICKER_CASH_DOCUMENT_AND_SOURCE_DATE_TO_PAYMENT_SETTLEMENT_PURCHASE_DATE,KSEI-18981/JKU/0824,https://web.ksei.co.id/Announcement/Files/170131_ksei_18981_jku_0824_202408051509.pdf,c45f8a57d2f3a4d346b1da2c40ffd1ece0efbdb3e825eb6885b1005e25266aaa,
6c49f70770720154f3bf4faefe6a52dbe354f3f916e455a9f88939496c12a9b0,SILO,Voluntary Conversion,EXACT_NON_BLOCKING,VOLUNTARY_CASH_NON_BLOCKING,VOLUNTARY_TENDER_OFFER,,,EXACT_TICKER_CASH_DOCUMENT_AND_SOURCE_DATE_TO_PAYMENT_SETTLEMENT_PURCHASE_DATE,KSEI-18981/JKU/0824,https://web.ksei.co.id/Announcement/Files/170131_ksei_18981_jku_0824_202408051509.pdf,c45f8a57d2f3a4d346b1da2c40ffd1ece0efbdb3e825eb6885b1005e25266aaa,
9b0f4b9181226e74173ca1649a052233905285aa8af01a6bf8f06bd15fcd5800,TBIG,Voluntary Conversion,EXACT_NON_BLOCKING,VOLUNTARY_CASH_NON_BLOCKING,VOLUNTARY_TENDER_OFFER,,,EXACT_TICKER_CASH_DOCUMENT_AND_SOURCE_DATE_TO_PAYMENT_SETTLEMENT_PURCHASE_DATE,KSEI-23256/JKU/1123,https://web.ksei.co.id/Announcement/Files/160799_ksei_23256_jku_1123_202311071800.pdf,5965832229ebc8d352d146efc8c4465fd0bd28935c4f6e9a712bd96db62d332f,
6bfc3dd1fc400322e54011ef9b8bc1c38e7263ccaa2bb45c9aeb05fcf17aef13,TOTL,Voluntary Conversion,EXACT_NON_BLOCKING,VOLUNTARY_CASH_NON_BLOCKING,VOLUNTARY_TENDER_OFFER,,,EXACT_TICKER_CASH_DOCUMENT_AND_SOURCE_DATE_TO_PAYMENT_SETTLEMENT_PURCHASE_DATE,KSEI-20353/JKU/0824,https://web.ksei.co.id/Announcement/Files/170791_ksei_20353_jku_0824_202408231633.pdf,9042597640a0ca56af891c3c245ffad81fb05b0ad14623de6b622d0a79009275,
c1ea0c0f99219835e82e03ac8827a99abc2390f93b0e5b8bbf135c2e9aa38c35,TRJA,Voluntary Conversion,UNRESOLVED,UNRESOLVED,,,,NO_EXACT_ADMISSIBLE_DOCUMENT_LINK,,,,NO_EXACT_ADMISSIBLE_DOCUMENT_LINK
273d8d75c833a6bed57313b1d8eafd4bc2e3c73f33c738c798436419f6067870,WINS,Mixed Dividend,EXACT,EXACT_TRANSITION,MECHANICAL_REGULAR_MARKET_BASIS_TRANSITION,2026-05-26,REGULAR_MARKET_EX_DATE,EXACT_TICKER_FAMILY_SOURCE_DATE_AND_EXPLICIT_REGULAR_MARKET_TRANSITION,KSEI-12034/JKU/0526,https://web.ksei.co.id/Announcement/Files/194594_ksei_12034_jku_0526_202605251700.pdf,f9d091302291a213096ff6531d43010944148b34399754de66b1ac4191f96f3d,
