branch_name,head_sha,last_commit_date,ahead_vs_main,behind_vs_main,head_reachable_from_main,reachable_from_retained_successor,retained_successor_branch,successor_or_acceptance_sha,related_pr,related_pr_status,team_status_references,repository_document_references,classification,reason
ci/quality-gates,597c0e706a763045a4f40ddaa27459901dce88b3,2026-08-11T12:15:10+07:00,3,283,false,false,,,UNAVAILABLE_GITHUB_AUTH,UNAVAILABLE_GITHUB_AUTH,NONE_FOUND,NONE_FOUND,ABANDONED_NO_DECISION,Not reachable from main and no tracked status/handoff/checkpoint/spec/manifest reference was found.
codex/data-source-provenance-registry-v1,9e78f5d23042135c821d1d5478714cab447ccbf2,2026-08-13T11:16:29+07:00,4,187,false,false,,,UNAVAILABLE_GITHUB_AUTH,UNAVAILABLE_GITHUB_AUTH,REVIEW,coordination/TEAM_STATUS.md:84;origin/main:coordination/TEAM_STATUS.md,KEEP,Live coordination status REVIEW; do not retire active or parked work.
codex/frontend-compare-v2,bc91a5f99502bb507ed905bdce6c0ac993348d55,2026-08-12T17:13:01+07:00,350,283,false,false,,,UNAVAILABLE_GITHUB_AUTH,UNAVAILABLE_GITHUB_AUTH,REVIEW,coordination/TEAM_STATUS.md:72;origin/main:coordination/TEAM_STATUS.md,KEEP,Live coordination status REVIEW; do not retire active or parked work.
codex/frozen-lineage-impact-audit-v1,9395b5c26e0db1a280acee4cac9d5fa76d198e8c,2026-08-13T11:41:06+07:00,3,181,false,false,,,UNAVAILABLE_GITHUB_AUTH,UNAVAILABLE_GITHUB_AUTH,REVIEW,coordination/TEAM_STATUS.md:81;origin/main:coordination/TEAM_STATUS.md,KEEP,Live coordination status REVIEW; do not retire active or parked work.
codex/idx-eod-adversarial-tests-v1,f6a50cfcba3611c89bd71ee1b6b12d9da3dee51a,2026-08-13T11:14:17+07:00,364,283,false,false,,7b21c50d278b13c8e94cdebddd4ca35765d7274e,UNAVAILABLE_GITHUB_AUTH,UNAVAILABLE_GITHUB_AUTH,DONE,coordination/TEAM_STATUS.md:79;origin/main:coordination/TEAM_STATUS.md,ARCHIVE_TAG_THEN_DELETE_BRANCH,Scientific lane is DONE and its decision/reference is documented; preserve exact HEAD/verdict with a proposed archive tag before deletion.
codex/idx-forward-100-evaluator-v1,fe323e2977ef447aaa7fbd93b38ef3021563d072,2026-08-13T10:57:15+07:00,372,214,false,false,,12a5b99150cbb33c729343ceec3f4d4da2d66ecd;6c05499d01ba644c80f0c6bd6d621aac92ab2813,UNAVAILABLE_GITHUB_AUTH,UNAVAILABLE_GITHUB_AUTH,DONE,coordination/TEAM_STATUS.md:64;origin/main:coordination/TEAM_STATUS.md,KEEP,Protected O2/Foreign-Flow/Price-State/forward/runtime lineage; retain by repository hygiene policy.
codex/pit-safe-v2-v3b-o2-reproduction-research-v1,765bdba170eba68d3beab28dae30bd7e694743f8,2026-08-13T14:48:20+07:00,514,283,false,false,,,UNAVAILABLE_GITHUB_AUTH,UNAVAILABLE_GITHUB_AUTH,DONE,coordination/TEAM_STATUS.md:82;origin/main:coordination/TEAM_STATUS.md,KEEP,Protected O2/Foreign-Flow/Price-State/forward/runtime lineage; retain by repository hygiene policy.
codex/pit-safe-v2-v3b-o2-reproduction-v1,7894eddc6ba61c04297f147defd46d9913731464,2026-08-13T11:58:33+07:00,3,177,false,false,,,UNAVAILABLE_GITHUB_AUTH,UNAVAILABLE_GITHUB_AUTH,NONE_FOUND,NONE_FOUND,KEEP,Protected O2/Foreign-Flow/Price-State/forward/runtime lineage; retain by repository hygiene policy.
codex/repository-hygiene-v1,473d38aba99e6d4527fa25879a1aeb19123cdf9e,2026-08-15T23:44:22+07:00,2,3,false,false,,,UNAVAILABLE_GITHUB_AUTH,UNAVAILABLE_GITHUB_AUTH,REVIEW,coordination/TEAM_STATUS.md:46;origin/main:coordination/TEAM_STATUS.md,KEEP,Live coordination status REVIEW; do not retire active or parked work.
codex/scientific-integrity-audit-v1,1a3d785b10e33af1f6f723fb4a23cf8a61980b0a,2026-08-13T10:50:58+07:00,2,196,false,false,,31b88496bcbf91bb7772351ab6c3e1df206b2375,UNAVAILABLE_GITHUB_AUTH,UNAVAILABLE_GITHUB_AUTH,DONE,coordination/TEAM_STATUS.md:80;origin/main:coordination/TEAM_STATUS.md;origin/main:docs/checkpoints/2026-08-13_REPOSITORY_SCIENTIFIC_INTEGRITY_AUDIT_INDEPENDENT_ACCEPTANCE.md,ARCHIVE_TAG_THEN_DELETE_BRANCH,Scientific lane is DONE and its decision/reference is documented; preserve exact HEAD/verdict with a proposed archive tag before deletion.
data/broker-margin-source-audit-v0,c7fcec2a5fc58e503cf1ea5fbff9e890dcf827ae,2026-08-13T09:27:42+07:00,4,207,false,false,,,UNAVAILABLE_GITHUB_AUTH,UNAVAILABLE_GITHUB_AUTH,DONE,coordination/TEAM_STATUS.md:71;origin/main:coordination/TEAM_STATUS.md,ARCHIVE_TAG_THEN_DELETE_BRANCH,Scientific lane is DONE and its decision/reference is documented; preserve exact HEAD/verdict with a proposed archive tag before deletion.
data/corporate-action-pit-availability-provenance-v1,254fcf21995bc6a22e4e11a6f3585ef487cb49c8,2026-08-14T22:57:59+07:00,24,115,false,false,,314b99a3a91e2297fa0061a52849ee3c64d60222;4f776a8f34eda012d4368287fe37699d4c8dc0dc;50718c3f23352444630160dc54934eaa2201289d,UNAVAILABLE_GITHUB_AUTH,UNAVAILABLE_GITHUB_AUTH,DONE;REVIEW,coordination/TEAM_STATUS.md:106;coordination/TEAM_STATUS.md:112;origin/main:coordination/TEAM_STATUS.md,KEEP,Live coordination status REVIEW; do not retire active or parked work.
data/corporate-action-pit-deterministic-linkage-v1,5222af3b68bf86765c43017912e990edf02148ad,2026-08-14T01:25:13+07:00,17,115,false,true,data/corporate-action-pit-availability-provenance-v1,254fcf21995bc6a22e4e11a6f3585ef487cb49c8,UNAVAILABLE_GITHUB_AUTH,UNAVAILABLE_GITHUB_AUTH,REVIEW,coordination/TEAM_STATUS.md:105;origin/main:coordination/TEAM_STATUS.md,KEEP,Live coordination status REVIEW; do not retire active or parked work.
data/corporate-action-pit-idx-publication-linkage-remediation-r2-v1,3b74c7890948929d1cbb2ad9a14eb76888d2f464,2026-08-15T01:15:52+07:00,29,115,false,false,,981e1586038d91392ac0397b12391a1cd37f010f,UNAVAILABLE_GITHUB_AUTH,UNAVAILABLE_GITHUB_AUTH,REVIEW,coordination/TEAM_STATUS.md:137;origin/main:coordination/TEAM_STATUS.md,KEEP,Live coordination status REVIEW; do not retire active or parked work.
data/corporate-action-pit-idx-publication-linkage-remediation-v1,7dbc5baf5e2937428af7f3badc1ef3617f3f386d,2026-08-15T00:35:33+07:00,27,115,false,true,data/corporate-action-pit-idx-publication-linkage-remediation-r2-v1,3b74c7890948929d1cbb2ad9a14eb76888d2f464,UNAVAILABLE_GITHUB_AUTH,UNAVAILABLE_GITHUB_AUTH,ACTIVE;REVIEW,coordination/TEAM_STATUS.md:125;coordination/TEAM_STATUS.md:131;origin/main:coordination/TEAM_STATUS.md,KEEP,"Live coordination status ACTIVE,REVIEW; do not retire active or parked work."
data/corporate-action-pit-idx-publication-linkage-v1,6a41234296b9fc6bf71bb45872a9c74a185e16aa,2026-08-14T23:35:32+07:00,26,115,false,false,,13c54861821998d2148d0a8df6252d6dc1a8cd64,UNAVAILABLE_GITHUB_AUTH,UNAVAILABLE_GITHUB_AUTH,ACTIVE;REVIEW,coordination/TEAM_STATUS.md:113;coordination/TEAM_STATUS.md:119;origin/main:coordination/TEAM_STATUS.md,KEEP,"Live coordination status ACTIVE,REVIEW; do not retire active or parked work."
data/corporate-action-pit-source-audit-v1,2de089f0e48ae2ee74ffd16c4361155a04dccc30,2026-08-14T00:31:32+07:00,8,115,false,true,data/corporate-action-pit-deterministic-linkage-v1,5222af3b68bf86765c43017912e990edf02148ad,UNAVAILABLE_GITHUB_AUTH,UNAVAILABLE_GITHUB_AUTH,REVIEW,coordination/TEAM_STATUS.md:104;origin/main:coordination/TEAM_STATUS.md,KEEP,Live coordination status REVIEW; do not retire active or parked work.
data/corporate-actions-v1,c66fc431a5af5f846dfdcd6abf9bf68f39c854f9,2026-08-12T00:19:35+07:00,506,283,false,false,,,UNAVAILABLE_GITHUB_AUTH,UNAVAILABLE_GITHUB_AUTH,NONE_FOUND,NONE_FOUND,ABANDONED_NO_DECISION,Not reachable from main and no tracked status/handoff/checkpoint/spec/manifest reference was found.
data/financial-pit-adapter-census-v1,d1cb537e844fb8da83551ba462c80c8debb623d4,2026-08-13T17:38:32+07:00,507,283,false,false,,723200c32e06d99831b8ea43700fe695c397e4a0,UNAVAILABLE_GITHUB_AUTH,UNAVAILABLE_GITHUB_AUTH,DONE,coordination/TEAM_STATUS.md:88;origin/main:coordination/TEAM_STATUS.md,ARCHIVE_TAG_THEN_DELETE_BRANCH,Scientific lane is DONE and its decision/reference is documented; preserve exact HEAD/verdict with a proposed archive tag before deletion.
data/financial-pit-fact-extraction-hardening-v1,baf0334a1dd6a31e9d88ae978630ec864bfb3410,2026-08-13T20:55:05+07:00,521,283,false,false,,,UNAVAILABLE_GITHUB_AUTH,UNAVAILABLE_GITHUB_AUTH,DONE,coordination/TEAM_STATUS.md:95;origin/main:coordination/TEAM_STATUS.md,ARCHIVE_TAG_THEN_DELETE_BRANCH,Scientific lane is DONE and its decision/reference is documented; preserve exact HEAD/verdict with a proposed archive tag before deletion.
data/financial-pit-fact-schema-v1,4013f90a56edc6d8409e6a7514a9170d5f301aff,2026-08-13T19:51:28+07:00,519,283,false,false,,,UNAVAILABLE_GITHUB_AUTH,UNAVAILABLE_GITHUB_AUTH,DONE,coordination/TEAM_STATUS.md:93;origin/main:coordination/TEAM_STATUS.md,ARCHIVE_TAG_THEN_DELETE_BRANCH,Scientific lane is DONE and its decision/reference is documented; preserve exact HEAD/verdict with a proposed archive tag before deletion.
data/financial-pit-feature-contract-v1,6b510d8d254dd47973e749ffeae7cf1569069395,2026-08-14T00:17:11+07:00,539,118,false,false,,,UNAVAILABLE_GITHUB_AUTH,UNAVAILABLE_GITHUB_AUTH,DONE,coordination/TEAM_STATUS.md:99;origin/main:coordination/TEAM_STATUS.md,ARCHIVE_TAG_THEN_DELETE_BRANCH,Scientific lane is DONE and its decision/reference is documented; preserve exact HEAD/verdict with a proposed archive tag before deletion.
data/financial-pit-feature-materialization-v1,7b5ed76c934b32cc7d995cc93870ac16d797e9e4,2026-08-14T02:03:24+07:00,546,118,false,false,,,UNAVAILABLE_GITHUB_AUTH,UNAVAILABLE_GITHUB_AUTH,DONE,coordination/TEAM_STATUS.md:101;origin/main:coordination/TEAM_STATUS.md,ARCHIVE_TAG_THEN_DELETE_BRANCH,Scientific lane is DONE and its decision/reference is documented; preserve exact HEAD/verdict with a proposed archive tag before deletion.
data/financial-pit-marketwide-fact-extraction-census-v1,419f0be54a7b08ee958c52b8a727be9423286d96,2026-08-13T21:52:37+07:00,523,283,false,false,,4c68b5a3259e89782f6263857630089b93ed04e8,UNAVAILABLE_GITHUB_AUTH,UNAVAILABLE_GITHUB_AUTH,DONE,coordination/TEAM_STATUS.md:96;origin/main:coordination/TEAM_STATUS.md,ARCHIVE_TAG_THEN_DELETE_BRANCH,Scientific lane is DONE and its decision/reference is documented; preserve exact HEAD/verdict with a proposed archive tag before deletion.
data/financial-pit-offline-scope-reclassification-v1,45d36eda095ea975182565804baaf899a9706c58,2026-08-13T19:03:38+07:00,515,283,false,false,,7c94bc8a87374a75fc73687c04c4f8b5b7146595,UNAVAILABLE_GITHUB_AUTH,UNAVAILABLE_GITHUB_AUTH,DONE,coordination/TEAM_STATUS.md:91;origin/main:coordination/TEAM_STATUS.md,ARCHIVE_TAG_THEN_DELETE_BRANCH,Scientific lane is DONE and its decision/reference is documented; preserve exact HEAD/verdict with a proposed archive tag before deletion.
data/financial-pit-period-boundary-remediation-v1,09e8e8eba738e4dcea3c871f0eda83b53cc07c42,2026-08-14T01:27:40+07:00,540,118,false,false,,,UNAVAILABLE_GITHUB_AUTH,UNAVAILABLE_GITHUB_AUTH,DONE,coordination/TEAM_STATUS.md:100;origin/main:coordination/TEAM_STATUS.md,ARCHIVE_TAG_THEN_DELETE_BRANCH,Scientific lane is DONE and its decision/reference is documented; preserve exact HEAD/verdict with a proposed archive tag before deletion.
data/financial-pit-revision-lineage-v1,58e5e26de4646794a38e844decf54890696375c5,2026-08-13T20:11:03+07:00,522,283,false,false,,903e843f3f53c14e7bdc7fb1e3d959f2cfe62a66,UNAVAILABLE_GITHUB_AUTH,UNAVAILABLE_GITHUB_AUTH,DONE,coordination/TEAM_STATUS.md:94;origin/main:coordination/TEAM_STATUS.md,ARCHIVE_TAG_THEN_DELETE_BRANCH,Scientific lane is DONE and its decision/reference is documented; preserve exact HEAD/verdict with a proposed archive tag before deletion.
data/financial-pit-scientific-notation-remediation-v1,98f409cda9943cc06747e875153c231d950a3221,2026-08-13T23:48:46+07:00,536,125,false,false,,22774855350d5a75b1b568d59b38f0d7205908aa,UNAVAILABLE_GITHUB_AUTH,UNAVAILABLE_GITHUB_AUTH,DONE,coordination/TEAM_STATUS.md:98;origin/main:coordination/TEAM_STATUS.md,ARCHIVE_TAG_THEN_DELETE_BRANCH,Scientific lane is DONE and its decision/reference is documented; preserve exact HEAD/verdict with a proposed archive tag before deletion.
data/financial-pit-statement-scope-v1,e4537c16c5011d8cafc55bc72e8f04017b874baf,2026-08-13T18:28:13+07:00,511,283,false,false,,8675b0bc05327779a3f39d4b1a3f90b2bfcda551,UNAVAILABLE_GITHUB_AUTH,UNAVAILABLE_GITHUB_AUTH,DONE,coordination/TEAM_STATUS.md:90;origin/main:coordination/TEAM_STATUS.md,ARCHIVE_TAG_THEN_DELETE_BRANCH,Scientific lane is DONE and its decision/reference is documented; preserve exact HEAD/verdict with a proposed archive tag before deletion.
data/financial-pit-template-drift-audit-v1,f2238f35546db0934e7ce1203cefc57fa05eec86,2026-08-13T22:58:17+07:00,526,127,false,false,,22774855350d5a75b1b568d59b38f0d7205908aa,UNAVAILABLE_GITHUB_AUTH,UNAVAILABLE_GITHUB_AUTH,DONE,coordination/TEAM_STATUS.md:97;origin/main:coordination/TEAM_STATUS.md,ARCHIVE_TAG_THEN_DELETE_BRANCH,Scientific lane is DONE and its decision/reference is documented; preserve exact HEAD/verdict with a proposed archive tag before deletion.
data/financial-pit-v1,25eaa67a7f5446234db470756fe8b5c12cbb7696,2026-08-13T16:40:08+07:00,505,283,false,false,,,UNAVAILABLE_GITHUB_AUTH,UNAVAILABLE_GITHUB_AUTH,DONE,coordination/TEAM_STATUS.md:86;origin/main:coordination/TEAM_STATUS.md,ARCHIVE_TAG_THEN_DELETE_BRANCH,Scientific lane is DONE and its decision/reference is documented; preserve exact HEAD/verdict with a proposed archive tag before deletion.
data/foreign-flow-forward-context-bridge-v1,490f1a9b09b3b5d67bfcfc7aa7e7930467ad3f1e,2026-08-15T20:09:08+07:00,70,105,false,true,review/idx-foreign-flow-forward-context-bridge-v1-final-acceptance,d47f0785102137e45cda6c9772a3699809d02615,UNAVAILABLE_GITHUB_AUTH,UNAVAILABLE_GITHUB_AUTH,NONE_FOUND,coordination/TEAM_STATUS.md:436;origin/main:coordination/TEAM_STATUS.md,KEEP,Protected O2/Foreign-Flow/Price-State/forward/runtime lineage; retain by repository hygiene policy.
data/foreign-flow-v1,193ccf85eb0f0115e9e1aa42c0e1aafe506a8461,2026-08-12T01:12:02+07:00,503,283,false,false,,,UNAVAILABLE_GITHUB_AUTH,UNAVAILABLE_GITHUB_AUTH,NONE_FOUND,NONE_FOUND,KEEP,Protected O2/Foreign-Flow/Price-State/forward/runtime lineage; retain by repository hygiene policy.
data/historical-universe-v1,d447c640788e65c7322224820fa192fabf4dec9c,2026-08-11T23:28:16+07:00,505,283,false,false,,,UNAVAILABLE_GITHUB_AUTH,UNAVAILABLE_GITHUB_AUTH,NONE_FOUND,NONE_FOUND,ABANDONED_NO_DECISION,Not reachable from main and no tracked status/handoff/checkpoint/spec/manifest reference was found.
data/idx-data-002,9e6e83d8cfd4ffb6d4b4ee3e8d337de2bebb8762,2026-08-11T12:17:32+07:00,5,283,false,false,,,UNAVAILABLE_GITHUB_AUTH,UNAVAILABLE_GITHUB_AUTH,NONE_FOUND,NONE_FOUND,ABANDONED_NO_DECISION,Not reachable from main and no tracked status/handoff/checkpoint/spec/manifest reference was found.
data/idx-data-002b,9e088d683b1cfa44c475a2248091355cfc014f6f,2026-08-11T12:16:20+07:00,9,283,false,false,,,UNAVAILABLE_GITHUB_AUTH,UNAVAILABLE_GITHUB_AUTH,NONE_FOUND,NONE_FOUND,ABANDONED_NO_DECISION,Not reachable from main and no tracked status/handoff/checkpoint/spec/manifest reference was found.
data/idx-data-002c,bc8fcf0a77575f5b42f77fe1d2aea9fc58b14cda,2026-08-11T12:17:02+07:00,142,283,false,false,,,UNAVAILABLE_GITHUB_AUTH,UNAVAILABLE_GITHUB_AUTH,NONE_FOUND,NONE_FOUND,ABANDONED_NO_DECISION,Not reachable from main and no tracked status/handoff/checkpoint/spec/manifest reference was found.
data/idx-data-002c-codex-cache,e46827c8887f3ea57bf98e79a55986d8ceadc8b3,2026-08-11T12:17:19+07:00,89,283,false,false,,,UNAVAILABLE_GITHUB_AUTH,UNAVAILABLE_GITHUB_AUTH,NONE_FOUND,NONE_FOUND,ABANDONED_NO_DECISION,Not reachable from main and no tracked status/handoff/checkpoint/spec/manifest reference was found.
data/idx-data-005-1260-prep,b1992b099e5682dbf1441ca0c287e6a9ca527bdc,2026-08-11T12:18:01+07:00,122,283,false,false,,,UNAVAILABLE_GITHUB_AUTH,UNAVAILABLE_GITHUB_AUTH,NONE_FOUND,NONE_FOUND,ABANDONED_NO_DECISION,Not reachable from main and no tracked status/handoff/checkpoint/spec/manifest reference was found.
data/idx-delisting-effective-date-semantics-v1,555326d78faf8f06bdbce838d1f018ec56571419,2026-08-15T23:16:16+07:00,3,10,false,false,,,UNAVAILABLE_GITHUB_AUTH,UNAVAILABLE_GITHUB_AUTH,NONE_FOUND,NONE_FOUND,ABANDONED_NO_DECISION,Not reachable from main and no tracked status/handoff/checkpoint/spec/manifest reference was found.
data/idx-direct-endpoint-audit-v1,87e6947c0121aba52111d3dc633e05448f6da644,2026-08-13T15:58:05+07:00,11,168,false,false,,,UNAVAILABLE_GITHUB_AUTH,UNAVAILABLE_GITHUB_AUTH,DONE,coordination/TEAM_STATUS.md:85;origin/main:coordination/TEAM_STATUS.md,ARCHIVE_TAG_THEN_DELETE_BRANCH,Scientific lane is DONE and its decision/reference is documented; preserve exact HEAD/verdict with a proposed archive tag before deletion.
data/idx-foreign-flow-forward-capture-v1,32bb1390303b9103ac53c6faa4d521c1352ee940,2026-08-13T23:58:04+07:00,382,283,false,true,data/idx-foreign-flow-historical-acquisition-v1,6b00624a3d1b7aeb7e8cfe8715e6b94f4e7cdb82,UNAVAILABLE_GITHUB_AUTH,UNAVAILABLE_GITHUB_AUTH,DONE,coordination/TEAM_STATUS.md:74;origin/main:coordination/TEAM_STATUS.md,KEEP,Protected O2/Foreign-Flow/Price-State/forward/runtime lineage; retain by repository hygiene policy.
data/idx-foreign-flow-historical-acquisition-v1,6b00624a3d1b7aeb7e8cfe8715e6b94f4e7cdb82,2026-08-14T01:03:35+07:00,386,283,false,false,,3297d060413849cd4934b9c475c1166ba7d76412,UNAVAILABLE_GITHUB_AUTH,UNAVAILABLE_GITHUB_AUTH,DONE,coordination/TEAM_STATUS.md:75;origin/main:coordination/TEAM_STATUS.md,KEEP,Protected O2/Foreign-Flow/Price-State/forward/runtime lineage; retain by repository hygiene policy.
data/idx-forward-calendar-extension-v1,398f1d0eec10abc6386e9bd21b309c3943fd21aa,2026-08-12T10:13:27+07:00,329,283,false,false,,,UNAVAILABLE_GITHUB_AUTH,UNAVAILABLE_GITHUB_AUTH,WAITING,coordination/TEAM_STATUS.md:68;origin/main:coordination/TEAM_STATUS.md,KEEP,Protected O2/Foreign-Flow/Price-State/forward/runtime lineage; retain by repository hygiene policy.
data/idx-free-float-effective-supply-v1,69cdd303ad937e6bc90d930955f751f1a2686ab0,2026-08-15T01:22:42+07:00,16,63,false,false,,,UNAVAILABLE_GITHUB_AUTH,UNAVAILABLE_GITHUB_AUTH,NONE_FOUND,coordination/TEAM_STATUS.md:272;coordination/TEAM_STATUS.md:285;coordination/TEAM_STATUS.md:297;origin/main:coordination/TEAM_STATUS.md,NEEDS_MANUAL_REVIEW,Scientific/documented branch is not reachable from main; deletion would risk losing a provenance anchor.
data/idx-historical-statutory-free-float-snapshot-v1,4762f4751cb4cc30d348704c7e19e65c47b7a329,2026-08-15T21:52:10+07:00,19,27,false,false,,,UNAVAILABLE_GITHUB_AUTH,UNAVAILABLE_GITHUB_AUTH,NONE_FOUND,coordination/TEAM_STATUS.md:510;coordination/TEAM_STATUS.md:523;origin/main:coordination/TEAM_STATUS.md,NEEDS_MANUAL_REVIEW,Scientific/documented branch is not reachable from main; deletion would risk losing a provenance anchor.
data/idx-hsc-full-history-ledger-v1,b86e3f4906edcc57f8d5f579906321e44d12be06,2026-08-15T19:37:15+07:00,34,63,false,false,,,UNAVAILABLE_GITHUB_AUTH,UNAVAILABLE_GITHUB_AUTH,NONE_FOUND,coordination/TEAM_STATUS.md:425;coordination/TEAM_STATUS.md:453;origin/main:coordination/TEAM_STATUS.md,NEEDS_MANUAL_REVIEW,Scientific/documented branch is not reachable from main; deletion would risk losing a provenance anchor.
data/idx-lbre-lineage-parser-remediation-v1,a42715f027fceb0c7cd24f68e65c9e91b7bfa049,2026-08-15T22:40:19+07:00,25,27,false,false,,,UNAVAILABLE_GITHUB_AUTH,UNAVAILABLE_GITHUB_AUTH,NONE_FOUND,coordination/TEAM_STATUS.md:549;coordination/TEAM_STATUS.md:610;origin/main:coordination/TEAM_STATUS.md,NEEDS_MANUAL_REVIEW,Scientific/documented branch is not reachable from main; deletion would risk losing a provenance anchor.
data/idx-lbre-monthly-free-float-history-v1,f6537c09b5121cc8b185df4fd9d672e305a879d1,2026-08-15T22:53:53+07:00,27,27,false,false,,,UNAVAILABLE_GITHUB_AUTH,UNAVAILABLE_GITHUB_AUTH,NONE_FOUND,coordination/TEAM_STATUS.md:638;origin/main:coordination/TEAM_STATUS.md,NEEDS_MANUAL_REVIEW,Scientific/documented branch is not reachable from main; deletion would risk losing a provenance anchor.
data/idx-open-backfill-tier2-audit-v1,5818bba5d7f40b851b31581579c56fb0c6a6a3ef,2026-08-11T12:19:02+07:00,242,283,false,false,,,UNAVAILABLE_GITHUB_AUTH,UNAVAILABLE_GITHUB_AUTH,NONE_FOUND,NONE_FOUND,ABANDONED_NO_DECISION,Not reachable from main and no tracked status/handoff/checkpoint/spec/manifest reference was found.
data/idx-open-backfill-tradingview-identity-remediation-v1,969367bcbc0f5ee28a403c8d7f01a6aaab9cfeb3,2026-08-12T00:22:33+07:00,293,283,false,true,data/idx-forward-calendar-extension-v1,398f1d0eec10abc6386e9bd21b309c3943fd21aa,UNAVAILABLE_GITHUB_AUTH,UNAVAILABLE_GITHUB_AUTH,NONE_FOUND,NONE_FOUND,ABANDONED_NO_DECISION,Not reachable from main and no tracked status/handoff/checkpoint/spec/manifest reference was found.
data/idx-open-backfill-v1,9b3a5db2eefbc3ab1833c824e629648636544c60,2026-08-11T12:19:13+07:00,234,283,false,false,,,UNAVAILABLE_GITHUB_AUTH,UNAVAILABLE_GITHUB_AUTH,NONE_FOUND,NONE_FOUND,ABANDONED_NO_DECISION,Not reachable from main and no tracked status/handoff/checkpoint/spec/manifest reference was found.
data/idx-open-backfill-yahoo-census-v1,2a40b1da4f75a0c8c80b2045e5e07f3ea0ed50e7,2026-08-11T14:50:23+07:00,260,283,false,true,data/idx-forward-calendar-extension-v1,398f1d0eec10abc6386e9bd21b309c3943fd21aa,UNAVAILABLE_GITHUB_AUTH,UNAVAILABLE_GITHUB_AUTH,NONE_FOUND,NONE_FOUND,ABANDONED_NO_DECISION,Not reachable from main and no tracked status/handoff/checkpoint/spec/manifest reference was found.
data/idx-open-backfill-yahoo-semantics-v1,51cac00fe2214a4ac75412af7c6d664ff08b3a7c,2026-08-11T12:19:36+07:00,248,283,false,false,,,UNAVAILABLE_GITHUB_AUTH,UNAVAILABLE_GITHUB_AUTH,NONE_FOUND,NONE_FOUND,ABANDONED_NO_DECISION,Not reachable from main and no tracked status/handoff/checkpoint/spec/manifest reference was found.
data/idx-open-backfill-zapi-alt-endpoints-audit-v1,d7114df0bdbc4e1ecaacb0091a3b84772d4391e1,2026-08-11T20:32:36+07:00,279,283,false,true,data/idx-forward-calendar-extension-v1,398f1d0eec10abc6386e9bd21b309c3943fd21aa,UNAVAILABLE_GITHUB_AUTH,UNAVAILABLE_GITHUB_AUTH,NONE_FOUND,NONE_FOUND,ABANDONED_NO_DECISION,Not reachable from main and no tracked status/handoff/checkpoint/spec/manifest reference was found.
data/idx-open-backfill-zapi-investing-residual-audit-v1,b553325ca0477415f9d669355ca2ef0dd42bc1f7,2026-08-12T00:01:29+07:00,296,283,false,false,,,UNAVAILABLE_GITHUB_AUTH,UNAVAILABLE_GITHUB_AUTH,NONE_FOUND,NONE_FOUND,ABANDONED_NO_DECISION,Not reachable from main and no tracked status/handoff/checkpoint/spec/manifest reference was found.
data/idx-open-backfill-zapi-residual-audit-v1,fa39fb576516d91265cc884d437b60d8d8415b1a,2026-08-11T15:57:02+07:00,270,283,false,true,data/idx-forward-calendar-extension-v1,398f1d0eec10abc6386e9bd21b309c3943fd21aa,UNAVAILABLE_GITHUB_AUTH,UNAVAILABLE_GITHUB_AUTH,NONE_FOUND,NONE_FOUND,ABANDONED_NO_DECISION,Not reachable from main and no tracked status/handoff/checkpoint/spec/manifest reference was found.
data/idx-open-backfill-zapi-tradingview-resume-v1,dda3cb1ca7ed455e1cb932c093639723e4d3ea82,2026-08-11T21:56:46+07:00,282,283,false,true,data/idx-forward-calendar-extension-v1,398f1d0eec10abc6386e9bd21b309c3943fd21aa,UNAVAILABLE_GITHUB_AUTH,UNAVAILABLE_GITHUB_AUTH,NONE_FOUND,NONE_FOUND,ABANDONED_NO_DECISION,Not reachable from main and no tracked status/handoff/checkpoint/spec/manifest reference was found.
data/idx-open-backfill-zapi-tradingview-targeted-census-v1,d26f9956f8c736a277a7108805376105e6cfedcf,2026-08-11T23:06:38+07:00,289,283,false,true,data/idx-forward-calendar-extension-v1,398f1d0eec10abc6386e9bd21b309c3943fd21aa,UNAVAILABLE_GITHUB_AUTH,UNAVAILABLE_GITHUB_AUTH,NONE_FOUND,NONE_FOUND,ABANDONED_NO_DECISION,Not reachable from main and no tracked status/handoff/checkpoint/spec/manifest reference was found.
data/idx-open-official-stock-summary-recovery-v1,e70ac11494c2d449d9bbc14aa246f5a34d2e01ea,2026-08-14T02:01:47+07:00,1,91,false,false,,,UNAVAILABLE_GITHUB_AUTH,UNAVAILABLE_GITHUB_AUTH,REVIEW,coordination/TEAM_STATUS.md:69;origin/main:coordination/TEAM_STATUS.md,KEEP,Live coordination status REVIEW; do not retire active or parked work.
data/idx-open-research-coverage-gate-v1,1d6709ecac589c7578b20b029041e125189d1ebc,2026-08-12T00:48:29+07:00,297,283,false,true,data/idx-forward-calendar-extension-v1,398f1d0eec10abc6386e9bd21b309c3943fd21aa,UNAVAILABLE_GITHUB_AUTH,UNAVAILABLE_GITHUB_AUTH,NONE_FOUND,NONE_FOUND,ABANDONED_NO_DECISION,Not reachable from main and no tracked status/handoff/checkpoint/spec/manifest reference was found.
data/idx-ownership-hsc-source-remediation-v1,505448a5bf24545f3538045daaa6b86968e6c6fc,2026-08-15T12:42:48+07:00,20,63,false,false,,,UNAVAILABLE_GITHUB_AUTH,UNAVAILABLE_GITHUB_AUTH,NONE_FOUND,coordination/TEAM_STATUS.md:389;coordination/TEAM_STATUS.md:400;origin/main:coordination/TEAM_STATUS.md,NEEDS_MANUAL_REVIEW,Lineage or retention decision remains ambiguous.
data/idx-pit-sector-history-revival-v1,5c9cb42a9b40774a5672f7487ce46ad94a806bed,2026-08-13T02:34:50+07:00,543,283,false,false,,,UNAVAILABLE_GITHUB_AUTH,UNAVAILABLE_GITHUB_AUTH,PARKED,coordination/TEAM_STATUS.md:70;origin/main:coordination/TEAM_STATUS.md,KEEP,Live coordination status PARKED; do not retire active or parked work.
data/idx-pit-sector-history-v1,c855568d06a0749d52bfa5104ab09381491fede4,2026-08-13T02:01:50+07:00,534,283,false,true,data/idx-pit-sector-history-revival-v1,5c9cb42a9b40774a5672f7487ce46ad94a806bed,UNAVAILABLE_GITHUB_AUTH,UNAVAILABLE_GITHUB_AUTH,NONE_FOUND,NONE_FOUND,ABANDONED_NO_DECISION,Not reachable from main and no tracked status/handoff/checkpoint/spec/manifest reference was found.
data/idx-statutory-free-float-reconstruction-v1,9eb73df879d44456adfc8d5f717e6c75be5d07a0,2026-08-15T20:27:38+07:00,6,27,false,false,,,UNAVAILABLE_GITHUB_AUTH,UNAVAILABLE_GITHUB_AUTH,NONE_FOUND,coordination/TEAM_STATUS.md:474;coordination/TEAM_STATUS.md:486;origin/main:coordination/TEAM_STATUS.md,NEEDS_MANUAL_REVIEW,Scientific/documented branch is not reachable from main; deletion would risk losing a provenance anchor.
data/idx-stock-history-open-audit-v1,2cad7fa740b0bddeb053556c2b1c07dce33ea864,2026-08-11T21:35:06+07:00,284,283,false,false,,,UNAVAILABLE_GITHUB_AUTH,UNAVAILABLE_GITHUB_AUTH,NONE_FOUND,NONE_FOUND,ABANDONED_NO_DECISION,Not reachable from main and no tracked status/handoff/checkpoint/spec/manifest reference was found.
data/investing-intraday-admission-pilot-v1,5ef879266b4b7b88b614ac43b68e73165cab6678,2026-08-13T18:52:01+07:00,10,150,false,false,,27e0b7a1b3f5bb4688efeb585215eb0b6e435ccd;6e3740e60e0196212ecbe4ea737703e2cf18ba01,UNAVAILABLE_GITHUB_AUTH,UNAVAILABLE_GITHUB_AUTH,DONE,coordination/TEAM_STATUS.md:51;origin/main:coordination/TEAM_STATUS.md,ARCHIVE_TAG_THEN_DELETE_BRANCH,Scientific lane is DONE and its decision/reference is documented; preserve exact HEAD/verdict with a proposed archive tag before deletion.
data/investing-intraday-depth-audit-v1,b80bd94daf26436092bd5e070c5b4bc70b2a2037,2026-08-13T17:52:37+07:00,6,152,false,false,,d083581c561c5777cc221b4a16bc48d4b98b4685,UNAVAILABLE_GITHUB_AUTH,UNAVAILABLE_GITHUB_AUTH,DONE,coordination/TEAM_STATUS.md:50;origin/main:coordination/TEAM_STATUS.md,ARCHIVE_TAG_THEN_DELETE_BRANCH,Scientific lane is DONE and its decision/reference is documented; preserve exact HEAD/verdict with a proposed archive tag before deletion.
data/investing-intraday-direct-query-audit-v1,d1fdd639e9ea72af8925461c121acbd4b529315e,2026-08-12T11:20:36+07:00,322,283,false,false,,,UNAVAILABLE_GITHUB_AUTH,UNAVAILABLE_GITHUB_AUTH,NONE_FOUND,NONE_FOUND,ABANDONED_NO_DECISION,Not reachable from main and no tracked status/handoff/checkpoint/spec/manifest reference was found.
data/investing-intraday-history-audit-v1,249be3603dfc40cb52b9c41abc050478b9bd36a8,2026-08-12T01:15:09+07:00,316,283,false,false,,,UNAVAILABLE_GITHUB_AUTH,UNAVAILABLE_GITHUB_AUTH,NONE_FOUND,NONE_FOUND,ABANDONED_NO_DECISION,Not reachable from main and no tracked status/handoff/checkpoint/spec/manifest reference was found.
data/market-index-breadth-history-v1,d3827f1506736ec64c957e10f50f5447196d9983,2026-08-12T11:51:59+07:00,504,283,false,false,,,UNAVAILABLE_GITHUB_AUTH,UNAVAILABLE_GITHUB_AUTH,PARKED,coordination/TEAM_STATUS.md:48;origin/main:coordination/TEAM_STATUS.md,KEEP,Live coordination status PARKED; do not retire active or parked work.
data/market-index-forward-eod-v1-monitoring,8c94f56b0025ad68b254476aaddb73be81bfb0bc,2026-08-12T12:58:51+07:00,317,283,false,false,,,UNAVAILABLE_GITHUB_AUTH,UNAVAILABLE_GITHUB_AUTH,NONE_FOUND,NONE_FOUND,KEEP,Protected O2/Foreign-Flow/Price-State/forward/runtime lineage; retain by repository hygiene policy.
data/ownership-ksei-v1,e3735b71ad14344ea5b2191622e7c926f65eaca7,2026-08-12T01:37:14+07:00,504,283,false,false,,,UNAVAILABLE_GITHUB_AUTH,UNAVAILABLE_GITHUB_AUTH,NONE_FOUND,NONE_FOUND,ABANDONED_NO_DECISION,Not reachable from main and no tracked status/handoff/checkpoint/spec/manifest reference was found.
data/stockbit-intraday-forward-capture-v1,32f08d002adff5bfc223f166fe17f55488c310a3,2026-08-12T00:22:10+07:00,311,283,false,false,,,UNAVAILABLE_GITHUB_AUTH,UNAVAILABLE_GITHUB_AUTH,AUTOMATED,coordination/TEAM_STATUS.md:49;origin/main:coordination/TEAM_STATUS.md,KEEP,Protected O2/Foreign-Flow/Price-State/forward/runtime lineage; retain by repository hygiene policy.
data/tradingview-historical-intraday-admission-pilot-v1,c26c4e429e162fd6240f6b6918b3f27e86494229,2026-08-13T23:39:05+07:00,6,132,false,true,data/tradingview-open-session-semantics-v1,80898c9098196db0275c1748cdfa28c859ff24b9,UNAVAILABLE_GITHUB_AUTH,UNAVAILABLE_GITHUB_AUTH,REVIEW,coordination/TEAM_STATUS.md:52;origin/main:coordination/TEAM_STATUS.md,KEEP,Live coordination status REVIEW; do not retire active or parked work.
data/tradingview-historical-intraday-audit-v1,fb5a6384a49ce2a3c80c07ae2b79134de2f584bb,2026-08-13T20:15:57+07:00,4,140,false,false,,,UNAVAILABLE_GITHUB_AUTH,UNAVAILABLE_GITHUB_AUTH,NONE_FOUND,NONE_FOUND,ABANDONED_NO_DECISION,Not reachable from main and no tracked status/handoff/checkpoint/spec/manifest reference was found.
data/tradingview-historical-intraday-remediation-v1,6b12d689d06d7e71a5c642f948e590858764fcca,2026-08-13T22:31:56+07:00,4,132,false,true,data/tradingview-open-session-semantics-v1,80898c9098196db0275c1748cdfa28c859ff24b9,UNAVAILABLE_GITHUB_AUTH,UNAVAILABLE_GITHUB_AUTH,NONE_FOUND,NONE_FOUND,ABANDONED_NO_DECISION,Not reachable from main and no tracked status/handoff/checkpoint/spec/manifest reference was found.
data/tradingview-historical-price-path-v2,f6716bb861eee396a8b57c42b207af31b4565db7,2026-08-14T23:41:14+07:00,12,99,false,false,,97124d017de9533e1c84d7f84eab4b22edbfbda4;c943a76fd56872d981a87519c2eb7072c413322c,UNAVAILABLE_GITHUB_AUTH,UNAVAILABLE_GITHUB_AUTH,REVIEW,coordination/TEAM_STATUS.md:57;origin/main:coordination/TEAM_STATUS.md,KEEP,Live coordination status REVIEW; do not retire active or parked work.
data/tradingview-intraday-activity-forensics-v1,50b9f97e0bb718ebebba5f6c4c9987bbf58fc3f8,2026-08-14T00:14:43+07:00,13,132,false,true,data/tradingview-open-session-semantics-v1,80898c9098196db0275c1748cdfa28c859ff24b9,UNAVAILABLE_GITHUB_AUTH,UNAVAILABLE_GITHUB_AUTH,BLOCKED,coordination/TEAM_STATUS.md:53;origin/main:coordination/TEAM_STATUS.md,KEEP,Live coordination status BLOCKED; do not retire active or parked work.
data/tradingview-intraday-independent-activity-resolution-v1,c943a76fd56872d981a87519c2eb7072c413322c,2026-08-14T00:39:52+07:00,17,132,false,false,,f6716bb861eee396a8b57c42b207af31b4565db7;97124d017de9533e1c84d7f84eab4b22edbfbda4,UNAVAILABLE_GITHUB_AUTH,UNAVAILABLE_GITHUB_AUTH,NONE_FOUND,origin/main:coordination/TEAM_STATUS.md,NEEDS_MANUAL_REVIEW,Scientific/documented branch is not reachable from main; deletion would risk losing a provenance anchor.
data/tradingview-intraday-price-path-contract-v1,1906f8a9e3c582384d3b414ee3b763120398df95,2026-08-14T01:46:34+07:00,4,99,false,true,data/tradingview-historical-price-path-v2,f6716bb861eee396a8b57c42b207af31b4565db7,UNAVAILABLE_GITHUB_AUTH,UNAVAILABLE_GITHUB_AUTH,REVIEW,coordination/TEAM_STATUS.md:55;origin/main:coordination/TEAM_STATUS.md,KEEP,Live coordination status REVIEW; do not retire active or parked work.
data/tradingview-open-price-path-remediation-v1,97124d017de9533e1c84d7f84eab4b22edbfbda4,2026-08-14T02:17:53+07:00,7,99,false,true,data/tradingview-historical-price-path-v2,f6716bb861eee396a8b57c42b207af31b4565db7,UNAVAILABLE_GITHUB_AUTH,UNAVAILABLE_GITHUB_AUTH,REVIEW,coordination/TEAM_STATUS.md:56;origin/main:coordination/TEAM_STATUS.md,KEEP,Live coordination status REVIEW; do not retire active or parked work.
data/tradingview-open-session-semantics-v1,80898c9098196db0275c1748cdfa28c859ff24b9,2026-08-14T01:34:50+07:00,17,132,false,false,,,UNAVAILABLE_GITHUB_AUTH,UNAVAILABLE_GITHUB_AUTH,REVIEW,coordination/TEAM_STATUS.md:54;origin/main:coordination/TEAM_STATUS.md,KEEP,Live coordination status REVIEW; do not retire active or parked work.
data/zapi-source-acceptance-v1,1e8786286aa9c54cf4f0b645dcf963260562dcc6,2026-08-11T21:43:51+07:00,528,283,false,false,,,UNAVAILABLE_GITHUB_AUTH,UNAVAILABLE_GITHUB_AUTH,NONE_FOUND,NONE_FOUND,ABANDONED_NO_DECISION,Not reachable from main and no tracked status/handoff/checkpoint/spec/manifest reference was found.
docs/data-foundation-status-v1,4efe5108398d772da5cb9711f7619e16bde853f4,2026-08-12T01:43:56+07:00,502,283,false,true,data/market-index-breadth-history-v1,d3827f1506736ec64c957e10f50f5447196d9983,UNAVAILABLE_GITHUB_AUTH,UNAVAILABLE_GITHUB_AUTH,NONE_FOUND,NONE_FOUND,ABANDONED_NO_DECISION,Not reachable from main and no tracked status/handoff/checkpoint/spec/manifest reference was found.
docs/model-architecture,9ea4fc96a8599138b0859301deaf198971ac76b5,2026-08-11T12:19:50+07:00,1,280,false,false,,,UNAVAILABLE_GITHUB_AUTH,UNAVAILABLE_GITHUB_AUTH,NONE_FOUND,NONE_FOUND,ABANDONED_NO_DECISION,Not reachable from main and no tracked status/handoff/checkpoint/spec/manifest reference was found.
frontend/editorial-tech-v1,09cccdc0c1750ebc9c50a4206bf105711813cf1b,2026-08-12T10:52:10+07:00,344,283,false,true,codex/frontend-compare-v2,bc91a5f99502bb507ed905bdce6c0ac993348d55,UNAVAILABLE_GITHUB_AUTH,UNAVAILABLE_GITHUB_AUTH,NONE_FOUND,NONE_FOUND,ABANDONED_NO_DECISION,Not reachable from main and no tracked status/handoff/checkpoint/spec/manifest reference was found.
frontend/model-monitoring-v1,72446ec2a1997608ea97c77d3ccef62cf7662f65,2026-08-11T13:01:12+07:00,315,283,false,true,codex/frontend-compare-v2,bc91a5f99502bb507ed905bdce6c0ac993348d55,UNAVAILABLE_GITHUB_AUTH,UNAVAILABLE_GITHUB_AUTH,NONE_FOUND,NONE_FOUND,ABANDONED_NO_DECISION,Not reachable from main and no tracked status/handoff/checkpoint/spec/manifest reference was found.
frontend/model-monitoring-v2,ea37c0e62de6592d0232ff052ca06b4187730120,2026-08-11T12:20:38+07:00,450,283,false,false,,,UNAVAILABLE_GITHUB_AUTH,UNAVAILABLE_GITHUB_AUTH,NONE_FOUND,NONE_FOUND,ABANDONED_NO_DECISION,Not reachable from main and no tracked status/handoff/checkpoint/spec/manifest reference was found.
integration/canonical-eod-calendar-parent-attestation-v1,32c30d17c7a2d1d5f434f9f6df0c7fb88e2b13ae,2026-08-15T23:13:50+07:00,64,25,false,false,,,UNAVAILABLE_GITHUB_AUTH,UNAVAILABLE_GITHUB_AUTH,NONE_FOUND,coordination/TEAM_STATUS.md:577;origin/main:coordination/TEAM_STATUS.md,NEEDS_MANUAL_REVIEW,Scientific/documented branch is not reachable from main; deletion would risk losing a provenance anchor.
integration/foreign-flow-representation-v2-forward-v1,db630a80ae5cac3e25acbe149a3c1335a38c99d8,2026-08-15T13:37:35+07:00,54,105,false,true,data/foreign-flow-forward-context-bridge-v1,490f1a9b09b3b5d67bfcfc7aa7e7930467ad3f1e,UNAVAILABLE_GITHUB_AUTH,UNAVAILABLE_GITHUB_AUTH,NONE_FOUND,coordination/TEAM_STATUS.md:363;origin/main:coordination/TEAM_STATUS.md,KEEP,Protected O2/Foreign-Flow/Price-State/forward/runtime lineage; retain by repository hygiene policy.
integration/forward-eod-automation-monitoring,b94b272eddede0432e2fbe4acb2915e57a716bcb,2026-08-13T02:39:17+07:00,360,283,false,true,data/idx-foreign-flow-forward-capture-v1,32bb1390303b9103ac53c6faa4d521c1352ee940,UNAVAILABLE_GITHUB_AUTH,UNAVAILABLE_GITHUB_AUTH,ACTIVE;AUTOMATED;DONE,coordination/TEAM_STATUS.md:65;coordination/TEAM_STATUS.md:73;coordination/TEAM_STATUS.md:78;coordination/TEAM_STATUS.md:79;origin/main:coordination/TEAM_STATUS.md,KEEP,Protected O2/Foreign-Flow/Price-State/forward/runtime lineage; retain by repository hygiene policy.
integration/o2-1-sealed-shadow-v1,d0dbf1992f019eaafb8790256dfcdf0c68c81858,2026-08-13T09:28:15+07:00,361,283,false,false,,6d61b2b8083c3e524a0932e36943a56503c1bd17,UNAVAILABLE_GITHUB_AUTH,UNAVAILABLE_GITHUB_AUTH,DONE,coordination/TEAM_STATUS.md:67;origin/main:coordination/TEAM_STATUS.md,KEEP,Protected O2/Foreign-Flow/Price-State/forward/runtime lineage; retain by repository hygiene policy.
integration/personal-ksei-bounded-auth-design-v1,df4fab2dc93f42a97f57144bab707c7ef169fd25,2026-08-14T23:51:29+07:00,45,109,false,false,,,UNAVAILABLE_GITHUB_AUTH,UNAVAILABLE_GITHUB_AUTH,NONE_FOUND,NONE_FOUND,ABANDONED_NO_DECISION,Not reachable from main and no tracked status/handoff/checkpoint/spec/manifest reference was found.
integration/price-trend-runtime-bridge-adapter-v1,6d0470e81599b4772cd62a676ae2201f94001efe,2026-08-15T22:02:39+07:00,56,25,false,true,review/idx-price-trend-runtime-smoke-blocker-v1,5aa81aaf00533f3930cecdf302c0bf7de52acb4c,UNAVAILABLE_GITHUB_AUTH,UNAVAILABLE_GITHUB_AUTH,NONE_FOUND,coordination/TEAM_STATUS.md:560;origin/main:coordination/TEAM_STATUS.md,KEEP,Protected O2/Foreign-Flow/Price-State/forward/runtime lineage; retain by repository hygiene policy.
integration/price-trend-runtime-context-pin-v1,417e306cf9e30dbb4a9a1ab1ea8855b7dbd7bd51,2026-08-15T21:39:40+07:00,41,25,false,true,review/idx-price-trend-runtime-smoke-blocker-v1,5aa81aaf00533f3930cecdf302c0bf7de52acb4c,UNAVAILABLE_GITHUB_AUTH,UNAVAILABLE_GITHUB_AUTH,NONE_FOUND,NONE_FOUND,KEEP,Protected O2/Foreign-Flow/Price-State/forward/runtime lineage; retain by repository hygiene policy.
integration/price-trend-state-forward-sidecar-v1,a4d19fd1615c4a9f9988ed16540c34f5efbe1b1a,2026-08-15T21:32:44+07:00,38,25,false,true,integration/price-trend-runtime-context-pin-v1,417e306cf9e30dbb4a9a1ab1ea8855b7dbd7bd51,UNAVAILABLE_GITHUB_AUTH,UNAVAILABLE_GITHUB_AUTH,NONE_FOUND,NONE_FOUND,KEEP,Protected O2/Foreign-Flow/Price-State/forward/runtime lineage; retain by repository hygiene policy.
integration/schema-contract-prep-v1,d9a7a1dd38ee72c2ab45c5337311a8f8f82eba53,2026-08-14T00:07:38+07:00,1,117,false,false,,,UNAVAILABLE_GITHUB_AUTH,UNAVAILABLE_GITHUB_AUTH,NONE_FOUND,NONE_FOUND,ABANDONED_NO_DECISION,Not reachable from main and no tracked status/handoff/checkpoint/spec/manifest reference was found.
integration/schema-hardening-v2,dd323be798b6d2fa1631e65b3dc3f2693be07ef8,2026-08-14T22:59:24+07:00,43,109,false,false,,66f6f13398134bb7fb7e85719d78c2c354e5acbf,UNAVAILABLE_GITHUB_AUTH,UNAVAILABLE_GITHUB_AUTH,REVIEW,coordination/TEAM_STATUS.md:77;origin/main:coordination/TEAM_STATUS.md,KEEP,Live coordination status REVIEW; do not retire active or parked work.
integration/schema-review-v1,da8fa63ad51e9c8bf80e31b4775eae450b750b5f,2026-08-14T00:12:18+07:00,2,117,false,false,,,UNAVAILABLE_GITHUB_AUTH,UNAVAILABLE_GITHUB_AUTH,NONE_FOUND,NONE_FOUND,ABANDONED_NO_DECISION,Not reachable from main and no tracked status/handoff/checkpoint/spec/manifest reference was found.
main,ddd4ff1a8e09be3517d41b225bf14e191b7cd01b,2026-08-15T23:44:52+07:00,0,0,true,true,main,ddd4ff1a8e09be3517d41b225bf14e191b7cd01b,UNAVAILABLE_GITHUB_AUTH,UNAVAILABLE_GITHUB_AUTH,AUTOMATED;DONE;PARKED;REVIEW,coordination/TEAM_STATUS.md:10;coordination/TEAM_STATUS.md:100;coordination/TEAM_STATUS.md:104;coordination/TEAM_STATUS.md:105;coordination/TEAM_STATUS.md:112;coordination/TEAM_STATUS.md:119;coordination/TEAM_STATUS.md:166;coordination/TEAM_STATUS.md:18;coordination/TEAM_STATUS.md:200;coordination/TEAM_STATUS.md:254;coordination/TEAM_STATUS.md:262;coordination/TEAM_STATUS.md:265;coordination/TEAM_STATUS.md:283;coordination/TEAM_STATUS.md:295;coordination/TEAM_STATUS.md:30;coordination/TEAM_STATUS.md:317;coordination/TEAM_STATUS.md:323;coordination/TEAM_STATUS.md:331;coordination/TEAM_STATUS.md:347;coordination/TEAM_STATUS.md:355;coordination/TEAM_STATUS.md:36;coordination/TEAM_STATUS.md:375;coordination/TEAM_STATUS.md:381;coordination/TEAM_STATUS.md:382;coordination/TEAM_STATUS.md:4;coordination/TEAM_STATUS.md:438;coordination/TEAM_STATUS.md:46;coordination/TEAM_STATUS.md:478;coordination/TEAM_STATUS.md:484;coordination/TEAM_STATUS.md:49;coordination/TEAM_STATUS.md:492;coordination/TEAM_STATUS.md:495;coordination/TEAM_STATUS.md:51;coordination/TEAM_STATUS.md:521;coordination/TEAM_STATUS.md:55;coordination/TEAM_STATUS.md:56;coordination/TEAM_STATUS.md:585;coordination/TEAM_STATUS.md:591;coordination/TEAM_STATUS.md:595;coordination/TEAM_STATUS.md:620;coordination/TEAM_STATUS.md:621;coordination/TEAM_STATUS.md:63;coordination/TEAM_STATUS.md:631;coordination/TEAM_STATUS.md:64;coordination/TEAM_STATUS.md:659;coordination/TEAM_STATUS.md:66;coordination/TEAM_STATUS.md:67;coordination/TEAM_STATUS.md:672;coordination/TEAM_STATUS.md:69;coordination/TEAM_STATUS.md:70;coordination/TEAM_STATUS.md:72;coordination/TEAM_STATUS.md:73;coordination/TEAM_STATUS.md:78;coordination/TEAM_STATUS.md:79;coordination/TEAM_STATUS.md:80;coordination/TEAM_STATUS.md:83;coordination/TEAM_STATUS.md:86;coordination/TEAM_STATUS.md:88;coordination/TEAM_STATUS.md:90;coordination/TEAM_STATUS.md:91;coordination/TEAM_STATUS.md:93;coordination/TEAM_STATUS.md:95;origin/main:AGENTS.md;origin/main:coordination/TEAM_STATUS.md,KEEP,Canonical retained branch and coordination source.
ops/idx-forward-open-archive-v1,dc5e84b589eebe040119f48f9f69538d398a9d36,2026-08-11T12:21:00+07:00,233,283,false,false,,,UNAVAILABLE_GITHUB_AUTH,UNAVAILABLE_GITHUB_AUTH,NONE_FOUND,NONE_FOUND,KEEP,Protected O2/Foreign-Flow/Price-State/forward/runtime lineage; retain by repository hygiene policy.
orchestra-global-policy-rollout,21caec5f0eb49b1ad44ac39206f3c8c28a0cea93,2026-08-11T12:14:54+07:00,0,274,true,true,main,ddd4ff1a8e09be3517d41b225bf14e191b7cd01b,UNAVAILABLE_GITHUB_AUTH,UNAVAILABLE_GITHUB_AUTH,NONE_FOUND,NONE_FOUND,DELETE_SAFE,HEAD is fully reachable from main and no tracked scientific decision reference was found.
perf/idx-research-runtime-v1,e1d37b9de5035d68160398c5ef7dd413d3b5b40c,2026-08-11T12:21:12+07:00,226,283,false,false,,,UNAVAILABLE_GITHUB_AUTH,UNAVAILABLE_GITHUB_AUTH,NONE_FOUND,NONE_FOUND,KEEP,Protected O2/Foreign-Flow/Price-State/forward/runtime lineage; retain by repository hygiene policy.
research/idx-expected-payoff-v0-feasibility,ecec6835eaee70f47a8a1c1b43fc2d14a4c34709,2026-08-12T22:59:51+07:00,7,233,false,false,,,UNAVAILABLE_GITHUB_AUTH,UNAVAILABLE_GITHUB_AUTH,DONE,coordination/TEAM_STATUS.md:60;origin/main:coordination/TEAM_STATUS.md,ARCHIVE_TAG_THEN_DELETE_BRANCH,Scientific lane is DONE and its decision/reference is documented; preserve exact HEAD/verdict with a proposed archive tag before deletion.
research/idx-expected-payoff-v1,73b75af2322214138e55293a4bb2cb8ed4362c15,2026-08-13T00:07:26+07:00,14,233,false,false,,bc35d1c1d7d08ae3aa84c6e16200d20c1f279981,UNAVAILABLE_GITHUB_AUTH,UNAVAILABLE_GITHUB_AUTH,DONE,coordination/TEAM_STATUS.md:61;origin/main:coordination/TEAM_STATUS.md,ARCHIVE_TAG_THEN_DELETE_BRANCH,Scientific lane is DONE and its decision/reference is documented; preserve exact HEAD/verdict with a proposed archive tag before deletion.
research/idx-financial-pit-alpha-v1,a677cda58c2e963015aecf9bc9b4bb7809bede51,2026-08-15T23:42:13+07:00,16,171,false,false,,507aaf8bca3286996eb30f3f8e7ea161d8892cc1,UNAVAILABLE_GITHUB_AUTH,UNAVAILABLE_GITHUB_AUTH,REVIEW,coordination/TEAM_STATUS.md:102;origin/main:coordination/TEAM_STATUS.md,KEEP,Live coordination status REVIEW; do not retire active or parked work.
research/idx-foreign-flow-alpha-v1,d9fd985de9b0b1c8909574714c8c6f460517da62,2026-08-14T23:00:44+07:00,9,105,false,false,,,UNAVAILABLE_GITHUB_AUTH,UNAVAILABLE_GITHUB_AUTH,NONE_FOUND,coordination/TEAM_STATUS.md:186;coordination/TEAM_STATUS.md:202;origin/main:coordination/TEAM_STATUS.md,KEEP,Protected O2/Foreign-Flow/Price-State/forward/runtime lineage; retain by repository hygiene policy.
research/idx-foreign-flow-alpha-v2-core,43bad9ff522b0d4c77a2bbc887787fceef769322,2026-08-15T11:44:15+07:00,40,105,false,false,,,UNAVAILABLE_GITHUB_AUTH,UNAVAILABLE_GITHUB_AUTH,NONE_FOUND,coordination/TEAM_STATUS.md:319;origin/main:coordination/TEAM_STATUS.md,KEEP,Protected O2/Foreign-Flow/Price-State/forward/runtime lineage; retain by repository hygiene policy.
research/idx-foreign-flow-feature-contract-v1,ff15f335f43db645db18769c082ea5ee8773a72e,2026-08-14T02:02:37+07:00,4,105,false,true,research/idx-foreign-flow-alpha-v1,d9fd985de9b0b1c8909574714c8c6f460517da62,UNAVAILABLE_GITHUB_AUTH,UNAVAILABLE_GITHUB_AUTH,ACTIVE,coordination/TEAM_STATUS.md:148;coordination/TEAM_STATUS.md:181;coordination/TEAM_STATUS.md:196;coordination/TEAM_STATUS.md:76;origin/main:coordination/TEAM_STATUS.md,KEEP,Protected O2/Foreign-Flow/Price-State/forward/runtime lineage; retain by repository hygiene policy.
research/idx-foreign-flow-representation-v2,ceb0c2c6f57aac0433cac9a5532daa0db4c99c0b,2026-08-15T01:17:11+07:00,20,105,false,true,research/idx-foreign-flow-alpha-v2-core,43bad9ff522b0d4c77a2bbc887787fceef769322,UNAVAILABLE_GITHUB_AUTH,UNAVAILABLE_GITHUB_AUTH,NONE_FOUND,coordination/TEAM_STATUS.md:223;coordination/TEAM_STATUS.md:235;origin/main:coordination/TEAM_STATUS.md,KEEP,Protected O2/Foreign-Flow/Price-State/forward/runtime lineage; retain by repository hygiene policy.
research/idx-foreign-flow-setup-state-v1,d204a8fd3edaacef91aacbe90ac39f0e1969e420,2026-08-15T12:32:53+07:00,44,105,false,true,data/foreign-flow-forward-context-bridge-v1,490f1a9b09b3b5d67bfcfc7aa7e7930467ad3f1e,UNAVAILABLE_GITHUB_AUTH,UNAVAILABLE_GITHUB_AUTH,NONE_FOUND,coordination/TEAM_STATUS.md:336;origin/main:coordination/TEAM_STATUS.md,KEEP,Protected O2/Foreign-Flow/Price-State/forward/runtime lineage; retain by repository hygiene policy.
research/idx-forward-evaluation-protocol-v1,6c05499d01ba644c80f0c6bd6d621aac92ab2813,2026-08-13T02:40:02+07:00,1,204,false,false,,12a5b99150cbb33c729343ceec3f4d4da2d66ecd;fe323e2977ef447aaa7fbd93b38ef3021563d072,UNAVAILABLE_GITHUB_AUTH,UNAVAILABLE_GITHUB_AUTH,NONE_FOUND,origin/main:coordination/TEAM_STATUS.md,KEEP,Protected O2/Foreign-Flow/Price-State/forward/runtime lineage; retain by repository hygiene policy.
research/idx-joint-setup-readiness-state-v1,3ad481cc4b371f5022742101a12f6b9d603481a4,2026-08-15T23:44:28+07:00,4,8,false,false,,,UNAVAILABLE_GITHUB_AUTH,UNAVAILABLE_GITHUB_AUTH,NONE_FOUND,coordination/TEAM_STATUS.md:651;origin/main:coordination/TEAM_STATUS.md,NEEDS_MANUAL_REVIEW,Scientific/documented branch is not reachable from main; deletion would risk losing a provenance anchor.
research/idx-price-trend-confirmation-state-v1,a33863953b4521dd4549a3089f0da2cfdfb6dcd3,2026-08-15T20:34:35+07:00,27,25,false,true,integration/price-trend-runtime-context-pin-v1,417e306cf9e30dbb4a9a1ab1ea8855b7dbd7bd51,UNAVAILABLE_GITHUB_AUTH,UNAVAILABLE_GITHUB_AUTH,NONE_FOUND,NONE_FOUND,ABANDONED_NO_DECISION,Not reachable from main and no tracked status/handoff/checkpoint/spec/manifest reference was found.
research/idx-ranking-o2-v2-common-support-comparator-v1,a2c5666637f2e879ce107cd44fc2dae8cc22a5c5,2026-08-12T11:17:18+07:00,318,283,false,false,,,UNAVAILABLE_GITHUB_AUTH,UNAVAILABLE_GITHUB_AUTH,DONE,coordination/TEAM_STATUS.md:47;origin/main:coordination/TEAM_STATUS.md,KEEP,Protected O2/Foreign-Flow/Price-State/forward/runtime lineage; retain by repository hygiene policy.
research/idx-ranking-ohlcv-o1-v1,a8ad3acc904bdd6f966319a75b52efcd951addd9,2026-08-12T01:12:04+07:00,302,283,false,true,data/idx-forward-calendar-extension-v1,398f1d0eec10abc6386e9bd21b309c3943fd21aa,UNAVAILABLE_GITHUB_AUTH,UNAVAILABLE_GITHUB_AUTH,NONE_FOUND,NONE_FOUND,ABANDONED_NO_DECISION,Not reachable from main and no tracked status/handoff/checkpoint/spec/manifest reference was found.
research/idx-ranking-ohlcv-o2-1-flat-range-v1,051c6da2e0170c84de4c53e515a41887f4be9e35,2026-08-12T20:48:39+07:00,322,283,false,false,,32ee9ee1e5696b2262b4defc936846dff5af557e,UNAVAILABLE_GITHUB_AUTH,UNAVAILABLE_GITHUB_AUTH,DONE,coordination/TEAM_STATUS.md:66;origin/main:coordination/TEAM_STATUS.md,KEEP,Protected O2/Foreign-Flow/Price-State/forward/runtime lineage; retain by repository hygiene policy.
research/idx-ranking-ohlcv-o2-final-refit-v1,1075419ef1c438724ca3ad46a9ed15bea18c2a9b,2026-08-12T19:47:08+07:00,320,283,false,false,,,UNAVAILABLE_GITHUB_AUTH,UNAVAILABLE_GITHUB_AUTH,NONE_FOUND,NONE_FOUND,KEEP,Protected O2/Foreign-Flow/Price-State/forward/runtime lineage; retain by repository hygiene policy.
research/idx-ranking-ohlcv-o2-forward-v1,84fd87059a0d8730335d89c33735cb1bc077a16b,2026-08-12T19:41:01+07:00,328,283,false,false,,,UNAVAILABLE_GITHUB_AUTH,UNAVAILABLE_GITHUB_AUTH,NONE_FOUND,NONE_FOUND,KEEP,Protected O2/Foreign-Flow/Price-State/forward/runtime lineage; retain by repository hygiene policy.
research/idx-ranking-ohlcv-o2-geometry-v1,982c92093d3125fbebd3f928570c27f25de35e66,2026-08-12T01:25:24+07:00,305,283,false,true,data/idx-forward-calendar-extension-v1,398f1d0eec10abc6386e9bd21b309c3943fd21aa,UNAVAILABLE_GITHUB_AUTH,UNAVAILABLE_GITHUB_AUTH,NONE_FOUND,NONE_FOUND,KEEP,Protected O2/Foreign-Flow/Price-State/forward/runtime lineage; retain by repository hygiene policy.
research/idx-ranking-ohlcv-o2-minimality-v1,802ed22ba71b2345c643c56edd319ce62b0f6928,2026-08-12T02:20:42+07:00,315,283,false,true,data/idx-forward-calendar-extension-v1,398f1d0eec10abc6386e9bd21b309c3943fd21aa,UNAVAILABLE_GITHUB_AUTH,UNAVAILABLE_GITHUB_AUTH,NONE_FOUND,NONE_FOUND,KEEP,Protected O2/Foreign-Flow/Price-State/forward/runtime lineage; retain by repository hygiene policy.
research/idx-ranking-ohlcv-o2-robustness-v1,0e45168a2f51deed5ec70503919d5832d328cf54,2026-08-12T01:52:57+07:00,308,283,false,true,data/idx-forward-calendar-extension-v1,398f1d0eec10abc6386e9bd21b309c3943fd21aa,UNAVAILABLE_GITHUB_AUTH,UNAVAILABLE_GITHUB_AUTH,NONE_FOUND,NONE_FOUND,KEEP,Protected O2/Foreign-Flow/Price-State/forward/runtime lineage; retain by repository hygiene policy.
research/idx-ranking-v2-spec-v1,a0e6220b14fadc6e918e39b6cca9201f74413cb0,2026-08-11T14:29:44+07:00,499,283,false,true,data/foreign-flow-v1,193ccf85eb0f0115e9e1aa42c0e1aafe506a8461,UNAVAILABLE_GITHUB_AUTH,UNAVAILABLE_GITHUB_AUTH,NONE_FOUND,NONE_FOUND,ABANDONED_NO_DECISION,Not reachable from main and no tracked status/handoff/checkpoint/spec/manifest reference was found.
research/idx-ranking-v3-lessons-v1,12f76d789c94c78dc1f634043959dfc8dc6448a3,2026-08-11T12:21:24+07:00,257,283,false,false,,,UNAVAILABLE_GITHUB_AUTH,UNAVAILABLE_GITHUB_AUTH,NONE_FOUND,NONE_FOUND,ABANDONED_NO_DECISION,Not reachable from main and no tracked status/handoff/checkpoint/spec/manifest reference was found.
research/idx-reliability-uncertainty-v0,a99d53de91dfc44f9688ba7adead5206d7c7929d,2026-08-13T01:33:35+07:00,8,219,false,false,,,UNAVAILABLE_GITHUB_AUTH,UNAVAILABLE_GITHUB_AUTH,DONE,coordination/TEAM_STATUS.md:62;origin/main:coordination/TEAM_STATUS.md,ARCHIVE_TAG_THEN_DELETE_BRANCH,Scientific lane is DONE and its decision/reference is documented; preserve exact HEAD/verdict with a proposed archive tag before deletion.
research/idx-reliability-uncertainty-v1-forward-shadow,a21c2665f1afa73f4e377286b6ca9096bae48ab1,2026-08-13T02:18:57+07:00,362,214,false,true,codex/idx-forward-100-evaluator-v1,fe323e2977ef447aaa7fbd93b38ef3021563d072,UNAVAILABLE_GITHUB_AUTH,UNAVAILABLE_GITHUB_AUTH,DONE,coordination/TEAM_STATUS.md:63;origin/main:coordination/TEAM_STATUS.md,KEEP,Protected O2/Foreign-Flow/Price-State/forward/runtime lineage; retain by repository hygiene policy.
research/idx-stage3-v1,8afce50797e1855eab9431a51a163cf92fca2b94,2026-08-11T12:21:49+07:00,169,283,false,false,,,UNAVAILABLE_GITHUB_AUTH,UNAVAILABLE_GITHUB_AUTH,NONE_FOUND,NONE_FOUND,ABANDONED_NO_DECISION,Not reachable from main and no tracked status/handoff/checkpoint/spec/manifest reference was found.
research/idx-stage4-v1,899bbf3bb5987e9d345f4c8692a7656fe03a3b0e,2026-08-11T12:22:15+07:00,180,283,false,false,,,UNAVAILABLE_GITHUB_AUTH,UNAVAILABLE_GITHUB_AUTH,DONE,coordination/TEAM_STATUS.md:59;origin/main:coordination/TEAM_STATUS.md,NEEDS_MANUAL_REVIEW,Lineage or retention decision remains ambiguous.
research/idx-stage4b-calibration-v1,f3209705ec4e5fe85e5e5b38035f6d2adf6d31c9,2026-08-11T12:22:38+07:00,190,283,false,false,,,UNAVAILABLE_GITHUB_AUTH,UNAVAILABLE_GITHUB_AUTH,DONE,coordination/TEAM_STATUS.md:59;origin/main:coordination/TEAM_STATUS.md,NEEDS_MANUAL_REVIEW,Lineage or retention decision remains ambiguous.
research/idx-stage5-postmortem-v1,3e2610e80262c624003cc6ba50d8e41d2fe42091,2026-08-11T12:22:52+07:00,224,283,false,false,,,UNAVAILABLE_GITHUB_AUTH,UNAVAILABLE_GITHUB_AUTH,NONE_FOUND,NONE_FOUND,ABANDONED_NO_DECISION,Not reachable from main and no tracked status/handoff/checkpoint/spec/manifest reference was found.
research/idx-stage5-ranking-holdout-v1,8223899b4bae9b1225334b92908e85689ab8232f,2026-08-11T12:23:09+07:00,211,283,false,false,,,UNAVAILABLE_GITHUB_AUTH,UNAVAILABLE_GITHUB_AUTH,DONE,coordination/TEAM_STATUS.md:59;origin/main:coordination/TEAM_STATUS.md,NEEDS_MANUAL_REVIEW,Lineage or retention decision remains ambiguous.
research/idx-v2-open-alpha-prereg-v1,d9e0cd8a75026a56f341e3aa51015c70ac5fdfad,2026-08-13T16:42:10+07:00,8,171,false,true,research/idx-financial-pit-alpha-v1,a677cda58c2e963015aecf9bc9b4bb7809bede51,UNAVAILABLE_GITHUB_AUTH,UNAVAILABLE_GITHUB_AUTH,DONE;REVIEW,coordination/TEAM_STATUS.md:102;coordination/TEAM_STATUS.md:83;origin/main:coordination/TEAM_STATUS.md,KEEP,Live coordination status REVIEW; do not retire active or parked work.
research/idx-v2-open-alpha-research-pass-v1,504c51bad25517bf496ee14856be704935d0f5d4,2026-08-13T14:59:42+07:00,1,171,false,true,research/idx-financial-pit-alpha-v1,a677cda58c2e963015aecf9bc9b4bb7809bede51,UNAVAILABLE_GITHUB_AUTH,UNAVAILABLE_GITHUB_AUTH,NONE_FOUND,NONE_FOUND,ABANDONED_NO_DECISION,Not reachable from main and no tracked status/handoff/checkpoint/spec/manifest reference was found.
review/idx-corporate-action-idx-publication-linkage-r2-acceptance-v1,43a21e1a8fbec8602f07d4d9aeaecd9118ae6949,2026-08-15T01:20:13+07:00,30,115,false,false,,,UNAVAILABLE_GITHUB_AUTH,UNAVAILABLE_GITHUB_AUTH,NONE_FOUND,NONE_FOUND,ABANDONED_NO_DECISION,Not reachable from main and no tracked status/handoff/checkpoint/spec/manifest reference was found.
review/idx-corporate-action-idx-publication-linkage-v1,981e1586038d91392ac0397b12391a1cd37f010f,2026-08-15T00:34:59+07:00,26,115,false,false,,,UNAVAILABLE_GITHUB_AUTH,UNAVAILABLE_GITHUB_AUTH,NONE_FOUND,origin/main:coordination/TEAM_STATUS.md,NEEDS_MANUAL_REVIEW,Scientific/documented branch is not reachable from main; deletion would risk losing a provenance anchor.
review/idx-corporate-action-pit-availability-acceptance-v1,c556b0cb607f579cfb1071417f3455b3f06db3d7,2026-08-14T22:51:44+07:00,21,115,false,false,,4f776a8f34eda012d4368287fe37699d4c8dc0dc;50718c3f23352444630160dc54934eaa2201289d,UNAVAILABLE_GITHUB_AUTH,UNAVAILABLE_GITHUB_AUTH,DONE,coordination/TEAM_STATUS.md:112;origin/main:coordination/TEAM_STATUS.md,ARCHIVE_TAG_THEN_DELETE_BRANCH,Scientific lane is DONE and its decision/reference is documented; preserve exact HEAD/verdict with a proposed archive tag before deletion.
review/idx-corporate-action-pit-availability-provenance-acceptance-v1,4f776a8f34eda012d4368287fe37699d4c8dc0dc,2026-08-14T23:10:33+07:00,21,115,false,false,,50718c3f23352444630160dc54934eaa2201289d,UNAVAILABLE_GITHUB_AUTH,UNAVAILABLE_GITHUB_AUTH,NONE_FOUND,origin/main:coordination/TEAM_STATUS.md,NEEDS_MANUAL_REVIEW,Scientific/documented branch is not reachable from main; deletion would risk losing a provenance anchor.
review/idx-corporate-action-pit-deterministic-linkage-v1,8764ddc01211f7b93174ec18fdb9a33f24a5a0c4,2026-08-14T01:33:02+07:00,19,115,false,false,,,UNAVAILABLE_GITHUB_AUTH,UNAVAILABLE_GITHUB_AUTH,NONE_FOUND,NONE_FOUND,ABANDONED_NO_DECISION,Not reachable from main and no tracked status/handoff/checkpoint/spec/manifest reference was found.
review/idx-corporate-action-pit-source-audit-acceptance-v1,32e4ef8f33f8e58892ae7c395daf388d4ff47619,2026-08-14T00:36:38+07:00,9,115,false,false,,,UNAVAILABLE_GITHUB_AUTH,UNAVAILABLE_GITHUB_AUTH,NONE_FOUND,NONE_FOUND,ABANDONED_NO_DECISION,Not reachable from main and no tracked status/handoff/checkpoint/spec/manifest reference was found.
review/idx-financial-pit-adapter-census-acceptance-v1,8675b0bc05327779a3f39d4b1a3f90b2bfcda551,2026-08-13T18:31:14+07:00,510,283,false,false,,723200c32e06d99831b8ea43700fe695c397e4a0,UNAVAILABLE_GITHUB_AUTH,UNAVAILABLE_GITHUB_AUTH,DONE,coordination/TEAM_STATUS.md:88;coordination/TEAM_STATUS.md:90;origin/main:coordination/TEAM_STATUS.md,ARCHIVE_TAG_THEN_DELETE_BRANCH,Scientific lane is DONE and its decision/reference is documented; preserve exact HEAD/verdict with a proposed archive tag before deletion.
review/idx-financial-pit-feature-contract-acceptance-v1,6b510d8d254dd47973e749ffeae7cf1569069395,2026-08-14T00:17:11+07:00,539,118,false,false,,,UNAVAILABLE_GITHUB_AUTH,UNAVAILABLE_GITHUB_AUTH,NONE_FOUND,origin/main:coordination/TEAM_STATUS.md,NEEDS_MANUAL_REVIEW,Scientific/documented branch is not reachable from main; deletion would risk losing a provenance anchor.
review/idx-financial-pit-marketwide-census-acceptance-v1,4c68b5a3259e89782f6263857630089b93ed04e8,2026-08-13T22:05:51+07:00,525,283,false,false,,419f0be54a7b08ee958c52b8a727be9423286d96,UNAVAILABLE_GITHUB_AUTH,UNAVAILABLE_GITHUB_AUTH,DONE,coordination/TEAM_STATUS.md:96;origin/main:coordination/TEAM_STATUS.md,ARCHIVE_TAG_THEN_DELETE_BRANCH,Scientific lane is DONE and its decision/reference is documented; preserve exact HEAD/verdict with a proposed archive tag before deletion.
review/idx-financial-pit-offline-reclassification-acceptance-v1,7c94bc8a87374a75fc73687c04c4f8b5b7146595,2026-08-13T19:07:15+07:00,516,283,false,false,,,UNAVAILABLE_GITHUB_AUTH,UNAVAILABLE_GITHUB_AUTH,DONE,coordination/TEAM_STATUS.md:91;origin/main:coordination/TEAM_STATUS.md,ARCHIVE_TAG_THEN_DELETE_BRANCH,Scientific lane is DONE and its decision/reference is documented; preserve exact HEAD/verdict with a proposed archive tag before deletion.
review/idx-financial-pit-revision-lineage-acceptance-v1,903e843f3f53c14e7bdc7fb1e3d959f2cfe62a66,2026-08-13T20:32:20+07:00,523,283,false,false,,58e5e26de4646794a38e844decf54890696375c5,UNAVAILABLE_GITHUB_AUTH,UNAVAILABLE_GITHUB_AUTH,DONE,coordination/TEAM_STATUS.md:94;origin/main:coordination/TEAM_STATUS.md,ARCHIVE_TAG_THEN_DELETE_BRANCH,Scientific lane is DONE and its decision/reference is documented; preserve exact HEAD/verdict with a proposed archive tag before deletion.
review/idx-financial-pit-template-drift-acceptance-v1,22774855350d5a75b1b568d59b38f0d7205908aa,2026-08-13T23:04:34+07:00,527,127,false,false,,f2238f35546db0934e7ce1203cefc57fa05eec86;98f409cda9943cc06747e875153c231d950a3221,UNAVAILABLE_GITHUB_AUTH,UNAVAILABLE_GITHUB_AUTH,DONE,coordination/TEAM_STATUS.md:97;coordination/TEAM_STATUS.md:98;origin/main:coordination/TEAM_STATUS.md,ARCHIVE_TAG_THEN_DELETE_BRANCH,Scientific lane is DONE and its decision/reference is documented; preserve exact HEAD/verdict with a proposed archive tag before deletion.
review/idx-foreign-flow-forward-context-bridge-v1-final-acceptance,d47f0785102137e45cda6c9772a3699809d02615,2026-08-15T20:14:37+07:00,71,105,false,false,,,UNAVAILABLE_GITHUB_AUTH,UNAVAILABLE_GITHUB_AUTH,NONE_FOUND,NONE_FOUND,KEEP,Protected O2/Foreign-Flow/Price-State/forward/runtime lineage; retain by repository hygiene policy.
review/idx-foreign-flow-forward-state-pipeline-acceptance,b739f1875a5d9ac6e198406a220e2277133df245,2026-08-15T13:40:11+07:00,55,105,false,false,,,UNAVAILABLE_GITHUB_AUTH,UNAVAILABLE_GITHUB_AUTH,NONE_FOUND,NONE_FOUND,KEEP,Protected O2/Foreign-Flow/Price-State/forward/runtime lineage; retain by repository hygiene policy.
review/idx-foreign-flow-representation-v2-forward-v1,9d57bd5f7d4ac6db600d36e7aed7f8ccb84ee253,2026-08-15T13:00:28+07:00,48,105,false,false,,,UNAVAILABLE_GITHUB_AUTH,UNAVAILABLE_GITHUB_AUTH,NONE_FOUND,NONE_FOUND,KEEP,Protected O2/Foreign-Flow/Price-State/forward/runtime lineage; retain by repository hygiene policy.
review/idx-foreign-flow-representation-v2-forward-v1-r2,1ff97280067a65cc61f15c5f4adc5fa33ccb4c9e,2026-08-15T13:19:43+07:00,51,105,false,false,,,UNAVAILABLE_GITHUB_AUTH,UNAVAILABLE_GITHUB_AUTH,NONE_FOUND,NONE_FOUND,KEEP,Protected O2/Foreign-Flow/Price-State/forward/runtime lineage; retain by repository hygiene policy.
review/idx-foreign-flow-setup-state-v1-runtime-acceptance,d21e1171ee1bae3b3433618e1ee99f75ce85b83b,2026-08-15T12:37:16+07:00,45,105,false,false,,,UNAVAILABLE_GITHUB_AUTH,UNAVAILABLE_GITHUB_AUTH,NONE_FOUND,NONE_FOUND,KEEP,Protected O2/Foreign-Flow/Price-State/forward/runtime lineage; retain by repository hygiene policy.
review/idx-pit-safe-replay-acceptance-v1,2a70031a73b59d60d894d9c9644d143230d52b2d,2026-08-13T15:06:55+07:00,1,170,false,false,,,UNAVAILABLE_GITHUB_AUTH,UNAVAILABLE_GITHUB_AUTH,DONE,coordination/TEAM_STATUS.md:82;origin/main:coordination/TEAM_STATUS.md,ARCHIVE_TAG_THEN_DELETE_BRANCH,Scientific lane is DONE and its decision/reference is documented; preserve exact HEAD/verdict with a proposed archive tag before deletion.
review/idx-price-trend-confirmation-state-v1-acceptance,0c3b221fcecf035add4d0c7ce388ff4b9d6d27da,2026-08-15T21:23:24+07:00,28,25,false,true,integration/price-trend-runtime-context-pin-v1,417e306cf9e30dbb4a9a1ab1ea8855b7dbd7bd51,UNAVAILABLE_GITHUB_AUTH,UNAVAILABLE_GITHUB_AUTH,NONE_FOUND,NONE_FOUND,ABANDONED_NO_DECISION,Not reachable from main and no tracked status/handoff/checkpoint/spec/manifest reference was found.
review/idx-price-trend-forward-sidecar-v1-acceptance,ae3eea14e526c27e18c035e047db524a4b566be6,2026-08-15T21:35:19+07:00,39,25,false,true,integration/price-trend-runtime-context-pin-v1,417e306cf9e30dbb4a9a1ab1ea8855b7dbd7bd51,UNAVAILABLE_GITHUB_AUTH,UNAVAILABLE_GITHUB_AUTH,NONE_FOUND,NONE_FOUND,KEEP,Protected O2/Foreign-Flow/Price-State/forward/runtime lineage; retain by repository hygiene policy.
review/idx-price-trend-runtime-smoke-blocker-v1,5aa81aaf00533f3930cecdf302c0bf7de52acb4c,2026-08-15T23:21:22+07:00,60,25,false,false,,fa280cf9d9d618973b0b5292daf5cf64874b60a7,UNAVAILABLE_GITHUB_AUTH,UNAVAILABLE_GITHUB_AUTH,NONE_FOUND,coordination/TEAM_STATUS.md:579;origin/main:coordination/TEAM_STATUS.md,KEEP,Protected O2/Foreign-Flow/Price-State/forward/runtime lineage; retain by repository hygiene policy.
review/idx-v2-open-alpha-historical-acceptance-v1,4802185999409fc3f5db7ae4d6474eef1a6de92d,2026-08-13T16:48:22+07:00,9,171,false,false,,,UNAVAILABLE_GITHUB_AUTH,UNAVAILABLE_GITHUB_AUTH,DONE,coordination/TEAM_STATUS.md:83;origin/main:coordination/TEAM_STATUS.md,ARCHIVE_TAG_THEN_DELETE_BRANCH,Scientific lane is DONE and its decision/reference is documented; preserve exact HEAD/verdict with a proposed archive tag before deletion.
review/idx-v2-open-alpha-prereg-remediation-acceptance-v1,cede8298728610442a47d4b2192550cbd9d4f82f,2026-08-13T16:16:30+07:00,6,171,false,false,,,UNAVAILABLE_GITHUB_AUTH,UNAVAILABLE_GITHUB_AUTH,NONE_FOUND,NONE_FOUND,ABANDONED_NO_DECISION,Not reachable from main and no tracked status/handoff/checkpoint/spec/manifest reference was found.
review/idx-v2-open-alpha-prereg-v1,1352833b22c6ac5712da686cac0ac01286dcc2a7,2026-08-13T15:46:26+07:00,4,171,false,false,,,UNAVAILABLE_GITHUB_AUTH,UNAVAILABLE_GITHUB_AUTH,NONE_FOUND,NONE_FOUND,ABANDONED_NO_DECISION,Not reachable from main and no tracked status/handoff/checkpoint/spec/manifest reference was found.
tmp-ignore,21caec5f0eb49b1ad44ac39206f3c8c28a0cea93,2026-08-11T12:14:54+07:00,0,274,true,true,main,ddd4ff1a8e09be3517d41b225bf14e191b7cd01b,UNAVAILABLE_GITHUB_AUTH,UNAVAILABLE_GITHUB_AUTH,NONE_FOUND,NONE_FOUND,DELETE_SAFE,HEAD is fully reachable from main and no tracked scientific decision reference was found.
