action,target,archive_tag,expected_branch_head,observed_peeled_sha,annotated_tag_type,branch_after,tag_status
DELETE_BRANCH,codex/idx-eod-adversarial-tests-v1,archive/codex-idx-eod-adversarial-tests-v1-f6a50cfcba36,f6a50cfcba3611c89bd71ee1b6b12d9da3dee51a,f6a50cfcba3611c89bd71ee1b6b12d9da3dee51a,tag,ABSENT,VERIFIED
DELETE_BRANCH,codex/scientific-integrity-audit-v1,archive/codex-scientific-integrity-audit-v1-1a3d785b10e3,1a3d785b10e33af1f6f723fb4a23cf8a61980b0a,1a3d785b10e33af1f6f723fb4a23cf8a61980b0a,tag,ABSENT,VERIFIED
DELETE_BRANCH,data/broker-margin-source-audit-v0,archive/data-broker-margin-source-audit-v0-c7fcec2a5fc5,c7fcec2a5fc58e503cf1ea5fbff9e890dcf827ae,c7fcec2a5fc58e503cf1ea5fbff9e890dcf827ae,tag,ABSENT,VERIFIED
DELETE_BRANCH,data/financial-pit-adapter-census-v1,archive/data-financial-pit-adapter-census-v1-d1cb537e844f,d1cb537e844fb8da83551ba462c80c8debb623d4,d1cb537e844fb8da83551ba462c80c8debb623d4,tag,ABSENT,VERIFIED
DELETE_BRANCH,data/financial-pit-fact-extraction-hardening-v1,archive/data-financial-pit-fact-extraction-hardening-v1-baf0334a1dd6,baf0334a1dd6a31e9d88ae978630ec864bfb3410,baf0334a1dd6a31e9d88ae978630ec864bfb3410,tag,ABSENT,VERIFIED
DELETE_BRANCH,data/financial-pit-fact-schema-v1,archive/data-financial-pit-fact-schema-v1-4013f90a56ed,4013f90a56edc6d8409e6a7514a9170d5f301aff,4013f90a56edc6d8409e6a7514a9170d5f301aff,tag,ABSENT,VERIFIED
DELETE_BRANCH,data/financial-pit-feature-contract-v1,archive/data-financial-pit-feature-contract-v1-6b510d8d254d,6b510d8d254dd47973e749ffeae7cf1569069395,6b510d8d254dd47973e749ffeae7cf1569069395,tag,ABSENT,VERIFIED
DELETE_BRANCH,data/financial-pit-feature-materialization-v1,archive/data-financial-pit-feature-materialization-v1-7b5ed76c934b,7b5ed76c934b32cc7d995cc93870ac16d797e9e4,7b5ed76c934b32cc7d995cc93870ac16d797e9e4,tag,ABSENT,VERIFIED
DELETE_BRANCH,data/financial-pit-marketwide-fact-extraction-census-v1,archive/data-financial-pit-marketwide-fact-extraction-census-v1-419f0be54a7b,419f0be54a7b08ee958c52b8a727be9423286d96,419f0be54a7b08ee958c52b8a727be9423286d96,tag,ABSENT,VERIFIED
DELETE_BRANCH,data/financial-pit-offline-scope-reclassification-v1,archive/data-financial-pit-offline-scope-reclassification-v1-45d36eda095e,45d36eda095ea975182565804baaf899a9706c58,45d36eda095ea975182565804baaf899a9706c58,tag,ABSENT,VERIFIED
DELETE_BRANCH,data/financial-pit-period-boundary-remediation-v1,archive/data-financial-pit-period-boundary-remediation-v1-09e8e8eba738,09e8e8eba738e4dcea3c871f0eda83b53cc07c42,09e8e8eba738e4dcea3c871f0eda83b53cc07c42,tag,ABSENT,VERIFIED
DELETE_BRANCH,data/financial-pit-revision-lineage-v1,archive/data-financial-pit-revision-lineage-v1-58e5e26de464,58e5e26de4646794a38e844decf54890696375c5,58e5e26de4646794a38e844decf54890696375c5,tag,ABSENT,VERIFIED
DELETE_BRANCH,data/financial-pit-scientific-notation-remediation-v1,archive/data-financial-pit-scientific-notation-remediation-v1-98f409cda994,98f409cda9943cc06747e875153c231d950a3221,98f409cda9943cc06747e875153c231d950a3221,tag,ABSENT,VERIFIED
DELETE_BRANCH,data/financial-pit-statement-scope-v1,archive/data-financial-pit-statement-scope-v1-e4537c16c501,e4537c16c5011d8cafc55bc72e8f04017b874baf,e4537c16c5011d8cafc55bc72e8f04017b874baf,tag,ABSENT,VERIFIED
DELETE_BRANCH,data/financial-pit-template-drift-audit-v1,archive/data-financial-pit-template-drift-audit-v1-f2238f35546d,f2238f35546db0934e7ce1203cefc57fa05eec86,f2238f35546db0934e7ce1203cefc57fa05eec86,tag,ABSENT,VERIFIED
DELETE_BRANCH,data/financial-pit-v1,archive/data-financial-pit-v1-25eaa67a7f54,25eaa67a7f5446234db470756fe8b5c12cbb7696,25eaa67a7f5446234db470756fe8b5c12cbb7696,tag,ABSENT,VERIFIED
DELETE_BRANCH,data/idx-direct-endpoint-audit-v1,archive/data-idx-direct-endpoint-audit-v1-87e6947c0121,87e6947c0121aba52111d3dc633e05448f6da644,87e6947c0121aba52111d3dc633e05448f6da644,tag,ABSENT,VERIFIED
DELETE_BRANCH,data/investing-intraday-admission-pilot-v1,archive/data-investing-intraday-admission-pilot-v1-5ef879266b4b,5ef879266b4b7b88b614ac43b68e73165cab6678,5ef879266b4b7b88b614ac43b68e73165cab6678,tag,ABSENT,VERIFIED
DELETE_BRANCH,data/investing-intraday-depth-audit-v1,archive/data-investing-intraday-depth-audit-v1-b80bd94daf26,b80bd94daf26436092bd5e070c5b4bc70b2a2037,b80bd94daf26436092bd5e070c5b4bc70b2a2037,tag,ABSENT,VERIFIED
DELETE_BRANCH,research/idx-expected-payoff-v0-feasibility,archive/research-idx-expected-payoff-v0-feasibility-ecec6835eaee,ecec6835eaee70f47a8a1c1b43fc2d14a4c34709,ecec6835eaee70f47a8a1c1b43fc2d14a4c34709,tag,ABSENT,VERIFIED
DELETE_BRANCH,research/idx-expected-payoff-v1,archive/research-idx-expected-payoff-v1-73b75af23222,73b75af2322214138e55293a4bb2cb8ed4362c15,73b75af2322214138e55293a4bb2cb8ed4362c15,tag,ABSENT,VERIFIED
DELETE_BRANCH,research/idx-reliability-uncertainty-v0,archive/research-idx-reliability-uncertainty-v0-a99d53de91df,a99d53de91dfc44f9688ba7adead5206d7c7929d,a99d53de91dfc44f9688ba7adead5206d7c7929d,tag,ABSENT,VERIFIED
DELETE_BRANCH,review/idx-corporate-action-pit-availability-acceptance-v1,archive/review-idx-corporate-action-pit-availability-acceptance-v1-c556b0cb607f,c556b0cb607f579cfb1071417f3455b3f06db3d7,c556b0cb607f579cfb1071417f3455b3f06db3d7,tag,ABSENT,VERIFIED
DELETE_BRANCH,review/idx-financial-pit-adapter-census-acceptance-v1,archive/review-idx-financial-pit-adapter-census-acceptance-v1-8675b0bc0532,8675b0bc05327779a3f39d4b1a3f90b2bfcda551,8675b0bc05327779a3f39d4b1a3f90b2bfcda551,tag,ABSENT,VERIFIED
DELETE_BRANCH,review/idx-financial-pit-marketwide-census-acceptance-v1,archive/review-idx-financial-pit-marketwide-census-acceptance-v1-4c68b5a3259e,4c68b5a3259e89782f6263857630089b93ed04e8,4c68b5a3259e89782f6263857630089b93ed04e8,tag,ABSENT,VERIFIED
DELETE_BRANCH,review/idx-financial-pit-offline-reclassification-acceptance-v1,archive/review-idx-financial-pit-offline-reclassification-acceptance-v1-7c94bc8a8737,7c94bc8a87374a75fc73687c04c4f8b5b7146595,7c94bc8a87374a75fc73687c04c4f8b5b7146595,tag,ABSENT,VERIFIED
DELETE_BRANCH,review/idx-financial-pit-revision-lineage-acceptance-v1,archive/review-idx-financial-pit-revision-lineage-acceptance-v1-903e843f3f53,903e843f3f53c14e7bdc7fb1e3d959f2cfe62a66,903e843f3f53c14e7bdc7fb1e3d959f2cfe62a66,tag,ABSENT,VERIFIED
DELETE_BRANCH,review/idx-financial-pit-template-drift-acceptance-v1,archive/review-idx-financial-pit-template-drift-acceptance-v1-22774855350d,22774855350d5a75b1b568d59b38f0d7205908aa,22774855350d5a75b1b568d59b38f0d7205908aa,tag,ABSENT,VERIFIED
DELETE_BRANCH,review/idx-pit-safe-replay-acceptance-v1,archive/review-idx-pit-safe-replay-acceptance-v1-2a70031a73b5,2a70031a73b59d60d894d9c9644d143230d52b2d,2a70031a73b59d60d894d9c9644d143230d52b2d,tag,ABSENT,VERIFIED
DELETE_BRANCH,review/idx-v2-open-alpha-historical-acceptance-v1,archive/review-idx-v2-open-alpha-historical-acceptance-v1-480218599940,4802185999409fc3f5db7ae4d6474eef1a6de92d,4802185999409fc3f5db7ae4d6474eef1a6de92d,tag,ABSENT,VERIFIED
