event_id,relation,ticker,source_type,ratio_raw,ratio_parse_status,ratio_left_security,ratio_right_security,strict_security_to_currency_predicate,parent_semantic_class,remediation_semantic_class
045a4591454c9f423a57f5a824966d849d8bc472d26450675deebcaa542e9f06,REMOVED_FROM_REMEDIATION_AUDIT,DATA,Voluntary Conversion,(1 DATA : 974 IDR),PARSED_SOURCE_TEXT_ONLY,DATA,IDR,True,SCHEDULE_REQUIRED,NON_BLOCKING
171c5ebb52524c3534863895de8805b4cf02a31d230d29e9fc73479e23a37798,REMOVED_FROM_REMEDIATION_AUDIT,MMLP,Voluntary Conversion,(1 MMLP : 350 IDR),PARSED_SOURCE_TEXT_ONLY,MMLP,IDR,True,SCHEDULE_REQUIRED,NON_BLOCKING
18ff0441f11dae372acd2abd75465ec84c2501280c8af3eefa230626b9ab9335,REMOVED_FROM_REMEDIATION_AUDIT,NATO,Voluntary Conversion,(1 NATO : 183 IDR),PARSED_SOURCE_TEXT_ONLY,NATO,IDR,True,SCHEDULE_REQUIRED,NON_BLOCKING
1abcbf7d5754858a194bf1fad31bc27e933d52c5ed555a3fb91c1501cdfbbc60,REMOVED_FROM_REMEDIATION_AUDIT,CNKO,Voluntary Conversion,(1 CNKO : 8 IDR),PARSED_SOURCE_TEXT_ONLY,CNKO,IDR,True,SCHEDULE_REQUIRED,NON_BLOCKING
22362d6e7ed5feda58aa07092cf168d322b33f10a3bda0fa661548676bfea994,REMOVED_FROM_REMEDIATION_AUDIT,MFIN,Voluntary Conversion,(1 MFIN : 3297 IDR),PARSED_SOURCE_TEXT_ONLY,MFIN,IDR,True,SCHEDULE_REQUIRED,NON_BLOCKING
2595832c4fee13caa22c6c7f816091ed1a66a7da09e0224c08b24ca11b50154e,REMOVED_FROM_REMEDIATION_AUDIT,MTEL,Voluntary Conversion,(1 MTEL : 515 IDR),PARSED_SOURCE_TEXT_ONLY,MTEL,IDR,True,SCHEDULE_REQUIRED,NON_BLOCKING
3d298afc65419bb6e0949bba6ac5712968e0b9ba52d9d3f73a850eeb80e4bde5,REMOVED_FROM_REMEDIATION_AUDIT,ANJT,Voluntary Conversion,(1 ANJT : 1813 IDR),PARSED_SOURCE_TEXT_ONLY,ANJT,IDR,True,SCHEDULE_REQUIRED,NON_BLOCKING
3db1a48b97dedce42a26061e21f2e15ca2ebc88c7cb6804b37396e810ff95f53,REMOVED_FROM_REMEDIATION_AUDIT,FUTR,Voluntary Conversion,(1 FUTR : 79 IDR),PARSED_SOURCE_TEXT_ONLY,FUTR,IDR,True,SCHEDULE_REQUIRED,NON_BLOCKING
423bcf15152961718b37e446d997a9be65fe858fa5442efb35a3755162edf3b9,REMOVED_FROM_REMEDIATION_AUDIT,RONY,Voluntary Conversion,(1 RONY : 749 IDR),PARSED_SOURCE_TEXT_ONLY,RONY,IDR,True,SCHEDULE_REQUIRED,NON_BLOCKING
473201506053b484c2d9f4d81635c2789b12036c6d9d9b431c8eb9ead2698a1c,REMOVED_FROM_REMEDIATION_AUDIT,MORA,Voluntary Conversion,(1 MORA : 432 IDR),PARSED_SOURCE_TEXT_ONLY,MORA,IDR,True,SCHEDULE_REQUIRED,NON_BLOCKING
4b6b5418a792e6eeb22a509f33254088f2ae6a28cf95c796a96b184615cbee74,REMOVED_FROM_REMEDIATION_AUDIT,LABA,Voluntary Conversion,(1 LABA : 121 IDR),PARSED_SOURCE_TEXT_ONLY,LABA,IDR,True,SCHEDULE_REQUIRED,NON_BLOCKING
4f2c8af68c91fd5c7c38e3411c2172c27642d372a78b81b20b2d9cd812025151,REMOVED_FROM_REMEDIATION_AUDIT,TBIG,Voluntary Conversion,(1 TBIG : 2300 IDR),PARSED_SOURCE_TEXT_ONLY,TBIG,IDR,True,SCHEDULE_REQUIRED,NON_BLOCKING
52e61c111284d5cce614368e89ec933c55d8e921f4d032c4c12258d8165a9c49,REMOVED_FROM_REMEDIATION_AUDIT,SMMT,Voluntary Conversion,(1 SMMT : 1305.5 IDR),PARSED_SOURCE_TEXT_ONLY,SMMT,IDR,True,SCHEDULE_REQUIRED,NON_BLOCKING
532e599ea52c55990ef450a0f003f85b7032a3be1ee89905388b4f62ae4e55ed,REMOVED_FROM_REMEDIATION_AUDIT,EXCL,Voluntary Conversion,(1 EXCL : 2350 IDR),PARSED_SOURCE_TEXT_ONLY,EXCL,IDR,True,SCHEDULE_REQUIRED,NON_BLOCKING
5abbdc8350e9f5d8106c099004f3f7d8edd8db3d06a12ecd33d1268eabab48e0,REMOVED_FROM_REMEDIATION_AUDIT,IATA,Voluntary Conversion,(1 IATA : 99 IDR),PARSED_SOURCE_TEXT_ONLY,IATA,IDR,True,SCHEDULE_REQUIRED,NON_BLOCKING
6b84d9b66b220a2eac997df5f9a6431571a6154bdb53c7a8d2b32ee9495434e6,REMOVED_FROM_REMEDIATION_AUDIT,TPIA,Voluntary Conversion,(1 TPIA : 4250 IDR),PARSED_SOURCE_TEXT_ONLY,TPIA,IDR,True,SCHEDULE_REQUIRED,NON_BLOCKING
6d4993bc71703f8913c9c8ea03b2e672219c0891461f60ea51c05922f255b54d,REMOVED_FROM_REMEDIATION_AUDIT,KRYA,Voluntary Conversion,(1 KRYA : 104 IDR),PARSED_SOURCE_TEXT_ONLY,KRYA,IDR,True,SCHEDULE_REQUIRED,NON_BLOCKING
763b59678cdf164d238067675d92985175def733f171facf00af553525368cf7,REMOVED_FROM_REMEDIATION_AUDIT,AYLS,Voluntary Conversion,(1 AYLS : 134 IDR),PARSED_SOURCE_TEXT_ONLY,AYLS,IDR,True,SCHEDULE_REQUIRED,NON_BLOCKING
7af147584dbb35963198a35ca2d0904a7c3aac8da6c574161a5b133f214e407e,REMOVED_FROM_REMEDIATION_AUDIT,BEEF,Voluntary Conversion,(1 BEEF : 123 IDR),PARSED_SOURCE_TEXT_ONLY,BEEF,IDR,True,SCHEDULE_REQUIRED,NON_BLOCKING
8136fe2cbc202850fa701f1765db5c56e11fcdbdf75aa2ff0b50ede936ef8577,REMOVED_FROM_REMEDIATION_AUDIT,PGJO,Voluntary Conversion,(1 PGJO : 122 IDR),PARSED_SOURCE_TEXT_ONLY,PGJO,IDR,True,SCHEDULE_REQUIRED,NON_BLOCKING
9aff00f6fdfad21ade740d0e7bbbff5e1d98f970064df7dc19a9b68573d9db8c,REMOVED_FROM_REMEDIATION_AUDIT,MENN,Voluntary Conversion,(1 MENN : 44 IDR),PARSED_SOURCE_TEXT_ONLY,MENN,IDR,True,SCHEDULE_REQUIRED,NON_BLOCKING
a5d1c56c29424c6671ee5c8a8d11d16d9ab0035be7bc3f98fe884d70b00f889b,REMOVED_FROM_REMEDIATION_AUDIT,MMLP,Voluntary Conversion,(1 MMLP : 580.6 IDR),PARSED_SOURCE_TEXT_ONLY,MMLP,IDR,True,SCHEDULE_REQUIRED,NON_BLOCKING
a6ed5d7456fa5db111d0f430b4fd69a2ff474815cbfb7e65e1814bef793e2f62,REMOVED_FROM_REMEDIATION_AUDIT,GPSO,Voluntary Conversion,(1 GPSO : 436 IDR),PARSED_SOURCE_TEXT_ONLY,GPSO,IDR,True,SCHEDULE_REQUIRED,NON_BLOCKING
b80a3beea8107c48f41b7d7dde6cb2a636684d35068d65abd9537277ed8092e6,REMOVED_FROM_REMEDIATION_AUDIT,MEJA,Voluntary Conversion,(1 MEJA : 66 IDR),PARSED_SOURCE_TEXT_ONLY,MEJA,IDR,True,SCHEDULE_REQUIRED,NON_BLOCKING
b928f1ed13c2dbba33832090a886e0b8f83c6ebac3429e3d612452555dff27e9,REMOVED_FROM_REMEDIATION_AUDIT,MGLV,Voluntary Conversion,(1 MGLV : 1915 IDR),PARSED_SOURCE_TEXT_ONLY,MGLV,IDR,True,SCHEDULE_REQUIRED,NON_BLOCKING
d459b88daf26142ab3a454969bdea7dd32238b7cc4f4b06fef8da512f67f0781,REMOVED_FROM_REMEDIATION_AUDIT,LAPD,Voluntary Conversion,(1 LAPD : 51 IDR),PARSED_SOURCE_TEXT_ONLY,LAPD,IDR,True,SCHEDULE_REQUIRED,NON_BLOCKING
db9f12e2ce49f7b3739f188617837da4785adbeed0e3dd9953bca00e30625fd0,REMOVED_FROM_REMEDIATION_AUDIT,NETV,Voluntary Conversion,(1 NETV : 154 IDR),PARSED_SOURCE_TEXT_ONLY,NETV,IDR,True,SCHEDULE_REQUIRED,NON_BLOCKING
de2474d41f8b306eca48122a7ca9460720d38e875f2860dd068b07af788d2082,REMOVED_FROM_REMEDIATION_AUDIT,PACK,Voluntary Conversion,(1 PACK : 37 IDR),PARSED_SOURCE_TEXT_ONLY,PACK,IDR,True,SCHEDULE_REQUIRED,NON_BLOCKING
e146e58cff23a7c26f6aaa1914de3e5ab29cb3ef22b2220aa93774f7d007ebaf,REMOVED_FROM_REMEDIATION_AUDIT,SMKM,Voluntary Conversion,(1 SMKM : 93 IDR),PARSED_SOURCE_TEXT_ONLY,SMKM,IDR,True,SCHEDULE_REQUIRED,NON_BLOCKING
ebd53e77de5c19233758a1754fc938400022b858f8dbb7dab02499989354f211,REMOVED_FROM_REMEDIATION_AUDIT,NAYZ,Voluntary Conversion,(1 NAYZ : 21 IDR),PARSED_SOURCE_TEXT_ONLY,NAYZ,IDR,True,SCHEDULE_REQUIRED,NON_BLOCKING
ec0de757dc8a66351411bc13293c3042ce80ae9b8d2a3ad50301e4c5a9827b3f,REMOVED_FROM_REMEDIATION_AUDIT,ADMF,Voluntary Conversion,(1 ADMF : 9082 IDR),PARSED_SOURCE_TEXT_ONLY,ADMF,IDR,True,SCHEDULE_REQUIRED,NON_BLOCKING
f065ee8017e3f7e7223a66178b79c621dc4bed56ef86be51273ba69d8febab7a,REMOVED_FROM_REMEDIATION_AUDIT,KLIN,Voluntary Conversion,(1 KLIN : 169 IDR),PARSED_SOURCE_TEXT_ONLY,KLIN,IDR,True,SCHEDULE_REQUIRED,NON_BLOCKING
f1eb0a7db936677d55b5ffaac3398051e753d55880c7eccf34632755760414ab,REMOVED_FROM_REMEDIATION_AUDIT,KARW,Voluntary Conversion,(1 KARW : 66 IDR),PARSED_SOURCE_TEXT_ONLY,KARW,IDR,True,SCHEDULE_REQUIRED,NON_BLOCKING
f91190c37ee43bbdfee7ee4a7588a91d87c815ba6a92002d54c4698992ef4a8b,REMOVED_FROM_REMEDIATION_AUDIT,EDGE,Voluntary Conversion,(1 EDGE : 11500 IDR),PARSED_SOURCE_TEXT_ONLY,EDGE,IDR,True,SCHEDULE_REQUIRED,NON_BLOCKING
