event_id,ticker,row_index,source_type,status,ratio_raw,ratio_parse_status,ratio_left_security,ratio_right_security,strict_security_to_currency_predicate,present_in_parent_audit,present_in_remediation_audit,removed_from_relevant_audit,parent_family,parent_semantic_class,parent_transition_date,remediation_family,remediation_semantic_class,remediation_transition_date,remediation_reason
412258fd630fab268b822eb1875a1b448aaa085a009c58ac0f76e78ad21bdce1,ADMF,4,Voluntary Conversion,Active,,UNRESOLVED_SOURCE_TEXT,,,False,True,True,False,VOLUNTARY_CONVERSION,SCHEDULE_REQUIRED,,VOLUNTARY_CONVERSION,SCHEDULE_REQUIRED,,ACTIVE_EVENT_REQUIRES_EXACT_OFFICIAL_SCHEDULE
ec0de757dc8a66351411bc13293c3042ce80ae9b8d2a3ad50301e4c5a9827b3f,ADMF,5,Voluntary Conversion,Active,(1 ADMF : 9082 IDR),PARSED_SOURCE_TEXT_ONLY,ADMF,IDR,True,True,False,True,VOLUNTARY_CONVERSION,SCHEDULE_REQUIRED,,VOLUNTARY_CASH_SETTLEMENT,NON_BLOCKING,,VOLUNTARY_SECURITY_TO_CURRENCY_SETTLEMENT_NOT_AUTOMATIC_MARKET_PRICE_BASIS_REBASE
17fe9fc553a0ce287943538df0d6420b1e12282cf578773999f0bd31f0e11eaa,AMMS,2,Voluntary Conversion,Active,,UNRESOLVED_SOURCE_TEXT,,,False,True,True,False,VOLUNTARY_CONVERSION,SCHEDULE_REQUIRED,,VOLUNTARY_CONVERSION,SCHEDULE_REQUIRED,,ACTIVE_EVENT_REQUIRES_EXACT_OFFICIAL_SCHEDULE
3d298afc65419bb6e0949bba6ac5712968e0b9ba52d9d3f73a850eeb80e4bde5,ANJT,4,Voluntary Conversion,Active,(1 ANJT : 1813 IDR),PARSED_SOURCE_TEXT_ONLY,ANJT,IDR,True,True,False,True,VOLUNTARY_CONVERSION,SCHEDULE_REQUIRED,,VOLUNTARY_CASH_SETTLEMENT,NON_BLOCKING,,VOLUNTARY_SECURITY_TO_CURRENCY_SETTLEMENT_NOT_AUTOMATIC_MARKET_PRICE_BASIS_REBASE
b98002764eb665a3383b008eda9e2716ad89e533fae16d36c72f55bb6572ede1,ASLI,2,Voluntary Conversion,Active,,UNRESOLVED_SOURCE_TEXT,,,False,True,True,False,VOLUNTARY_CONVERSION,SCHEDULE_REQUIRED,,VOLUNTARY_CONVERSION,SCHEDULE_REQUIRED,,ACTIVE_EVENT_REQUIRES_EXACT_OFFICIAL_SCHEDULE
763b59678cdf164d238067675d92985175def733f171facf00af553525368cf7,AYLS,3,Voluntary Conversion,Active,(1 AYLS : 134 IDR),PARSED_SOURCE_TEXT_ONLY,AYLS,IDR,True,True,False,True,VOLUNTARY_CONVERSION,SCHEDULE_REQUIRED,,VOLUNTARY_CASH_SETTLEMENT,NON_BLOCKING,,VOLUNTARY_SECURITY_TO_CURRENCY_SETTLEMENT_NOT_AUTOMATIC_MARKET_PRICE_BASIS_REBASE
7af147584dbb35963198a35ca2d0904a7c3aac8da6c574161a5b133f214e407e,BEEF,12,Voluntary Conversion,Active,(1 BEEF : 123 IDR),PARSED_SOURCE_TEXT_ONLY,BEEF,IDR,True,True,False,True,VOLUNTARY_CONVERSION,SCHEDULE_REQUIRED,,VOLUNTARY_CASH_SETTLEMENT,NON_BLOCKING,,VOLUNTARY_SECURITY_TO_CURRENCY_SETTLEMENT_NOT_AUTOMATIC_MARKET_PRICE_BASIS_REBASE
cc6808069b53474d4a1eddff5fd29f8e8c9f6bac54177cbd4dd24d7af574f4f2,BOGA,2,Voluntary Conversion,Active,,UNRESOLVED_SOURCE_TEXT,,,False,True,True,False,VOLUNTARY_CONVERSION,SCHEDULE_REQUIRED,,VOLUNTARY_CONVERSION,SCHEDULE_REQUIRED,,ACTIVE_EVENT_REQUIRES_EXACT_OFFICIAL_SCHEDULE
1abcbf7d5754858a194bf1fad31bc27e933d52c5ed555a3fb91c1501cdfbbc60,CNKO,4,Voluntary Conversion,Active,(1 CNKO : 8 IDR),PARSED_SOURCE_TEXT_ONLY,CNKO,IDR,True,True,False,True,VOLUNTARY_CONVERSION,SCHEDULE_REQUIRED,,VOLUNTARY_CASH_SETTLEMENT,NON_BLOCKING,,VOLUNTARY_SECURITY_TO_CURRENCY_SETTLEMENT_NOT_AUTOMATIC_MARKET_PRICE_BASIS_REBASE
045a4591454c9f423a57f5a824966d849d8bc472d26450675deebcaa542e9f06,DATA,2,Voluntary Conversion,Active,(1 DATA : 974 IDR),PARSED_SOURCE_TEXT_ONLY,DATA,IDR,True,True,False,True,VOLUNTARY_CONVERSION,SCHEDULE_REQUIRED,,VOLUNTARY_CASH_SETTLEMENT,NON_BLOCKING,,VOLUNTARY_SECURITY_TO_CURRENCY_SETTLEMENT_NOT_AUTOMATIC_MARKET_PRICE_BASIS_REBASE
8abd467f868678e08a314267bd8f5856b899d5ba53fca7796911123ea611951c,EDGE,1,Voluntary Conversion,Active,,UNRESOLVED_SOURCE_TEXT,,,False,True,True,False,VOLUNTARY_CONVERSION,SCHEDULE_REQUIRED,,VOLUNTARY_CONVERSION,SCHEDULE_REQUIRED,,ACTIVE_EVENT_REQUIRES_EXACT_OFFICIAL_SCHEDULE
f91190c37ee43bbdfee7ee4a7588a91d87c815ba6a92002d54c4698992ef4a8b,EDGE,2,Voluntary Conversion,Active,(1 EDGE : 11500 IDR),PARSED_SOURCE_TEXT_ONLY,EDGE,IDR,True,True,False,True,VOLUNTARY_CONVERSION,SCHEDULE_REQUIRED,,VOLUNTARY_CASH_SETTLEMENT,NON_BLOCKING,,VOLUNTARY_SECURITY_TO_CURRENCY_SETTLEMENT_NOT_AUTOMATIC_MARKET_PRICE_BASIS_REBASE
532e599ea52c55990ef450a0f003f85b7032a3be1ee89905388b4f62ae4e55ed,EXCL,6,Voluntary Conversion,Active,(1 EXCL : 2350 IDR),PARSED_SOURCE_TEXT_ONLY,EXCL,IDR,True,True,False,True,VOLUNTARY_CONVERSION,SCHEDULE_REQUIRED,,VOLUNTARY_CASH_SETTLEMENT,NON_BLOCKING,,VOLUNTARY_SECURITY_TO_CURRENCY_SETTLEMENT_NOT_AUTOMATIC_MARKET_PRICE_BASIS_REBASE
399ac1c15919b44d75d885d969bdead09c381e1f5181b126937c27e7f4e8d018,FITT,2,Voluntary Conversion,Active,,UNRESOLVED_SOURCE_TEXT,,,False,True,True,False,VOLUNTARY_CONVERSION,SCHEDULE_REQUIRED,,VOLUNTARY_CONVERSION,SCHEDULE_REQUIRED,,ACTIVE_EVENT_REQUIRES_EXACT_OFFICIAL_SCHEDULE
917e1b0620a6c5bcc514411e399b9e4f6f8e0b6c5e98bf58e9f6b113e6cb7136,FORU,4,Voluntary Conversion,Active,,UNRESOLVED_SOURCE_TEXT,,,False,True,True,False,VOLUNTARY_CONVERSION,SCHEDULE_REQUIRED,,VOLUNTARY_CONVERSION,SCHEDULE_REQUIRED,,ACTIVE_EVENT_REQUIRES_EXACT_OFFICIAL_SCHEDULE
3db1a48b97dedce42a26061e21f2e15ca2ebc88c7cb6804b37396e810ff95f53,FUTR,2,Voluntary Conversion,Active,(1 FUTR : 79 IDR),PARSED_SOURCE_TEXT_ONLY,FUTR,IDR,True,True,False,True,VOLUNTARY_CONVERSION,SCHEDULE_REQUIRED,,VOLUNTARY_CASH_SETTLEMENT,NON_BLOCKING,,VOLUNTARY_SECURITY_TO_CURRENCY_SETTLEMENT_NOT_AUTOMATIC_MARKET_PRICE_BASIS_REBASE
4eb092fd4f61fc0f9e5b60e552fe274ad1a970d76d022869565ddfb37b1ac51a,FUTR,4,Voluntary Conversion,Active,,UNRESOLVED_SOURCE_TEXT,,,False,True,True,False,VOLUNTARY_CONVERSION,SCHEDULE_REQUIRED,,VOLUNTARY_CONVERSION,SCHEDULE_REQUIRED,,ACTIVE_EVENT_REQUIRES_EXACT_OFFICIAL_SCHEDULE
a6ed5d7456fa5db111d0f430b4fd69a2ff474815cbfb7e65e1814bef793e2f62,GPSO,2,Voluntary Conversion,Active,(1 GPSO : 436 IDR),PARSED_SOURCE_TEXT_ONLY,GPSO,IDR,True,True,False,True,VOLUNTARY_CONVERSION,SCHEDULE_REQUIRED,,VOLUNTARY_CASH_SETTLEMENT,NON_BLOCKING,,VOLUNTARY_SECURITY_TO_CURRENCY_SETTLEMENT_NOT_AUTOMATIC_MARKET_PRICE_BASIS_REBASE
5abbdc8350e9f5d8106c099004f3f7d8edd8db3d06a12ecd33d1268eabab48e0,IATA,2,Voluntary Conversion,Active,(1 IATA : 99 IDR),PARSED_SOURCE_TEXT_ONLY,IATA,IDR,True,True,False,True,VOLUNTARY_CONVERSION,SCHEDULE_REQUIRED,,VOLUNTARY_CASH_SETTLEMENT,NON_BLOCKING,,VOLUNTARY_SECURITY_TO_CURRENCY_SETTLEMENT_NOT_AUTOMATIC_MARKET_PRICE_BASIS_REBASE
fa33eed5f3b91074b6410d1a79363736f8e763d63956350ce6a68d84114ec985,IATA,3,Voluntary Conversion,Active,,UNRESOLVED_SOURCE_TEXT,,,False,True,True,False,VOLUNTARY_CONVERSION,SCHEDULE_REQUIRED,,VOLUNTARY_CONVERSION,SCHEDULE_REQUIRED,,ACTIVE_EVENT_REQUIRES_EXACT_OFFICIAL_SCHEDULE
cff20e6754442d3eebb71fb2dc0438f85271a92b5de9f80f23d539953bc72b7f,IRSX,5,Voluntary Conversion,Active,,UNRESOLVED_SOURCE_TEXT,,,False,True,True,False,VOLUNTARY_CONVERSION,SCHEDULE_REQUIRED,,VOLUNTARY_CONVERSION,SCHEDULE_REQUIRED,,ACTIVE_EVENT_REQUIRES_EXACT_OFFICIAL_SCHEDULE
2f7279f2a13446607720af7a1dbbbde51cb542cc94bee3cecec32794202243c4,JARR,8,Voluntary Conversion,Active,,UNRESOLVED_SOURCE_TEXT,,,False,True,True,False,VOLUNTARY_CONVERSION,SCHEDULE_REQUIRED,,VOLUNTARY_CONVERSION,SCHEDULE_REQUIRED,,ACTIVE_EVENT_REQUIRES_EXACT_OFFICIAL_SCHEDULE
f1eb0a7db936677d55b5ffaac3398051e753d55880c7eccf34632755760414ab,KARW,4,Voluntary Conversion,Active,(1 KARW : 66 IDR),PARSED_SOURCE_TEXT_ONLY,KARW,IDR,True,True,False,True,VOLUNTARY_CONVERSION,SCHEDULE_REQUIRED,,VOLUNTARY_CASH_SETTLEMENT,NON_BLOCKING,,VOLUNTARY_SECURITY_TO_CURRENCY_SETTLEMENT_NOT_AUTOMATIC_MARKET_PRICE_BASIS_REBASE
2958f1557431fb9a8c616cf95c4de6ba9114c92736d0e5926481414179684a90,KETR,1,Voluntary Conversion,Active,,UNRESOLVED_SOURCE_TEXT,,,False,True,True,False,VOLUNTARY_CONVERSION,SCHEDULE_REQUIRED,,VOLUNTARY_CONVERSION,SCHEDULE_REQUIRED,,ACTIVE_EVENT_REQUIRES_EXACT_OFFICIAL_SCHEDULE
5fc1b2277927ea7fc2ef0cf63be2725ec04351dcffbbaf4f6749b6ed9f784ee0,KETR,6,Voluntary Conversion,Active,,UNRESOLVED_SOURCE_TEXT,,,False,True,True,False,VOLUNTARY_CONVERSION,SCHEDULE_REQUIRED,,VOLUNTARY_CONVERSION,SCHEDULE_REQUIRED,,ACTIVE_EVENT_REQUIRES_EXACT_OFFICIAL_SCHEDULE
f065ee8017e3f7e7223a66178b79c621dc4bed56ef86be51273ba69d8febab7a,KLIN,4,Voluntary Conversion,Active,(1 KLIN : 169 IDR),PARSED_SOURCE_TEXT_ONLY,KLIN,IDR,True,True,False,True,VOLUNTARY_CONVERSION,SCHEDULE_REQUIRED,,VOLUNTARY_CASH_SETTLEMENT,NON_BLOCKING,,VOLUNTARY_SECURITY_TO_CURRENCY_SETTLEMENT_NOT_AUTOMATIC_MARKET_PRICE_BASIS_REBASE
6d4993bc71703f8913c9c8ea03b2e672219c0891461f60ea51c05922f255b54d,KRYA,5,Voluntary Conversion,Active,(1 KRYA : 104 IDR),PARSED_SOURCE_TEXT_ONLY,KRYA,IDR,True,True,False,True,VOLUNTARY_CONVERSION,SCHEDULE_REQUIRED,,VOLUNTARY_CASH_SETTLEMENT,NON_BLOCKING,,VOLUNTARY_SECURITY_TO_CURRENCY_SETTLEMENT_NOT_AUTOMATIC_MARKET_PRICE_BASIS_REBASE
4b6b5418a792e6eeb22a509f33254088f2ae6a28cf95c796a96b184615cbee74,LABA,6,Voluntary Conversion,Active,(1 LABA : 121 IDR),PARSED_SOURCE_TEXT_ONLY,LABA,IDR,True,True,False,True,VOLUNTARY_CONVERSION,SCHEDULE_REQUIRED,,VOLUNTARY_CASH_SETTLEMENT,NON_BLOCKING,,VOLUNTARY_SECURITY_TO_CURRENCY_SETTLEMENT_NOT_AUTOMATIC_MARKET_PRICE_BASIS_REBASE
d459b88daf26142ab3a454969bdea7dd32238b7cc4f4b06fef8da512f67f0781,LAPD,2,Voluntary Conversion,Active,(1 LAPD : 51 IDR),PARSED_SOURCE_TEXT_ONLY,LAPD,IDR,True,True,False,True,VOLUNTARY_CONVERSION,SCHEDULE_REQUIRED,,VOLUNTARY_CASH_SETTLEMENT,NON_BLOCKING,,VOLUNTARY_SECURITY_TO_CURRENCY_SETTLEMENT_NOT_AUTOMATIC_MARKET_PRICE_BASIS_REBASE
b80a3beea8107c48f41b7d7dde6cb2a636684d35068d65abd9537277ed8092e6,MEJA,3,Voluntary Conversion,Active,(1 MEJA : 66 IDR),PARSED_SOURCE_TEXT_ONLY,MEJA,IDR,True,True,False,True,VOLUNTARY_CONVERSION,SCHEDULE_REQUIRED,,VOLUNTARY_CASH_SETTLEMENT,NON_BLOCKING,,VOLUNTARY_SECURITY_TO_CURRENCY_SETTLEMENT_NOT_AUTOMATIC_MARKET_PRICE_BASIS_REBASE
9aff00f6fdfad21ade740d0e7bbbff5e1d98f970064df7dc19a9b68573d9db8c,MENN,2,Voluntary Conversion,Active,(1 MENN : 44 IDR),PARSED_SOURCE_TEXT_ONLY,MENN,IDR,True,True,False,True,VOLUNTARY_CONVERSION,SCHEDULE_REQUIRED,,VOLUNTARY_CASH_SETTLEMENT,NON_BLOCKING,,VOLUNTARY_SECURITY_TO_CURRENCY_SETTLEMENT_NOT_AUTOMATIC_MARKET_PRICE_BASIS_REBASE
547e0965216399d6c2002fd3ba7d687546d60f12f878a308e05d350aa5152167,MFIN,2,Voluntary Conversion,Active,,UNRESOLVED_SOURCE_TEXT,,,False,True,True,False,VOLUNTARY_CONVERSION,SCHEDULE_REQUIRED,,VOLUNTARY_CONVERSION,SCHEDULE_REQUIRED,,ACTIVE_EVENT_REQUIRES_EXACT_OFFICIAL_SCHEDULE
20793514970c8d6a1bb294a86a491a344faf9e0bb2530bce20b8a690f1975835,MFIN,3,Voluntary Conversion,Active,,UNRESOLVED_SOURCE_TEXT,,,False,True,True,False,VOLUNTARY_CONVERSION,SCHEDULE_REQUIRED,,VOLUNTARY_CONVERSION,SCHEDULE_REQUIRED,,ACTIVE_EVENT_REQUIRES_EXACT_OFFICIAL_SCHEDULE
1f7723ddc435da97bb2f343f04beb9a37669b16717c768428f612e50ffeb05f7,MFIN,4,Voluntary Conversion,Active,,UNRESOLVED_SOURCE_TEXT,,,False,True,True,False,VOLUNTARY_CONVERSION,SCHEDULE_REQUIRED,,VOLUNTARY_CONVERSION,SCHEDULE_REQUIRED,,ACTIVE_EVENT_REQUIRES_EXACT_OFFICIAL_SCHEDULE
22362d6e7ed5feda58aa07092cf168d322b33f10a3bda0fa661548676bfea994,MFIN,12,Voluntary Conversion,Active,(1 MFIN : 3297 IDR),PARSED_SOURCE_TEXT_ONLY,MFIN,IDR,True,True,False,True,VOLUNTARY_CONVERSION,SCHEDULE_REQUIRED,,VOLUNTARY_CASH_SETTLEMENT,NON_BLOCKING,,VOLUNTARY_SECURITY_TO_CURRENCY_SETTLEMENT_NOT_AUTOMATIC_MARKET_PRICE_BASIS_REBASE
b928f1ed13c2dbba33832090a886e0b8f83c6ebac3429e3d612452555dff27e9,MGLV,3,Voluntary Conversion,Active,(1 MGLV : 1915 IDR),PARSED_SOURCE_TEXT_ONLY,MGLV,IDR,True,True,False,True,VOLUNTARY_CONVERSION,SCHEDULE_REQUIRED,,VOLUNTARY_CASH_SETTLEMENT,NON_BLOCKING,,VOLUNTARY_SECURITY_TO_CURRENCY_SETTLEMENT_NOT_AUTOMATIC_MARKET_PRICE_BASIS_REBASE
a5d1c56c29424c6671ee5c8a8d11d16d9ab0035be7bc3f98fe884d70b00f889b,MMLP,2,Voluntary Conversion,Active,(1 MMLP : 580.6 IDR),PARSED_SOURCE_TEXT_ONLY,MMLP,IDR,True,True,False,True,VOLUNTARY_CONVERSION,SCHEDULE_REQUIRED,,VOLUNTARY_CASH_SETTLEMENT,NON_BLOCKING,,VOLUNTARY_SECURITY_TO_CURRENCY_SETTLEMENT_NOT_AUTOMATIC_MARKET_PRICE_BASIS_REBASE
171c5ebb52524c3534863895de8805b4cf02a31d230d29e9fc73479e23a37798,MMLP,7,Voluntary Conversion,Active,(1 MMLP : 350 IDR),PARSED_SOURCE_TEXT_ONLY,MMLP,IDR,True,True,False,True,VOLUNTARY_CONVERSION,SCHEDULE_REQUIRED,,VOLUNTARY_CASH_SETTLEMENT,NON_BLOCKING,,VOLUNTARY_SECURITY_TO_CURRENCY_SETTLEMENT_NOT_AUTOMATIC_MARKET_PRICE_BASIS_REBASE
473201506053b484c2d9f4d81635c2789b12036c6d9d9b431c8eb9ead2698a1c,MORA,2,Voluntary Conversion,Active,(1 MORA : 432 IDR),PARSED_SOURCE_TEXT_ONLY,MORA,IDR,True,True,False,True,VOLUNTARY_CONVERSION,SCHEDULE_REQUIRED,,VOLUNTARY_CASH_SETTLEMENT,NON_BLOCKING,,VOLUNTARY_SECURITY_TO_CURRENCY_SETTLEMENT_NOT_AUTOMATIC_MARKET_PRICE_BASIS_REBASE
2595832c4fee13caa22c6c7f816091ed1a66a7da09e0224c08b24ca11b50154e,MTEL,2,Voluntary Conversion,Active,(1 MTEL : 515 IDR),PARSED_SOURCE_TEXT_ONLY,MTEL,IDR,True,True,False,True,VOLUNTARY_CONVERSION,SCHEDULE_REQUIRED,,VOLUNTARY_CASH_SETTLEMENT,NON_BLOCKING,,VOLUNTARY_SECURITY_TO_CURRENCY_SETTLEMENT_NOT_AUTOMATIC_MARKET_PRICE_BASIS_REBASE
18ff0441f11dae372acd2abd75465ec84c2501280c8af3eefa230626b9ab9335,NATO,2,Voluntary Conversion,Active,(1 NATO : 183 IDR),PARSED_SOURCE_TEXT_ONLY,NATO,IDR,True,True,False,True,VOLUNTARY_CONVERSION,SCHEDULE_REQUIRED,,VOLUNTARY_CASH_SETTLEMENT,NON_BLOCKING,,VOLUNTARY_SECURITY_TO_CURRENCY_SETTLEMENT_NOT_AUTOMATIC_MARKET_PRICE_BASIS_REBASE
ebd53e77de5c19233758a1754fc938400022b858f8dbb7dab02499989354f211,NAYZ,5,Voluntary Conversion,Active,(1 NAYZ : 21 IDR),PARSED_SOURCE_TEXT_ONLY,NAYZ,IDR,True,True,False,True,VOLUNTARY_CONVERSION,SCHEDULE_REQUIRED,,VOLUNTARY_CASH_SETTLEMENT,NON_BLOCKING,,VOLUNTARY_SECURITY_TO_CURRENCY_SETTLEMENT_NOT_AUTOMATIC_MARKET_PRICE_BASIS_REBASE
db9f12e2ce49f7b3739f188617837da4785adbeed0e3dd9953bca00e30625fd0,NETV,6,Voluntary Conversion,Active,(1 NETV : 154 IDR),PARSED_SOURCE_TEXT_ONLY,NETV,IDR,True,True,False,True,VOLUNTARY_CONVERSION,SCHEDULE_REQUIRED,,VOLUNTARY_CASH_SETTLEMENT,NON_BLOCKING,,VOLUNTARY_SECURITY_TO_CURRENCY_SETTLEMENT_NOT_AUTOMATIC_MARKET_PRICE_BASIS_REBASE
d92748ec738027eb23c560fd5c7c0ab2773da4018d4d84209f5a9ba6aa451e1f,NETV,7,Voluntary Conversion,Active,,UNRESOLVED_SOURCE_TEXT,,,False,True,True,False,VOLUNTARY_CONVERSION,SCHEDULE_REQUIRED,,VOLUNTARY_CONVERSION,SCHEDULE_REQUIRED,,ACTIVE_EVENT_REQUIRES_EXACT_OFFICIAL_SCHEDULE
3831444b55de6bcdbc9cb06fb24dacf6f140551aec5a13a29ec11e0ade43729b,NINE,5,Voluntary Conversion,Active,,UNRESOLVED_SOURCE_TEXT,,,False,True,True,False,VOLUNTARY_CONVERSION,SCHEDULE_REQUIRED,,VOLUNTARY_CONVERSION,SCHEDULE_REQUIRED,,ACTIVE_EVENT_REQUIRES_EXACT_OFFICIAL_SCHEDULE
10e24d3621e0f5e65833655b2e11938fc53d64e68c03e6c87658eb74bb2ae26b,NISP,6,Voluntary Conversion,Active,,UNRESOLVED_SOURCE_TEXT,,,False,True,True,False,VOLUNTARY_CONVERSION,SCHEDULE_REQUIRED,,VOLUNTARY_CONVERSION,SCHEDULE_REQUIRED,,ACTIVE_EVENT_REQUIRES_EXACT_OFFICIAL_SCHEDULE
de2474d41f8b306eca48122a7ca9460720d38e875f2860dd068b07af788d2082,PACK,5,Voluntary Conversion,Active,(1 PACK : 37 IDR),PARSED_SOURCE_TEXT_ONLY,PACK,IDR,True,True,False,True,VOLUNTARY_CONVERSION,SCHEDULE_REQUIRED,,VOLUNTARY_CASH_SETTLEMENT,NON_BLOCKING,,VOLUNTARY_SECURITY_TO_CURRENCY_SETTLEMENT_NOT_AUTOMATIC_MARKET_PRICE_BASIS_REBASE
188024c981ef45bb860b20779a2fc789ac816a1c68cfc4e6a0553111c8f2121f,PADA,1,Voluntary Conversion,Active,,UNRESOLVED_SOURCE_TEXT,,,False,True,True,False,VOLUNTARY_CONVERSION,SCHEDULE_REQUIRED,,VOLUNTARY_CONVERSION,SCHEDULE_REQUIRED,,ACTIVE_EVENT_REQUIRES_EXACT_OFFICIAL_SCHEDULE
15d5ebe7db22a8246800a04a0a0288b995d70bcb76a667b9117def8987450736,PADI,7,Voluntary Conversion,Active,,UNRESOLVED_SOURCE_TEXT,,,False,True,True,False,VOLUNTARY_CONVERSION,SCHEDULE_REQUIRED,,VOLUNTARY_CONVERSION,SCHEDULE_REQUIRED,,ACTIVE_EVENT_REQUIRES_EXACT_OFFICIAL_SCHEDULE
8136fe2cbc202850fa701f1765db5c56e11fcdbdf75aa2ff0b50ede936ef8577,PGJO,3,Voluntary Conversion,Active,(1 PGJO : 122 IDR),PARSED_SOURCE_TEXT_ONLY,PGJO,IDR,True,True,False,True,VOLUNTARY_CONVERSION,SCHEDULE_REQUIRED,,VOLUNTARY_CASH_SETTLEMENT,NON_BLOCKING,,VOLUNTARY_SECURITY_TO_CURRENCY_SETTLEMENT_NOT_AUTOMATIC_MARKET_PRICE_BASIS_REBASE
e30a93051fe836a7781df802376ef71e5fd4055607f71a1a3fc46409214afb6a,PIPA,2,Voluntary Conversion,Active,,UNRESOLVED_SOURCE_TEXT,,,False,True,True,False,VOLUNTARY_CONVERSION,SCHEDULE_REQUIRED,,VOLUNTARY_CONVERSION,SCHEDULE_REQUIRED,,ACTIVE_EVENT_REQUIRES_EXACT_OFFICIAL_SCHEDULE
4d5044961395889d26a61efb79dbb980a19e48fd65606d7a36919ca43d53773f,PTRO,6,Voluntary Conversion,Active,,UNRESOLVED_SOURCE_TEXT,,,False,True,True,False,VOLUNTARY_CONVERSION,SCHEDULE_REQUIRED,,VOLUNTARY_CONVERSION,SCHEDULE_REQUIRED,,ACTIVE_EVENT_REQUIRES_EXACT_OFFICIAL_SCHEDULE
423bcf15152961718b37e446d997a9be65fe858fa5442efb35a3755162edf3b9,RONY,4,Voluntary Conversion,Active,(1 RONY : 749 IDR),PARSED_SOURCE_TEXT_ONLY,RONY,IDR,True,True,False,True,VOLUNTARY_CONVERSION,SCHEDULE_REQUIRED,,VOLUNTARY_CASH_SETTLEMENT,NON_BLOCKING,,VOLUNTARY_SECURITY_TO_CURRENCY_SETTLEMENT_NOT_AUTOMATIC_MARKET_PRICE_BASIS_REBASE
72aa0489953c6258c3b1f0c994e7a6ea920db86591a6024ef86a9929d09018f6,SGRO,3,Voluntary Conversion,Active,,UNRESOLVED_SOURCE_TEXT,,,False,True,True,False,VOLUNTARY_CONVERSION,SCHEDULE_REQUIRED,,VOLUNTARY_CONVERSION,SCHEDULE_REQUIRED,,ACTIVE_EVENT_REQUIRES_EXACT_OFFICIAL_SCHEDULE
6c49f70770720154f3bf4faefe6a52dbe354f3f916e455a9f88939496c12a9b0,SILO,4,Voluntary Conversion,Active,,UNRESOLVED_SOURCE_TEXT,,,False,True,True,False,VOLUNTARY_CONVERSION,SCHEDULE_REQUIRED,,VOLUNTARY_CONVERSION,SCHEDULE_REQUIRED,,ACTIVE_EVENT_REQUIRES_EXACT_OFFICIAL_SCHEDULE
58c7727eb52265d95c21216203daba21189cbfc4811806c3a3e747dd8cb8a26e,SILO,5,Voluntary Conversion,Active,,UNRESOLVED_SOURCE_TEXT,,,False,True,True,False,VOLUNTARY_CONVERSION,SCHEDULE_REQUIRED,,VOLUNTARY_CONVERSION,SCHEDULE_REQUIRED,,ACTIVE_EVENT_REQUIRES_EXACT_OFFICIAL_SCHEDULE
e146e58cff23a7c26f6aaa1914de3e5ab29cb3ef22b2220aa93774f7d007ebaf,SMKM,2,Voluntary Conversion,Active,(1 SMKM : 93 IDR),PARSED_SOURCE_TEXT_ONLY,SMKM,IDR,True,True,False,True,VOLUNTARY_CONVERSION,SCHEDULE_REQUIRED,,VOLUNTARY_CASH_SETTLEMENT,NON_BLOCKING,,VOLUNTARY_SECURITY_TO_CURRENCY_SETTLEMENT_NOT_AUTOMATIC_MARKET_PRICE_BASIS_REBASE
52e61c111284d5cce614368e89ec933c55d8e921f4d032c4c12258d8165a9c49,SMMT,5,Voluntary Conversion,Active,(1 SMMT : 1305.5 IDR),PARSED_SOURCE_TEXT_ONLY,SMMT,IDR,True,True,False,True,VOLUNTARY_CONVERSION,SCHEDULE_REQUIRED,,VOLUNTARY_CASH_SETTLEMENT,NON_BLOCKING,,VOLUNTARY_SECURITY_TO_CURRENCY_SETTLEMENT_NOT_AUTOMATIC_MARKET_PRICE_BASIS_REBASE
9b0f4b9181226e74173ca1649a052233905285aa8af01a6bf8f06bd15fcd5800,TBIG,9,Voluntary Conversion,Active,,UNRESOLVED_SOURCE_TEXT,,,False,True,True,False,VOLUNTARY_CONVERSION,SCHEDULE_REQUIRED,,VOLUNTARY_CONVERSION,SCHEDULE_REQUIRED,,ACTIVE_EVENT_REQUIRES_EXACT_OFFICIAL_SCHEDULE
4f2c8af68c91fd5c7c38e3411c2172c27642d372a78b81b20b2d9cd812025151,TBIG,10,Voluntary Conversion,Active,(1 TBIG : 2300 IDR),PARSED_SOURCE_TEXT_ONLY,TBIG,IDR,True,True,False,True,VOLUNTARY_CONVERSION,SCHEDULE_REQUIRED,,VOLUNTARY_CASH_SETTLEMENT,NON_BLOCKING,,VOLUNTARY_SECURITY_TO_CURRENCY_SETTLEMENT_NOT_AUTOMATIC_MARKET_PRICE_BASIS_REBASE
6bfc3dd1fc400322e54011ef9b8bc1c38e7263ccaa2bb45c9aeb05fcf17aef13,TOTL,6,Voluntary Conversion,Active,,UNRESOLVED_SOURCE_TEXT,,,False,True,True,False,VOLUNTARY_CONVERSION,SCHEDULE_REQUIRED,,VOLUNTARY_CONVERSION,SCHEDULE_REQUIRED,,ACTIVE_EVENT_REQUIRES_EXACT_OFFICIAL_SCHEDULE
6b84d9b66b220a2eac997df5f9a6431571a6154bdb53c7a8d2b32ee9495434e6,TPIA,9,Voluntary Conversion,Active,(1 TPIA : 4250 IDR),PARSED_SOURCE_TEXT_ONLY,TPIA,IDR,True,True,False,True,VOLUNTARY_CONVERSION,SCHEDULE_REQUIRED,,VOLUNTARY_CASH_SETTLEMENT,NON_BLOCKING,,VOLUNTARY_SECURITY_TO_CURRENCY_SETTLEMENT_NOT_AUTOMATIC_MARKET_PRICE_BASIS_REBASE
c1ea0c0f99219835e82e03ac8827a99abc2390f93b0e5b8bbf135c2e9aa38c35,TRJA,4,Voluntary Conversion,Active,,UNRESOLVED_SOURCE_TEXT,,,False,True,True,False,VOLUNTARY_CONVERSION,SCHEDULE_REQUIRED,,VOLUNTARY_CONVERSION,SCHEDULE_REQUIRED,,ACTIVE_EVENT_REQUIRES_EXACT_OFFICIAL_SCHEDULE
