source_kind,ticker,event_family,candidate_date,effective_date_status,continuity_status,source_action_id,source_ref,source_url,source_sha256,official_attachment_sha256s,official_announcement_refs,published_at_utc,evidence_id
IDX_GET_ISSUED_HISTORY,BBNI,STOCK_SPLIT,2023-10-06,UNRESOLVED_TANGGAL_PENCATATAN_NOT_GENERIC_EFFECTIVE_DATE,PRICE_CONTINUITY_UNRESOLVED_EFFECTIVE_DATE,18476,MULTIPLE_REVISION_CANDIDATES,IDX:GetIssuedHistory,d3a11d3e51887ebde4af5b6a2f37ab64d9ad1bfd1d70179b58fca79d18e9909e,0e81a344a61563674a4797903173fa8848270bcbd304e19ccba0024ada831469;170a89180bc9c1b2fe23f55d297cf76e172de9d84c765f05418551de3ae851df;ccdfdde076715580387586d9792f38d6bc7c69dc8013b91c694c989a6ea3e768,CSE/7/4963;CSE/7/6272;CSE/7/6272.,2023-08-11T10:16:04Z;2023-09-29T08:57:40Z;2023-10-02T09:48:42Z,IDX:18476
IDX_GET_ISSUED_HISTORY,BBNI,STOCK_SPLIT,2023-10-06,UNRESOLVED_TANGGAL_PENCATATAN_NOT_GENERIC_EFFECTIVE_DATE,PRICE_CONTINUITY_UNRESOLVED_EFFECTIVE_DATE,18477,MULTIPLE_REVISION_CANDIDATES,IDX:GetIssuedHistory,d3a11d3e51887ebde4af5b6a2f37ab64d9ad1bfd1d70179b58fca79d18e9909e,0e81a344a61563674a4797903173fa8848270bcbd304e19ccba0024ada831469;170a89180bc9c1b2fe23f55d297cf76e172de9d84c765f05418551de3ae851df;ccdfdde076715580387586d9792f38d6bc7c69dc8013b91c694c989a6ea3e768,CSE/7/4963;CSE/7/6272;CSE/7/6272.,2023-08-11T10:16:04Z;2023-09-29T08:57:40Z;2023-10-02T09:48:42Z,IDX:18477
IDX_GET_ISSUED_HISTORY,BBNI,STOCK_SPLIT,2023-10-06,UNRESOLVED_TANGGAL_PENCATATAN_NOT_GENERIC_EFFECTIVE_DATE,PRICE_CONTINUITY_UNRESOLVED_EFFECTIVE_DATE,18478,MULTIPLE_REVISION_CANDIDATES,IDX:GetIssuedHistory,d3a11d3e51887ebde4af5b6a2f37ab64d9ad1bfd1d70179b58fca79d18e9909e,0e81a344a61563674a4797903173fa8848270bcbd304e19ccba0024ada831469;170a89180bc9c1b2fe23f55d297cf76e172de9d84c765f05418551de3ae851df;ccdfdde076715580387586d9792f38d6bc7c69dc8013b91c694c989a6ea3e768,CSE/7/4963;CSE/7/6272;CSE/7/6272.,2023-08-11T10:16:04Z;2023-09-29T08:57:40Z;2023-10-02T09:48:42Z,IDX:18478
IDX_GET_ISSUED_HISTORY,ISAT,STOCK_SPLIT,2024-10-14,UNRESOLVED_TANGGAL_PENCATATAN_NOT_GENERIC_EFFECTIVE_DATE,PRICE_CONTINUITY_UNRESOLVED_EFFECTIVE_DATE,34588,MULTIPLE_REVISION_CANDIDATES,IDX:GetIssuedHistory,d3a11d3e51887ebde4af5b6a2f37ab64d9ad1bfd1d70179b58fca79d18e9909e,c7446e527524556af7d81e74983247e3e36da0b78c03b97e6acc011162263c2c;fff4fdb2247036af037373243cc2073f9d7fae2b595e73886a8e7d04e03bc4e4,134/AY0-AYD/LGL/24;164/AY0-AYD/LGL/24,2024-08-11T07:29:30Z;2024-10-07T09:11:44Z,IDX:34588
IDX_GET_ISSUED_HISTORY,ISAT,STOCK_SPLIT,2024-10-14,UNRESOLVED_TANGGAL_PENCATATAN_NOT_GENERIC_EFFECTIVE_DATE,PRICE_CONTINUITY_UNRESOLVED_EFFECTIVE_DATE,34589,MULTIPLE_REVISION_CANDIDATES,IDX:GetIssuedHistory,d3a11d3e51887ebde4af5b6a2f37ab64d9ad1bfd1d70179b58fca79d18e9909e,c7446e527524556af7d81e74983247e3e36da0b78c03b97e6acc011162263c2c;fff4fdb2247036af037373243cc2073f9d7fae2b595e73886a8e7d04e03bc4e4,134/AY0-AYD/LGL/24;164/AY0-AYD/LGL/24,2024-08-11T07:29:30Z;2024-10-07T09:11:44Z,IDX:34589
KSEI_REGISTERED_SECURITY,MEGA,RIGHTS_HMETD,2002-06-11,UNRESOLVED_KSEI_EVENT_DATE_NOT_PROVEN_MARKET_EFFECTIVE,PRICE_CONTINUITY_UNRESOLVED_EFFECTIVE_DATE,,Right Distribution,https://web.ksei.co.id/services/registered-securities/shares/lc/MEGA,b3d181ebcc5602604b8690f137a56a9f84b7a4e5eafe950d4e6e3d6e146a675c,,,,KSEI:MEGA:Right Distribution:2002-06-11
KSEI_REGISTERED_SECURITY,MEGA,STOCK_DIVIDEND,2005-04-21,UNRESOLVED_KSEI_EVENT_DATE_NOT_PROVEN_MARKET_EFFECTIVE,PRICE_CONTINUITY_UNRESOLVED_EFFECTIVE_DATE,,Stock Dividend,https://web.ksei.co.id/services/registered-securities/shares/lc/MEGA,b3d181ebcc5602604b8690f137a56a9f84b7a4e5eafe950d4e6e3d6e146a675c,,,,KSEI:MEGA:Stock Dividend:2005-04-21
KSEI_REGISTERED_SECURITY,MEGA,RIGHTS_HMETD,2006-04-11,UNRESOLVED_KSEI_EVENT_DATE_NOT_PROVEN_MARKET_EFFECTIVE,PRICE_CONTINUITY_UNRESOLVED_EFFECTIVE_DATE,,Right Distribution,https://web.ksei.co.id/services/registered-securities/shares/lc/MEGA,b3d181ebcc5602604b8690f137a56a9f84b7a4e5eafe950d4e6e3d6e146a675c,,,,KSEI:MEGA:Right Distribution:2006-04-11
KSEI_REGISTERED_SECURITY,MEGA,STOCK_DIVIDEND,2009-06-30,UNRESOLVED_KSEI_EVENT_DATE_NOT_PROVEN_MARKET_EFFECTIVE,PRICE_CONTINUITY_UNRESOLVED_EFFECTIVE_DATE,,Stock Dividend,https://web.ksei.co.id/services/registered-securities/shares/lc/MEGA,b3d181ebcc5602604b8690f137a56a9f84b7a4e5eafe950d4e6e3d6e146a675c,,,,KSEI:MEGA:Stock Dividend:2009-06-30
KSEI_REGISTERED_SECURITY,MEGA,RIGHTS_HMETD,2013-05-31,UNRESOLVED_KSEI_EVENT_DATE_NOT_PROVEN_MARKET_EFFECTIVE,PRICE_CONTINUITY_UNRESOLVED_EFFECTIVE_DATE,,Right Distribution,https://web.ksei.co.id/services/registered-securities/shares/lc/MEGA,b3d181ebcc5602604b8690f137a56a9f84b7a4e5eafe950d4e6e3d6e146a675c,,,,KSEI:MEGA:Right Distribution:2013-05-31
KSEI_REGISTERED_SECURITY,MEGA,STOCK_DIVIDEND,2013-05-31,UNRESOLVED_KSEI_EVENT_DATE_NOT_PROVEN_MARKET_EFFECTIVE,PRICE_CONTINUITY_UNRESOLVED_EFFECTIVE_DATE,,Stock Dividend,https://web.ksei.co.id/services/registered-securities/shares/lc/MEGA,b3d181ebcc5602604b8690f137a56a9f84b7a4e5eafe950d4e6e3d6e146a675c,,,,KSEI:MEGA:Stock Dividend:2013-05-31
KSEI_REGISTERED_SECURITY,MEGA,RIGHTS_HMETD,2022-03-23,UNRESOLVED_KSEI_EVENT_DATE_NOT_PROVEN_MARKET_EFFECTIVE,PRICE_CONTINUITY_UNRESOLVED_EFFECTIVE_DATE,,Right Distribution,https://web.ksei.co.id/services/registered-securities/shares/lc/MEGA,b3d181ebcc5602604b8690f137a56a9f84b7a4e5eafe950d4e6e3d6e146a675c,,,,KSEI:MEGA:Right Distribution:2022-03-23
KSEI_REGISTERED_SECURITY,MEGA,RIGHTS_HMETD,2026-04-30,UNRESOLVED_KSEI_EVENT_DATE_NOT_PROVEN_MARKET_EFFECTIVE,PRICE_CONTINUITY_UNRESOLVED_EFFECTIVE_DATE,,Right Distribution,https://web.ksei.co.id/services/registered-securities/shares/lc/MEGA,b3d181ebcc5602604b8690f137a56a9f84b7a4e5eafe950d4e6e3d6e146a675c,,,,KSEI:MEGA:Right Distribution:2026-04-30
IDX_GET_ISSUED_HISTORY,MEGA,BONUS_SHARES,2026-05-04,UNRESOLVED_TANGGAL_PENCATATAN_NOT_GENERIC_EFFECTIVE_DATE,PRICE_CONTINUITY_UNRESOLVED_EFFECTIVE_DATE,82117,MULTIPLE_REVISION_CANDIDATES,IDX:GetIssuedHistory,d3a11d3e51887ebde4af5b6a2f37ab64d9ad1bfd1d70179b58fca79d18e9909e,190a9ada768fad09c4899ac3f801601a87db96c438e316faf0b7c49f2b818b3c;a824cbb657fad6cd88c0d648ef116be9abea2dc6107cfa0818e1e98e07accf14;c99186a81df1b6200d42e7c13e91c565c871ab77844362e07523e6a0b0d4b46b,018/COAF/26;050/COAF/26.;No. Peng-00059/BEI.POP/04-2026,2026-02-20T09:10:18Z;2026-04-02T11:34:26Z;2026-04-09T14:25:00Z,IDX:82117
IDX_GET_ISSUED_HISTORY,MLPT,STOCK_SPLIT,2026-07-21,UNRESOLVED_TANGGAL_PENCATATAN_NOT_GENERIC_EFFECTIVE_DATE,PRICE_CONTINUITY_UNRESOLVED_EFFECTIVE_DATE,82680,MULTIPLE_REVISION_CANDIDATES,IDX:GetIssuedHistory,d3a11d3e51887ebde4af5b6a2f37ab64d9ad1bfd1d70179b58fca79d18e9909e,007e00ac72ea0400dfb35b2bd407b743e37c27f854b74c9328145ca2f9d2fea1;0892b6baddee6607f0cca1158d8106f6f6a103356dbe676714779bf563e7532c;944ef5e28194b1e56bbb2f22b1f6fc45fd3e3dce5f1655f97da5a1ecd7a6ea9e,034/MLPT/PDC/V/2026;048/MLPT/PDC/VII/2026;049/MLPT/PDC/VII/2026,2026-05-21T09:43:46Z;2026-07-15T04:47:28Z;2026-07-15T08:15:43Z,IDX:82680
KSEI_REGISTERED_SECURITY,MLPT,MANDATORY_CONVERSION,2026-07-23,UNRESOLVED_KSEI_EVENT_DATE_NOT_PROVEN_MARKET_EFFECTIVE,PRICE_CONTINUITY_UNRESOLVED_EFFECTIVE_DATE,,Mandatory Conversion,https://web.ksei.co.id/services/registered-securities/shares/lc/MLPT,38992b2342ccb608a5a028202bbdda6103438e4339a700fcdd0b6b37bfaca071,,,,KSEI:MLPT:Mandatory Conversion:2026-07-23
KSEI_REGISTERED_SECURITY,RAJA,RIGHTS_HMETD,2005-07-12,UNRESOLVED_KSEI_EVENT_DATE_NOT_PROVEN_MARKET_EFFECTIVE,PRICE_CONTINUITY_UNRESOLVED_EFFECTIVE_DATE,,Right Distribution,https://web.ksei.co.id/services/registered-securities/shares/lc/RAJA,deb8aabb1977f1ff99c38ec9fd0f0d55be7025314ac01b262688193f3df6dca8,,,,KSEI:RAJA:Right Distribution:2005-07-12
KSEI_REGISTERED_SECURITY,RAJA,RIGHTS_HMETD,2012-05-11,UNRESOLVED_KSEI_EVENT_DATE_NOT_PROVEN_MARKET_EFFECTIVE,PRICE_CONTINUITY_UNRESOLVED_EFFECTIVE_DATE,,Right Distribution,https://web.ksei.co.id/services/registered-securities/shares/lc/RAJA,deb8aabb1977f1ff99c38ec9fd0f0d55be7025314ac01b262688193f3df6dca8,,,,KSEI:RAJA:Right Distribution:2012-05-11
KSEI_REGISTERED_SECURITY,RAJA,MANDATORY_CONVERSION,2016-06-10,UNRESOLVED_KSEI_EVENT_DATE_NOT_PROVEN_MARKET_EFFECTIVE,PRICE_CONTINUITY_UNRESOLVED_EFFECTIVE_DATE,,Mandatory Conversion,https://web.ksei.co.id/services/registered-securities/shares/lc/RAJA,deb8aabb1977f1ff99c38ec9fd0f0d55be7025314ac01b262688193f3df6dca8,,,,KSEI:RAJA:Mandatory Conversion:2016-06-10
IDX_GET_ISSUED_HISTORY,RAJA,STOCK_SPLIT,2026-07-16,UNRESOLVED_TANGGAL_PENCATATAN_NOT_GENERIC_EFFECTIVE_DATE,PRICE_CONTINUITY_UNRESOLVED_EFFECTIVE_DATE,82610,MULTIPLE_REVISION_CANDIDATES,IDX:GetIssuedHistory,d3a11d3e51887ebde4af5b6a2f37ab64d9ad1bfd1d70179b58fca79d18e9909e,3a9bacc2aecff8ebaf9e54fb415a5132f02fe63ae073b1014e39cc2141627f9e;40545016776284d898abb966b8e650ef2a72612fb825aa059c427ba6f45306dd;4dbe2b25812c9338175f46991df07558a87e2ea6db0639540eb0903b8be14127;b76552d0507dade0cfa2ebb5751a61f6664ded317c1e1bab468e7ad045004b92;e0bb397450c97a8a013c49c6a224d2b8b62b8d7dc1f6d9dfc3f6edbdd98ef4bc;f7b725e0cbaa2dfe6c40a0801205a6d0070ace0e87575d53c02120cf1828078a,RR/CO/10.184/VI/2026;RR/CO/11.228/VII/2026;RR/CO/13.156/V/2026;RR/CO/19.191/VI/2026;RR/CO/19A.191/VI/2026;RR/CO/19B.191/VI/2026,2026-05-12T23:38:33Z;2026-06-10T00:23:50Z;2026-06-19T16:53:28Z;2026-06-22T16:14:43Z;2026-06-23T10:04:33Z;2026-07-10T05:53:01Z,IDX:82610
KSEI_REGISTERED_SECURITY,RAJA,MANDATORY_CONVERSION,2026-07-20,UNRESOLVED_KSEI_EVENT_DATE_NOT_PROVEN_MARKET_EFFECTIVE,PRICE_CONTINUITY_UNRESOLVED_EFFECTIVE_DATE,,Mandatory Conversion,https://web.ksei.co.id/services/registered-securities/shares/lc/RAJA,deb8aabb1977f1ff99c38ec9fd0f0d55be7025314ac01b262688193f3df6dca8,,,,KSEI:RAJA:Mandatory Conversion:2026-07-20
IDX_GET_ISSUED_HISTORY,SCMA,CAPITAL_RESTRUCTURING,2026-08-10,UNRESOLVED_TANGGAL_PENCATATAN_NOT_GENERIC_EFFECTIVE_DATE,PRICE_CONTINUITY_UNRESOLVED_EFFECTIVE_DATE,82840,NO_EXACT_ANNOUNCEMENT_JOIN,IDX:GetIssuedHistory,d3a11d3e51887ebde4af5b6a2f37ab64d9ad1bfd1d70179b58fca79d18e9909e,,,,IDX:82840
KSEI_REGISTERED_SECURITY,SINI,MANDATORY_CONVERSION,2023-03-08,UNRESOLVED_KSEI_EVENT_DATE_NOT_PROVEN_MARKET_EFFECTIVE,PRICE_CONTINUITY_UNRESOLVED_EFFECTIVE_DATE,,Voluntary Conversion,https://web.ksei.co.id/services/registered-securities/shares/lc/SINI,09d1eb2375923dea99ec0764addd066af3a53885a58029d8f9cb64731c7763d2,,,,KSEI:SINI:Voluntary Conversion:2023-03-08
KSEI_REGISTERED_SECURITY,SINI,RIGHTS_HMETD,2026-07-13,UNRESOLVED_KSEI_EVENT_DATE_NOT_PROVEN_MARKET_EFFECTIVE,PRICE_CONTINUITY_UNRESOLVED_EFFECTIVE_DATE,,Right Distribution,https://web.ksei.co.id/services/registered-securities/shares/lc/SINI,09d1eb2375923dea99ec0764addd066af3a53885a58029d8f9cb64731c7763d2,,,,KSEI:SINI:Right Distribution:2026-07-13
IDX_GET_ISSUED_HISTORY,SINI,RIGHTS_HMETD,2026-07-24,UNRESOLVED_TANGGAL_PENCATATAN_NOT_GENERIC_EFFECTIVE_DATE,PRICE_CONTINUITY_UNRESOLVED_EFFECTIVE_DATE,82732,MULTIPLE_REVISION_CANDIDATES,IDX:GetIssuedHistory,d3a11d3e51887ebde4af5b6a2f37ab64d9ad1bfd1d70179b58fca79d18e9909e,278af0257156f6bcdffeb6ea5310bbd389ff43a9999b144240a9abc9e3f1e414;396fd70a9570bf21c50d70cdcda796a5b3c72187433a1ab9cee141cee7214bf0;86739f2b36fb58a806850bed0e0f55697f0c11d3d25562f28b86390fbd953370;883e5aa5430ba32e3765a39b6f83feaef106ab0851bfc35051a88dd149b8802c;bee7ce9504a4ce675bb1c0ef53deb1a354a08bd6440b932cfa6cb3fbaa905add;e5089892021e031118d5fe9365b6bcc0e575d8e8138d33480148f4d65d7125e6;e72b220b8f70ebf24e2c7548693b3dd2f77b87e57e4600f80ad964b55b92d05c;e861df5374dfa3df3d6d25773290e37c22555088933309d7784c89f196eea723;ff485cef6f64e63685a7af33a3a13bbc280ca342f1fc9b5d6dc570eec9ff2bc2,01/SP/VI/2026;04/SP/VII/2026;06/SP/VII/2026;07/SP/IV/2026;07/SP/VII/2026;09/SP/VII/2026;14/SP/V/2026;16/SP/VII/2026;18/SP/VII/2026,2026-04-16T05:54:15Z;2026-05-22T14:44:02Z;2026-06-02T16:33:10Z;2026-07-01T11:31:59Z;2026-07-01T13:06:37Z;2026-07-02T02:44:06Z;2026-07-02T06:12:40Z;2026-07-13T09:40:42Z;2026-07-13T13:22:56Z,IDX:82732
KSEI_REGISTERED_SECURITY,TRST,RIGHTS_HMETD,2003-12-02,UNRESOLVED_KSEI_EVENT_DATE_NOT_PROVEN_MARKET_EFFECTIVE,PRICE_CONTINUITY_UNRESOLVED_EFFECTIVE_DATE,,Right Distribution,https://web.ksei.co.id/services/registered-securities/shares/lc/TRST,0cf0bec99fa30cd372bbec2ecad9f4d3c80060dc0895132357b495c530a7541d,,,,KSEI:TRST:Right Distribution:2003-12-02
