date,decision_rows,h5_continuity_rows,h5_decision_rows,h5_continuity_rate,h5_continuity_gate,h10_continuity_rows,h10_decision_rows,h10_continuity_rate,h10_continuity_gate,consensus_continuity_rows,consensus_continuity_rate,consensus_continuity_gate
2023-12-28,262,0,262,0.0,False,0,262,0.0,False,0,0.0,False
2023-12-29,263,0,263,0.0,False,0,263,0.0,False,0,0.0,False
2024-01-02,265,0,265,0.0,False,0,265,0.0,False,0,0.0,False
2024-01-03,263,0,263,0.0,False,0,263,0.0,False,0,0.0,False
2024-01-04,262,0,262,0.0,False,0,262,0.0,False,0,0.0,False
2024-01-05,260,0,260,0.0,False,0,260,0.0,False,0,0.0,False
2024-01-08,262,0,262,0.0,False,0,262,0.0,False,0,0.0,False
2024-01-09,260,0,260,0.0,False,0,260,0.0,False,0,0.0,False
2024-01-10,258,0,258,0.0,False,0,258,0.0,False,0,0.0,False
2024-01-11,253,0,253,0.0,False,0,253,0.0,False,0,0.0,False
2024-01-12,251,0,251,0.0,False,0,251,0.0,False,0,0.0,False
2024-01-15,250,0,250,0.0,False,0,250,0.0,False,0,0.0,False
2024-01-16,251,0,251,0.0,False,0,251,0.0,False,0,0.0,False
2024-01-17,251,0,251,0.0,False,0,251,0.0,False,0,0.0,False
2024-01-18,251,0,251,0.0,False,0,251,0.0,False,0,0.0,False
2024-01-19,249,0,249,0.0,False,0,249,0.0,False,0,0.0,False
2024-01-22,247,0,247,0.0,False,0,247,0.0,False,0,0.0,False
2024-01-23,247,0,247,0.0,False,0,247,0.0,False,0,0.0,False
2024-01-24,246,0,246,0.0,False,0,246,0.0,False,0,0.0,False
2024-01-25,246,0,246,0.0,False,0,246,0.0,False,0,0.0,False
2024-01-26,246,0,246,0.0,False,0,246,0.0,False,0,0.0,False
2024-01-29,243,0,243,0.0,False,0,243,0.0,False,0,0.0,False
2024-01-30,243,0,243,0.0,False,0,243,0.0,False,0,0.0,False
2024-01-31,242,0,242,0.0,False,0,242,0.0,False,0,0.0,False
2024-02-01,241,0,241,0.0,False,0,241,0.0,False,0,0.0,False
2024-02-02,243,0,243,0.0,False,0,243,0.0,False,0,0.0,False
2024-02-05,241,0,241,0.0,False,0,241,0.0,False,0,0.0,False
2024-02-06,242,0,242,0.0,False,0,242,0.0,False,0,0.0,False
2024-02-07,246,0,246,0.0,False,0,246,0.0,False,0,0.0,False
2024-02-12,242,0,242,0.0,False,0,242,0.0,False,0,0.0,False
2024-02-13,244,0,244,0.0,False,0,244,0.0,False,0,0.0,False
2024-02-15,244,0,244,0.0,False,0,244,0.0,False,0,0.0,False
2024-02-16,243,0,243,0.0,False,0,243,0.0,False,0,0.0,False
2024-02-19,244,0,244,0.0,False,0,244,0.0,False,0,0.0,False
2024-02-20,244,0,244,0.0,False,0,244,0.0,False,0,0.0,False
2024-02-21,245,0,245,0.0,False,0,245,0.0,False,0,0.0,False
2024-02-22,243,0,243,0.0,False,0,243,0.0,False,0,0.0,False
2024-02-23,239,0,239,0.0,False,0,239,0.0,False,0,0.0,False
2024-02-26,236,0,236,0.0,False,0,236,0.0,False,0,0.0,False
2024-02-27,236,0,236,0.0,False,0,236,0.0,False,0,0.0,False
2024-02-28,236,0,236,0.0,False,0,236,0.0,False,0,0.0,False
2024-02-29,237,0,237,0.0,False,0,237,0.0,False,0,0.0,False
2024-03-01,232,0,232,0.0,False,0,232,0.0,False,0,0.0,False
2024-03-04,235,0,235,0.0,False,0,235,0.0,False,0,0.0,False
2024-03-05,236,0,236,0.0,False,0,236,0.0,False,0,0.0,False
2024-03-06,236,0,236,0.0,False,0,236,0.0,False,0,0.0,False
2024-03-07,237,0,237,0.0,False,0,237,0.0,False,0,0.0,False
2024-03-08,238,0,238,0.0,False,0,238,0.0,False,0,0.0,False
2024-03-13,241,0,241,0.0,False,0,241,0.0,False,0,0.0,False
2024-03-14,243,0,243,0.0,False,0,243,0.0,False,0,0.0,False
2024-03-15,240,0,240,0.0,False,0,240,0.0,False,0,0.0,False
2024-03-18,243,0,243,0.0,False,0,243,0.0,False,0,0.0,False
2024-03-19,243,0,243,0.0,False,0,243,0.0,False,0,0.0,False
2024-03-20,242,0,242,0.0,False,0,242,0.0,False,0,0.0,False
2024-03-21,242,0,242,0.0,False,0,242,0.0,False,0,0.0,False
2024-03-22,242,0,242,0.0,False,0,242,0.0,False,0,0.0,False
2024-03-25,243,0,243,0.0,False,0,243,0.0,False,0,0.0,False
2024-03-26,244,0,244,0.0,False,0,244,0.0,False,0,0.0,False
2024-03-27,245,0,245,0.0,False,0,245,0.0,False,0,0.0,False
2024-03-28,244,0,244,0.0,False,0,244,0.0,False,0,0.0,False
2024-04-01,250,0,250,0.0,False,0,250,0.0,False,0,0.0,False
2024-04-02,250,0,250,0.0,False,0,250,0.0,False,0,0.0,False
2024-04-03,251,0,251,0.0,False,0,251,0.0,False,0,0.0,False
2024-04-04,250,0,250,0.0,False,0,250,0.0,False,0,0.0,False
2024-04-05,250,0,250,0.0,False,0,250,0.0,False,0,0.0,False
2024-04-16,250,0,250,0.0,False,0,250,0.0,False,0,0.0,False
2024-04-17,249,0,249,0.0,False,0,249,0.0,False,0,0.0,False
2024-04-18,247,0,247,0.0,False,0,247,0.0,False,0,0.0,False
2024-04-19,246,0,246,0.0,False,0,246,0.0,False,0,0.0,False
2024-04-22,246,0,246,0.0,False,0,246,0.0,False,0,0.0,False
2024-04-23,245,0,245,0.0,False,0,245,0.0,False,0,0.0,False
2024-04-24,245,0,245,0.0,False,0,245,0.0,False,0,0.0,False
2024-04-25,246,0,246,0.0,False,0,246,0.0,False,0,0.0,False
2024-04-26,246,0,246,0.0,False,0,246,0.0,False,0,0.0,False
2024-04-29,246,0,246,0.0,False,0,246,0.0,False,0,0.0,False
2024-04-30,245,0,245,0.0,False,0,245,0.0,False,0,0.0,False
2024-05-02,242,0,242,0.0,False,0,242,0.0,False,0,0.0,False
2024-05-03,240,0,240,0.0,False,0,240,0.0,False,0,0.0,False
2024-05-06,240,0,240,0.0,False,0,240,0.0,False,0,0.0,False
2024-05-07,242,0,242,0.0,False,0,242,0.0,False,0,0.0,False
2024-05-08,242,0,242,0.0,False,0,242,0.0,False,0,0.0,False
2024-05-13,243,0,243,0.0,False,0,243,0.0,False,0,0.0,False
2024-05-14,243,0,243,0.0,False,0,243,0.0,False,0,0.0,False
2024-05-15,242,0,242,0.0,False,0,242,0.0,False,0,0.0,False
2024-05-16,246,0,246,0.0,False,0,246,0.0,False,0,0.0,False
2024-05-17,246,0,246,0.0,False,0,246,0.0,False,0,0.0,False
2024-05-20,245,0,245,0.0,False,0,245,0.0,False,0,0.0,False
2024-05-21,243,0,243,0.0,False,0,243,0.0,False,0,0.0,False
2024-05-22,243,0,243,0.0,False,0,243,0.0,False,0,0.0,False
2024-05-27,243,0,243,0.0,False,0,243,0.0,False,0,0.0,False
2024-05-28,242,0,242,0.0,False,0,242,0.0,False,0,0.0,False
2024-05-29,243,0,243,0.0,False,0,243,0.0,False,0,0.0,False
2024-05-30,242,0,242,0.0,False,0,242,0.0,False,0,0.0,False
2024-05-31,242,0,242,0.0,False,0,242,0.0,False,0,0.0,False
2024-06-03,243,0,243,0.0,False,0,243,0.0,False,0,0.0,False
2024-06-04,240,0,240,0.0,False,0,240,0.0,False,0,0.0,False
2024-06-05,238,0,238,0.0,False,0,238,0.0,False,0,0.0,False
2024-06-06,238,0,238,0.0,False,0,238,0.0,False,0,0.0,False
2024-06-07,237,0,237,0.0,False,0,237,0.0,False,0,0.0,False
2024-06-10,238,0,238,0.0,False,0,238,0.0,False,0,0.0,False
2024-06-11,238,0,238,0.0,False,0,238,0.0,False,0,0.0,False
2024-06-12,237,0,237,0.0,False,0,237,0.0,False,0,0.0,False
2024-06-13,237,0,237,0.0,False,0,237,0.0,False,0,0.0,False
2024-06-14,238,0,238,0.0,False,0,238,0.0,False,0,0.0,False
2024-06-19,236,0,236,0.0,False,0,236,0.0,False,0,0.0,False
2024-06-20,236,0,236,0.0,False,0,236,0.0,False,0,0.0,False
2024-06-21,237,0,237,0.0,False,0,237,0.0,False,0,0.0,False
2024-06-24,237,0,237,0.0,False,0,237,0.0,False,0,0.0,False
2024-06-25,237,0,237,0.0,False,0,237,0.0,False,0,0.0,False
2024-06-26,236,0,236,0.0,False,0,236,0.0,False,0,0.0,False
2024-06-27,238,0,238,0.0,False,0,238,0.0,False,0,0.0,False
2024-06-28,239,0,239,0.0,False,0,239,0.0,False,0,0.0,False
2024-07-01,239,0,239,0.0,False,0,239,0.0,False,0,0.0,False
2024-07-02,241,0,241,0.0,False,0,241,0.0,False,0,0.0,False
2024-07-03,241,0,241,0.0,False,0,241,0.0,False,0,0.0,False
2024-07-04,241,0,241,0.0,False,0,241,0.0,False,0,0.0,False
2024-07-05,242,0,242,0.0,False,0,242,0.0,False,0,0.0,False
2024-07-08,242,0,242,0.0,False,0,242,0.0,False,0,0.0,False
2024-07-09,242,0,242,0.0,False,0,242,0.0,False,0,0.0,False
2024-07-10,242,0,242,0.0,False,0,242,0.0,False,0,0.0,False
2024-07-11,241,0,241,0.0,False,0,241,0.0,False,0,0.0,False
2024-07-12,241,0,241,0.0,False,0,241,0.0,False,0,0.0,False
2024-07-15,241,0,241,0.0,False,0,241,0.0,False,0,0.0,False
2024-07-16,241,0,241,0.0,False,0,241,0.0,False,0,0.0,False
2024-07-17,239,0,239,0.0,False,0,239,0.0,False,0,0.0,False
2024-07-18,240,0,240,0.0,False,0,240,0.0,False,0,0.0,False
2024-07-19,240,0,240,0.0,False,0,240,0.0,False,0,0.0,False
2024-07-22,236,0,236,0.0,False,0,236,0.0,False,0,0.0,False
2024-07-23,236,0,236,0.0,False,0,236,0.0,False,0,0.0,False
2024-07-24,236,0,236,0.0,False,0,236,0.0,False,0,0.0,False
2024-07-25,237,0,237,0.0,False,0,237,0.0,False,0,0.0,False
2024-07-26,238,0,238,0.0,False,0,238,0.0,False,0,0.0,False
2024-07-29,239,0,239,0.0,False,0,239,0.0,False,0,0.0,False
2024-07-30,239,0,239,0.0,False,0,239,0.0,False,0,0.0,False
2024-07-31,242,0,242,0.0,False,0,242,0.0,False,0,0.0,False
2024-08-01,239,0,239,0.0,False,0,239,0.0,False,0,0.0,False
2024-08-02,239,0,239,0.0,False,0,239,0.0,False,0,0.0,False
2024-08-05,241,0,241,0.0,False,0,241,0.0,False,0,0.0,False
2024-08-06,241,0,241,0.0,False,0,241,0.0,False,0,0.0,False
2024-08-07,241,0,241,0.0,False,0,241,0.0,False,0,0.0,False
2024-08-08,242,0,242,0.0,False,0,242,0.0,False,0,0.0,False
2024-08-09,242,0,242,0.0,False,0,242,0.0,False,0,0.0,False
2024-08-12,244,0,244,0.0,False,0,244,0.0,False,0,0.0,False
2024-08-13,244,0,244,0.0,False,0,244,0.0,False,0,0.0,False
2024-08-14,243,0,243,0.0,False,0,243,0.0,False,0,0.0,False
2024-08-15,245,0,245,0.0,False,0,245,0.0,False,0,0.0,False
2024-08-16,246,0,246,0.0,False,0,246,0.0,False,0,0.0,False
2024-08-19,246,0,246,0.0,False,0,246,0.0,False,0,0.0,False
2024-08-20,245,0,245,0.0,False,0,245,0.0,False,0,0.0,False
2024-08-21,244,0,244,0.0,False,0,244,0.0,False,0,0.0,False
2024-08-22,244,0,244,0.0,False,0,244,0.0,False,0,0.0,False
2024-08-23,242,0,242,0.0,False,0,242,0.0,False,0,0.0,False
2024-08-26,243,0,243,0.0,False,0,243,0.0,False,0,0.0,False
2024-08-27,242,0,242,0.0,False,0,242,0.0,False,0,0.0,False
2024-08-28,242,0,242,0.0,False,0,242,0.0,False,0,0.0,False
2024-08-29,243,0,243,0.0,False,0,243,0.0,False,0,0.0,False
2024-08-30,242,0,242,0.0,False,0,242,0.0,False,0,0.0,False
2024-09-02,245,0,245,0.0,False,0,245,0.0,False,0,0.0,False
2024-09-03,247,0,247,0.0,False,0,247,0.0,False,0,0.0,False
2024-09-04,248,0,248,0.0,False,0,248,0.0,False,0,0.0,False
2024-09-05,247,0,247,0.0,False,0,247,0.0,False,0,0.0,False
2024-09-06,242,0,242,0.0,False,0,242,0.0,False,0,0.0,False
2024-09-09,243,0,243,0.0,False,0,243,0.0,False,0,0.0,False
2024-09-10,244,0,244,0.0,False,0,244,0.0,False,0,0.0,False
2024-09-11,245,0,245,0.0,False,0,245,0.0,False,0,0.0,False
2024-09-12,246,0,246,0.0,False,0,246,0.0,False,0,0.0,False
2024-09-13,246,0,246,0.0,False,0,246,0.0,False,0,0.0,False
2024-09-17,248,0,248,0.0,False,0,248,0.0,False,0,0.0,False
2024-09-18,245,0,245,0.0,False,0,245,0.0,False,0,0.0,False
2024-09-19,246,0,246,0.0,False,0,246,0.0,False,0,0.0,False
2024-09-20,246,0,246,0.0,False,0,246,0.0,False,0,0.0,False
2024-09-23,246,0,246,0.0,False,0,246,0.0,False,0,0.0,False
2024-09-24,247,0,247,0.0,False,0,247,0.0,False,0,0.0,False
2024-09-25,246,0,246,0.0,False,0,246,0.0,False,0,0.0,False
2024-09-26,248,0,248,0.0,False,0,248,0.0,False,0,0.0,False
2024-09-27,247,0,247,0.0,False,0,247,0.0,False,0,0.0,False
2024-09-30,248,0,248,0.0,False,0,248,0.0,False,0,0.0,False
2024-10-01,248,0,248,0.0,False,0,248,0.0,False,0,0.0,False
2024-10-02,248,0,248,0.0,False,0,248,0.0,False,0,0.0,False
2024-10-03,247,0,247,0.0,False,0,247,0.0,False,0,0.0,False
2024-10-04,249,0,249,0.0,False,0,249,0.0,False,0,0.0,False
2024-10-07,248,0,248,0.0,False,0,248,0.0,False,0,0.0,False
2024-10-08,246,0,246,0.0,False,0,246,0.0,False,0,0.0,False
2024-10-09,247,0,247,0.0,False,0,247,0.0,False,0,0.0,False
2024-10-10,249,0,249,0.0,False,0,249,0.0,False,0,0.0,False
2024-10-11,249,0,249,0.0,False,0,249,0.0,False,0,0.0,False
2024-10-14,249,0,249,0.0,False,0,249,0.0,False,0,0.0,False
2024-10-15,249,0,249,0.0,False,0,249,0.0,False,0,0.0,False
2024-10-16,249,0,249,0.0,False,0,249,0.0,False,0,0.0,False
2024-10-17,249,0,249,0.0,False,0,249,0.0,False,0,0.0,False
2024-10-18,251,0,251,0.0,False,0,251,0.0,False,0,0.0,False
2024-10-21,250,0,250,0.0,False,0,250,0.0,False,0,0.0,False
2024-10-22,250,0,250,0.0,False,0,250,0.0,False,0,0.0,False
2024-10-23,252,0,252,0.0,False,0,252,0.0,False,0,0.0,False
2024-10-24,251,0,251,0.0,False,0,251,0.0,False,0,0.0,False
2024-10-25,251,0,251,0.0,False,0,251,0.0,False,0,0.0,False
2024-10-28,252,0,252,0.0,False,0,252,0.0,False,0,0.0,False
2024-10-29,254,0,254,0.0,False,0,254,0.0,False,0,0.0,False
2024-10-30,254,0,254,0.0,False,0,254,0.0,False,0,0.0,False
2024-10-31,256,0,256,0.0,False,0,256,0.0,False,0,0.0,False
2024-11-01,257,0,257,0.0,False,0,257,0.0,False,0,0.0,False
2024-11-04,259,0,259,0.0,False,0,259,0.0,False,0,0.0,False
2024-11-05,261,0,261,0.0,False,0,261,0.0,False,0,0.0,False
2024-11-06,262,0,262,0.0,False,0,262,0.0,False,0,0.0,False
2024-11-07,263,0,263,0.0,False,0,263,0.0,False,0,0.0,False
2024-11-08,264,0,264,0.0,False,0,264,0.0,False,0,0.0,False
2024-11-11,264,0,264,0.0,False,0,264,0.0,False,0,0.0,False
2024-11-12,264,0,264,0.0,False,0,264,0.0,False,0,0.0,False
2024-11-13,261,0,261,0.0,False,0,261,0.0,False,0,0.0,False
2024-11-14,260,0,260,0.0,False,0,260,0.0,False,0,0.0,False
2024-11-15,257,0,257,0.0,False,0,257,0.0,False,0,0.0,False
2024-11-18,257,0,257,0.0,False,0,257,0.0,False,0,0.0,False
2024-11-19,258,0,258,0.0,False,0,258,0.0,False,0,0.0,False
2024-11-20,255,0,255,0.0,False,0,255,0.0,False,0,0.0,False
2024-11-21,256,0,256,0.0,False,0,256,0.0,False,0,0.0,False
2024-11-22,252,0,252,0.0,False,0,252,0.0,False,0,0.0,False
2024-11-25,252,0,252,0.0,False,0,252,0.0,False,0,0.0,False
2024-11-26,252,0,252,0.0,False,0,252,0.0,False,0,0.0,False
2024-11-28,252,0,252,0.0,False,0,252,0.0,False,0,0.0,False
2024-11-29,252,0,252,0.0,False,0,252,0.0,False,0,0.0,False
2024-12-02,251,0,251,0.0,False,0,251,0.0,False,0,0.0,False
2024-12-03,249,0,249,0.0,False,0,249,0.0,False,0,0.0,False
2024-12-04,252,0,252,0.0,False,0,252,0.0,False,0,0.0,False
2024-12-05,252,0,252,0.0,False,0,252,0.0,False,0,0.0,False
2024-12-06,251,0,251,0.0,False,0,251,0.0,False,0,0.0,False
2024-12-09,250,0,250,0.0,False,0,250,0.0,False,0,0.0,False
2024-12-10,252,0,252,0.0,False,0,252,0.0,False,0,0.0,False
2024-12-11,255,0,255,0.0,False,0,255,0.0,False,0,0.0,False
2024-12-12,257,0,257,0.0,False,0,257,0.0,False,0,0.0,False
2024-12-13,256,0,256,0.0,False,0,256,0.0,False,0,0.0,False
2024-12-16,256,0,256,0.0,False,0,256,0.0,False,0,0.0,False
2024-12-17,254,0,254,0.0,False,0,254,0.0,False,0,0.0,False
2024-12-18,255,0,255,0.0,False,0,255,0.0,False,0,0.0,False
2024-12-19,254,0,254,0.0,False,0,254,0.0,False,0,0.0,False
2024-12-20,253,0,253,0.0,False,0,253,0.0,False,0,0.0,False
2024-12-23,249,0,249,0.0,False,0,249,0.0,False,0,0.0,False
2024-12-24,252,0,252,0.0,False,0,252,0.0,False,0,0.0,False
2024-12-27,251,0,251,0.0,False,0,251,0.0,False,0,0.0,False
2024-12-30,248,0,248,0.0,False,0,248,0.0,False,0,0.0,False
2025-01-02,250,0,250,0.0,False,0,250,0.0,False,0,0.0,False
2025-01-03,250,0,250,0.0,False,0,250,0.0,False,0,0.0,False
2025-01-06,248,0,248,0.0,False,0,248,0.0,False,0,0.0,False
2025-01-07,250,0,250,0.0,False,0,250,0.0,False,0,0.0,False
2025-01-08,250,0,250,0.0,False,0,250,0.0,False,0,0.0,False
2025-01-09,246,0,246,0.0,False,0,246,0.0,False,0,0.0,False
2025-01-10,244,0,244,0.0,False,0,244,0.0,False,0,0.0,False
2025-01-13,242,0,242,0.0,False,0,242,0.0,False,0,0.0,False
2025-01-14,240,0,240,0.0,False,0,240,0.0,False,0,0.0,False
2025-01-15,240,0,240,0.0,False,0,240,0.0,False,0,0.0,False
2025-01-16,240,0,240,0.0,False,0,240,0.0,False,0,0.0,False
2025-01-17,239,0,239,0.0,False,0,239,0.0,False,0,0.0,False
2025-01-20,238,0,238,0.0,False,0,238,0.0,False,0,0.0,False
2025-01-21,240,0,240,0.0,False,0,240,0.0,False,0,0.0,False
2025-01-22,240,0,240,0.0,False,0,240,0.0,False,0,0.0,False
2025-01-23,240,0,240,0.0,False,0,240,0.0,False,0,0.0,False
2025-01-24,240,0,240,0.0,False,0,240,0.0,False,0,0.0,False
2025-01-30,240,0,240,0.0,False,0,240,0.0,False,0,0.0,False
2025-01-31,235,0,235,0.0,False,0,235,0.0,False,0,0.0,False
2025-02-03,236,0,236,0.0,False,0,236,0.0,False,0,0.0,False
2025-02-04,230,0,230,0.0,False,0,230,0.0,False,0,0.0,False
2025-02-05,229,0,229,0.0,False,0,229,0.0,False,0,0.0,False
2025-02-06,231,0,231,0.0,False,0,231,0.0,False,0,0.0,False
2025-02-07,234,0,234,0.0,False,0,234,0.0,False,0,0.0,False
2025-02-10,235,0,235,0.0,False,0,235,0.0,False,0,0.0,False
2025-02-11,236,0,236,0.0,False,0,236,0.0,False,0,0.0,False
2025-02-12,235,0,235,0.0,False,0,235,0.0,False,0,0.0,False
2025-02-13,238,0,238,0.0,False,0,238,0.0,False,0,0.0,False
2025-02-14,237,0,237,0.0,False,0,237,0.0,False,0,0.0,False
2025-02-17,232,0,232,0.0,False,0,232,0.0,False,0,0.0,False
2025-02-18,234,0,234,0.0,False,0,234,0.0,False,0,0.0,False
2025-02-19,234,0,234,0.0,False,0,234,0.0,False,0,0.0,False
2025-02-20,234,0,234,0.0,False,0,234,0.0,False,0,0.0,False
2025-02-21,233,0,233,0.0,False,0,233,0.0,False,0,0.0,False
2025-02-24,233,0,233,0.0,False,0,233,0.0,False,0,0.0,False
2025-02-25,230,0,230,0.0,False,0,230,0.0,False,0,0.0,False
2025-02-26,232,0,232,0.0,False,0,232,0.0,False,0,0.0,False
2025-02-27,230,0,230,0.0,False,0,230,0.0,False,0,0.0,False
2025-02-28,231,0,231,0.0,False,0,231,0.0,False,0,0.0,False
2025-03-03,234,0,234,0.0,False,0,234,0.0,False,0,0.0,False
2025-03-04,233,0,233,0.0,False,0,233,0.0,False,0,0.0,False
2025-03-05,236,0,236,0.0,False,0,236,0.0,False,0,0.0,False
2025-03-06,236,0,236,0.0,False,0,236,0.0,False,0,0.0,False
2025-03-07,236,0,236,0.0,False,0,236,0.0,False,0,0.0,False
2025-03-10,234,0,234,0.0,False,0,234,0.0,False,0,0.0,False
2025-03-11,235,0,235,0.0,False,0,235,0.0,False,0,0.0,False
2025-03-12,235,0,235,0.0,False,0,235,0.0,False,0,0.0,False
2025-03-13,235,0,235,0.0,False,0,235,0.0,False,0,0.0,False
2025-03-14,234,0,234,0.0,False,0,234,0.0,False,0,0.0,False
2025-03-17,234,0,234,0.0,False,0,234,0.0,False,0,0.0,False
2025-03-18,234,0,234,0.0,False,0,234,0.0,False,0,0.0,False
2025-03-19,234,0,234,0.0,False,0,234,0.0,False,0,0.0,False
2025-03-20,234,0,234,0.0,False,0,234,0.0,False,0,0.0,False
2025-03-21,233,0,233,0.0,False,0,233,0.0,False,0,0.0,False
2025-03-24,231,0,231,0.0,False,0,231,0.0,False,0,0.0,False
2025-03-25,234,0,234,0.0,False,0,234,0.0,False,0,0.0,False
2025-03-26,232,0,232,0.0,False,0,232,0.0,False,0,0.0,False
2025-03-27,232,0,232,0.0,False,0,232,0.0,False,0,0.0,False
2025-04-08,229,0,229,0.0,False,0,229,0.0,False,0,0.0,False
2025-04-09,228,0,228,0.0,False,0,228,0.0,False,0,0.0,False
2025-04-10,228,0,228,0.0,False,0,228,0.0,False,0,0.0,False
2025-04-11,229,0,229,0.0,False,0,229,0.0,False,0,0.0,False
2025-04-14,229,0,229,0.0,False,0,229,0.0,False,0,0.0,False
2025-04-15,230,0,230,0.0,False,0,230,0.0,False,0,0.0,False
2025-04-16,231,0,231,0.0,False,0,231,0.0,False,0,0.0,False
2025-04-17,229,0,229,0.0,False,0,229,0.0,False,0,0.0,False
2025-04-21,228,0,228,0.0,False,0,228,0.0,False,0,0.0,False
2025-04-22,228,0,228,0.0,False,0,228,0.0,False,0,0.0,False
2025-04-23,226,0,226,0.0,False,0,226,0.0,False,0,0.0,False
2025-04-24,226,0,226,0.0,False,0,226,0.0,False,0,0.0,False
2025-04-25,227,0,227,0.0,False,0,227,0.0,False,0,0.0,False
2025-04-28,225,0,225,0.0,False,0,225,0.0,False,0,0.0,False
2025-04-29,224,0,224,0.0,False,0,224,0.0,False,0,0.0,False
2025-04-30,222,0,222,0.0,False,0,222,0.0,False,0,0.0,False
2025-05-02,226,0,226,0.0,False,0,226,0.0,False,0,0.0,False
2025-05-05,225,0,225,0.0,False,0,225,0.0,False,0,0.0,False
2025-05-06,226,0,226,0.0,False,0,226,0.0,False,0,0.0,False
2025-05-07,225,0,225,0.0,False,0,225,0.0,False,0,0.0,False
2025-05-08,226,0,226,0.0,False,0,226,0.0,False,0,0.0,False
2025-05-09,224,0,224,0.0,False,0,224,0.0,False,0,0.0,False
2025-05-14,223,0,223,0.0,False,0,223,0.0,False,0,0.0,False
2025-05-15,227,0,227,0.0,False,0,227,0.0,False,0,0.0,False
2025-05-16,227,0,227,0.0,False,0,227,0.0,False,0,0.0,False
2025-05-19,228,0,228,0.0,False,0,228,0.0,False,0,0.0,False
2025-05-20,227,0,227,0.0,False,0,227,0.0,False,0,0.0,False
2025-05-21,228,0,228,0.0,False,0,228,0.0,False,0,0.0,False
2025-05-22,229,0,229,0.0,False,0,229,0.0,False,0,0.0,False
2025-05-23,229,0,229,0.0,False,0,229,0.0,False,0,0.0,False
2025-05-26,230,0,230,0.0,False,0,230,0.0,False,0,0.0,False
2025-05-27,233,0,233,0.0,False,0,233,0.0,False,0,0.0,False
2025-05-28,235,0,235,0.0,False,0,235,0.0,False,0,0.0,False
2025-06-02,236,0,236,0.0,False,0,236,0.0,False,0,0.0,False
2025-06-03,235,0,235,0.0,False,0,235,0.0,False,0,0.0,False
2025-06-04,235,0,235,0.0,False,0,235,0.0,False,0,0.0,False
2025-06-05,237,0,237,0.0,False,0,237,0.0,False,0,0.0,False
2025-06-10,238,0,238,0.0,False,0,238,0.0,False,0,0.0,False
2025-06-11,238,0,238,0.0,False,0,238,0.0,False,0,0.0,False
2025-06-12,238,0,238,0.0,False,0,238,0.0,False,0,0.0,False
2025-06-13,241,0,241,0.0,False,0,241,0.0,False,0,0.0,False
2025-06-16,241,0,241,0.0,False,0,241,0.0,False,0,0.0,False
2025-06-17,240,0,240,0.0,False,0,240,0.0,False,0,0.0,False
2025-06-18,239,0,239,0.0,False,0,239,0.0,False,0,0.0,False
2025-06-19,240,0,240,0.0,False,0,240,0.0,False,0,0.0,False
2025-06-20,239,0,239,0.0,False,0,239,0.0,False,0,0.0,False
2025-06-23,239,0,239,0.0,False,0,239,0.0,False,0,0.0,False
2025-06-24,241,0,241,0.0,False,0,241,0.0,False,0,0.0,False
2025-06-25,243,0,243,0.0,False,0,243,0.0,False,0,0.0,False
2025-06-26,244,0,244,0.0,False,0,244,0.0,False,0,0.0,False
2025-06-30,244,0,244,0.0,False,0,244,0.0,False,0,0.0,False
2025-07-01,242,0,242,0.0,False,0,242,0.0,False,0,0.0,False
2025-07-02,241,0,241,0.0,False,0,241,0.0,False,0,0.0,False
2025-07-03,242,0,242,0.0,False,0,242,0.0,False,0,0.0,False
2025-07-04,244,0,244,0.0,False,0,244,0.0,False,0,0.0,False
2025-07-07,242,0,242,0.0,False,0,242,0.0,False,0,0.0,False
2025-07-08,242,0,242,0.0,False,0,242,0.0,False,0,0.0,False
2025-07-09,241,0,241,0.0,False,0,241,0.0,False,0,0.0,False
2025-07-10,242,0,242,0.0,False,0,242,0.0,False,0,0.0,False
2025-07-11,242,0,242,0.0,False,0,242,0.0,False,0,0.0,False
2025-07-14,242,0,242,0.0,False,0,242,0.0,False,0,0.0,False
2025-07-15,244,0,244,0.0,False,0,244,0.0,False,0,0.0,False
2025-07-16,245,0,245,0.0,False,0,245,0.0,False,0,0.0,False
2025-07-17,247,0,247,0.0,False,0,247,0.0,False,0,0.0,False
2025-07-18,248,0,248,0.0,False,0,248,0.0,False,0,0.0,False
2025-07-21,250,0,250,0.0,False,0,250,0.0,False,0,0.0,False
2025-07-22,250,0,250,0.0,False,0,250,0.0,False,0,0.0,False
2025-07-23,250,0,250,0.0,False,0,250,0.0,False,0,0.0,False
2025-07-24,249,0,249,0.0,False,0,249,0.0,False,0,0.0,False
2025-07-25,251,0,251,0.0,False,0,251,0.0,False,0,0.0,False
2025-07-28,252,0,252,0.0,False,0,252,0.0,False,0,0.0,False
2025-07-29,255,0,255,0.0,False,0,255,0.0,False,0,0.0,False
2025-07-30,256,0,256,0.0,False,0,256,0.0,False,0,0.0,False
2025-07-31,256,0,256,0.0,False,0,256,0.0,False,0,0.0,False
2025-08-01,256,0,256,0.0,False,0,256,0.0,False,0,0.0,False
2025-08-04,258,0,258,0.0,False,0,258,0.0,False,0,0.0,False
2025-08-05,259,0,259,0.0,False,0,259,0.0,False,0,0.0,False
2025-08-06,261,0,261,0.0,False,0,261,0.0,False,0,0.0,False
2025-08-07,262,0,262,0.0,False,0,262,0.0,False,0,0.0,False
2025-08-08,267,0,267,0.0,False,0,267,0.0,False,0,0.0,False
2025-08-11,266,0,266,0.0,False,0,266,0.0,False,0,0.0,False
2025-08-12,266,0,266,0.0,False,0,266,0.0,False,0,0.0,False
2025-08-13,267,0,267,0.0,False,0,267,0.0,False,0,0.0,False
2025-08-14,266,0,266,0.0,False,0,266,0.0,False,0,0.0,False
2025-08-15,268,0,268,0.0,False,0,268,0.0,False,0,0.0,False
2025-08-19,267,0,267,0.0,False,0,267,0.0,False,0,0.0,False
2025-08-20,268,0,268,0.0,False,0,268,0.0,False,0,0.0,False
2025-08-21,266,0,266,0.0,False,0,266,0.0,False,0,0.0,False
2025-08-22,268,0,268,0.0,False,0,268,0.0,False,0,0.0,False
2025-08-25,269,0,269,0.0,False,0,269,0.0,False,0,0.0,False
2025-08-26,269,0,269,0.0,False,0,269,0.0,False,0,0.0,False
2025-08-27,273,0,273,0.0,False,0,273,0.0,False,0,0.0,False
2025-08-28,273,0,273,0.0,False,0,273,0.0,False,0,0.0,False
2025-08-29,271,0,271,0.0,False,0,271,0.0,False,0,0.0,False
2025-09-01,275,0,275,0.0,False,0,275,0.0,False,0,0.0,False
2025-09-02,276,0,276,0.0,False,0,276,0.0,False,0,0.0,False
2025-09-03,278,0,278,0.0,False,0,278,0.0,False,0,0.0,False
2025-09-04,279,0,279,0.0,False,0,279,0.0,False,0,0.0,False
2025-09-08,281,0,281,0.0,False,0,281,0.0,False,0,0.0,False
2025-09-09,282,0,282,0.0,False,0,282,0.0,False,0,0.0,False
2025-09-10,283,0,283,0.0,False,0,283,0.0,False,0,0.0,False
2025-09-11,287,0,287,0.0,False,0,287,0.0,False,0,0.0,False
2025-09-12,289,0,289,0.0,False,0,289,0.0,False,0,0.0,False
2025-09-15,289,0,289,0.0,False,0,289,0.0,False,0,0.0,False
2025-09-16,293,0,293,0.0,False,0,293,0.0,False,0,0.0,False
2025-09-17,293,0,293,0.0,False,0,293,0.0,False,0,0.0,False
2025-09-18,298,0,298,0.0,False,0,298,0.0,False,0,0.0,False
2025-09-19,298,0,298,0.0,False,0,298,0.0,False,0,0.0,False
2025-09-22,299,0,299,0.0,False,0,299,0.0,False,0,0.0,False
2025-09-23,304,0,304,0.0,False,0,304,0.0,False,0,0.0,False
2025-09-24,306,0,306,0.0,False,0,306,0.0,False,0,0.0,False
2025-09-25,311,0,311,0.0,False,0,311,0.0,False,0,0.0,False
2025-09-26,311,0,311,0.0,False,0,311,0.0,False,0,0.0,False
2025-09-29,316,0,316,0.0,False,0,316,0.0,False,0,0.0,False
2025-09-30,316,0,316,0.0,False,0,316,0.0,False,0,0.0,False
2025-10-01,323,0,323,0.0,False,0,323,0.0,False,0,0.0,False
2025-10-02,330,0,330,0.0,False,0,330,0.0,False,0,0.0,False
2025-10-03,334,0,334,0.0,False,0,334,0.0,False,0,0.0,False
2025-10-06,332,0,332,0.0,False,0,332,0.0,False,0,0.0,False
2025-10-07,340,0,340,0.0,False,0,340,0.0,False,0,0.0,False
2025-10-08,343,0,343,0.0,False,0,343,0.0,False,0,0.0,False
2025-10-09,348,0,348,0.0,False,0,348,0.0,False,0,0.0,False
2025-10-10,349,0,349,0.0,False,0,349,0.0,False,0,0.0,False
2025-10-13,356,0,356,0.0,False,0,356,0.0,False,0,0.0,False
2025-10-14,361,0,361,0.0,False,0,361,0.0,False,0,0.0,False
2025-10-15,361,0,361,0.0,False,0,361,0.0,False,0,0.0,False
2025-10-16,365,0,365,0.0,False,0,365,0.0,False,0,0.0,False
2025-10-17,367,0,367,0.0,False,0,367,0.0,False,0,0.0,False
2025-10-20,370,0,370,0.0,False,0,370,0.0,False,0,0.0,False
2025-10-21,375,0,375,0.0,False,0,375,0.0,False,0,0.0,False
2025-10-22,376,0,376,0.0,False,0,376,0.0,False,0,0.0,False
2025-10-23,376,0,376,0.0,False,0,376,0.0,False,0,0.0,False
2025-10-24,379,0,379,0.0,False,0,379,0.0,False,0,0.0,False
2025-10-27,381,0,381,0.0,False,0,381,0.0,False,0,0.0,False
2025-10-28,379,0,379,0.0,False,0,379,0.0,False,0,0.0,False
2025-10-29,382,0,382,0.0,False,0,382,0.0,False,0,0.0,False
2025-10-30,388,0,388,0.0,False,0,388,0.0,False,0,0.0,False
2025-10-31,388,0,388,0.0,False,0,388,0.0,False,0,0.0,False
2025-11-03,391,0,391,0.0,False,0,391,0.0,False,0,0.0,False
2025-11-04,394,0,394,0.0,False,0,394,0.0,False,0,0.0,False
2025-11-05,394,0,394,0.0,False,0,394,0.0,False,0,0.0,False
2025-11-06,390,0,390,0.0,False,0,390,0.0,False,0,0.0,False
2025-11-07,391,0,391,0.0,False,0,391,0.0,False,0,0.0,False
2025-11-10,394,0,394,0.0,False,0,394,0.0,False,0,0.0,False
2025-11-11,393,0,393,0.0,False,0,393,0.0,False,0,0.0,False
2025-11-12,393,0,393,0.0,False,0,393,0.0,False,0,0.0,False
2025-11-13,393,0,393,0.0,False,0,393,0.0,False,0,0.0,False
2025-11-14,393,0,393,0.0,False,0,393,0.0,False,0,0.0,False
2025-11-17,393,0,393,0.0,False,0,393,0.0,False,0,0.0,False
2025-11-18,390,0,390,0.0,False,0,390,0.0,False,0,0.0,False
2025-11-19,393,0,393,0.0,False,0,393,0.0,False,0,0.0,False
2025-11-20,392,0,392,0.0,False,0,392,0.0,False,0,0.0,False
2025-11-21,389,0,389,0.0,False,0,389,0.0,False,0,0.0,False
2025-11-24,392,0,392,0.0,False,0,392,0.0,False,0,0.0,False
2025-11-25,394,0,394,0.0,False,0,394,0.0,False,0,0.0,False
2025-11-26,390,0,390,0.0,False,0,390,0.0,False,0,0.0,False
2025-11-27,389,0,389,0.0,False,0,389,0.0,False,0,0.0,False
2025-11-28,389,0,389,0.0,False,0,389,0.0,False,0,0.0,False
2025-12-01,391,0,391,0.0,False,0,391,0.0,False,0,0.0,False
2025-12-02,389,0,389,0.0,False,0,389,0.0,False,0,0.0,False
2025-12-03,393,0,393,0.0,False,0,393,0.0,False,0,0.0,False
2025-12-04,393,0,393,0.0,False,0,393,0.0,False,0,0.0,False
2025-12-05,387,0,387,0.0,False,0,387,0.0,False,0,0.0,False
2025-12-08,390,0,390,0.0,False,0,390,0.0,False,0,0.0,False
2025-12-09,390,0,390,0.0,False,0,390,0.0,False,0,0.0,False
2025-12-10,390,0,390,0.0,False,0,390,0.0,False,0,0.0,False
2025-12-11,391,0,391,0.0,False,0,391,0.0,False,0,0.0,False
2025-12-12,392,0,392,0.0,False,0,392,0.0,False,0,0.0,False
2025-12-15,388,0,388,0.0,False,0,388,0.0,False,0,0.0,False
2025-12-16,386,0,386,0.0,False,0,386,0.0,False,0,0.0,False
2025-12-17,387,0,387,0.0,False,0,387,0.0,False,0,0.0,False
2025-12-18,387,0,387,0.0,False,0,387,0.0,False,0,0.0,False
2025-12-19,388,0,388,0.0,False,0,388,0.0,False,0,0.0,False
2025-12-22,389,0,389,0.0,False,0,389,0.0,False,0,0.0,False
2025-12-23,391,0,391,0.0,False,0,391,0.0,False,0,0.0,False
2025-12-24,390,0,390,0.0,False,0,390,0.0,False,0,0.0,False
2025-12-29,390,0,390,0.0,False,0,390,0.0,False,0,0.0,False
2025-12-30,391,0,391,0.0,False,0,391,0.0,False,0,0.0,False
2026-01-02,388,0,388,0.0,False,0,388,0.0,False,0,0.0,False
2026-01-05,383,0,383,0.0,False,0,383,0.0,False,0,0.0,False
2026-01-06,384,0,384,0.0,False,0,384,0.0,False,0,0.0,False
2026-01-07,384,0,384,0.0,False,0,384,0.0,False,0,0.0,False
2026-01-08,386,0,386,0.0,False,0,386,0.0,False,0,0.0,False
2026-01-09,385,0,385,0.0,False,0,385,0.0,False,0,0.0,False
2026-01-12,386,0,386,0.0,False,0,386,0.0,False,0,0.0,False
2026-01-13,384,0,384,0.0,False,0,384,0.0,False,0,0.0,False
2026-01-14,385,0,385,0.0,False,0,385,0.0,False,0,0.0,False
2026-01-15,387,0,387,0.0,False,0,387,0.0,False,0,0.0,False
2026-01-19,392,0,392,0.0,False,0,392,0.0,False,0,0.0,False
2026-01-20,394,0,394,0.0,False,0,394,0.0,False,0,0.0,False
2026-01-21,400,0,400,0.0,False,0,400,0.0,False,0,0.0,False
2026-01-22,407,0,407,0.0,False,0,407,0.0,False,0,0.0,False
2026-01-23,412,0,412,0.0,False,0,412,0.0,False,0,0.0,False
2026-01-26,410,0,410,0.0,False,0,410,0.0,False,0,0.0,False
2026-01-27,417,0,417,0.0,False,0,417,0.0,False,0,0.0,False
2026-01-28,420,0,420,0.0,False,0,420,0.0,False,0,0.0,False
2026-01-29,424,0,424,0.0,False,0,424,0.0,False,0,0.0,False
2026-01-30,423,0,423,0.0,False,0,423,0.0,False,0,0.0,False
2026-02-02,423,0,423,0.0,False,0,423,0.0,False,0,0.0,False
2026-02-03,425,0,425,0.0,False,0,425,0.0,False,0,0.0,False
2026-02-04,423,0,423,0.0,False,0,423,0.0,False,0,0.0,False
2026-02-05,424,0,424,0.0,False,0,424,0.0,False,0,0.0,False
2026-02-06,427,0,427,0.0,False,0,427,0.0,False,0,0.0,False
2026-02-09,428,0,428,0.0,False,0,428,0.0,False,0,0.0,False
2026-02-10,428,0,428,0.0,False,0,428,0.0,False,0,0.0,False
2026-02-11,427,0,427,0.0,False,0,427,0.0,False,0,0.0,False
2026-02-12,426,0,426,0.0,False,0,426,0.0,False,0,0.0,False
2026-02-13,429,0,429,0.0,False,0,429,0.0,False,0,0.0,False
2026-02-18,427,0,427,0.0,False,0,427,0.0,False,0,0.0,False
2026-02-19,427,0,427,0.0,False,0,427,0.0,False,0,0.0,False
2026-02-20,427,0,427,0.0,False,0,427,0.0,False,0,0.0,False
2026-02-23,425,0,425,0.0,False,0,425,0.0,False,0,0.0,False
2026-02-24,431,0,431,0.0,False,0,431,0.0,False,0,0.0,False
2026-02-25,431,0,431,0.0,False,0,431,0.0,False,0,0.0,False
2026-02-26,428,0,428,0.0,False,0,428,0.0,False,0,0.0,False
2026-02-27,428,0,428,0.0,False,0,428,0.0,False,0,0.0,False
2026-03-02,427,0,427,0.0,False,0,427,0.0,False,0,0.0,False
2026-03-03,431,0,431,0.0,False,0,431,0.0,False,0,0.0,False
2026-03-04,433,0,433,0.0,False,0,433,0.0,False,0,0.0,False
2026-03-05,429,0,429,0.0,False,0,429,0.0,False,0,0.0,False
2026-03-06,426,0,426,0.0,False,0,426,0.0,False,0,0.0,False
2026-03-09,422,0,422,0.0,False,0,422,0.0,False,0,0.0,False
2026-03-10,416,0,416,0.0,False,0,416,0.0,False,0,0.0,False
2026-03-11,414,0,414,0.0,False,0,414,0.0,False,0,0.0,False
2026-03-12,416,0,416,0.0,False,0,416,0.0,False,0,0.0,False
2026-03-13,414,0,414,0.0,False,0,414,0.0,False,0,0.0,False
2026-03-16,411,0,411,0.0,False,0,411,0.0,False,0,0.0,False
2026-03-17,407,0,407,0.0,False,0,407,0.0,False,0,0.0,False
2026-03-25,407,0,407,0.0,False,0,407,0.0,False,0,0.0,False
2026-03-26,402,0,402,0.0,False,0,402,0.0,False,0,0.0,False
2026-03-27,399,0,399,0.0,False,0,399,0.0,False,0,0.0,False
2026-03-30,396,0,396,0.0,False,0,396,0.0,False,0,0.0,False
2026-03-31,395,0,395,0.0,False,0,395,0.0,False,0,0.0,False
2026-04-01,390,0,390,0.0,False,0,390,0.0,False,0,0.0,False
2026-04-02,390,0,390,0.0,False,0,390,0.0,False,0,0.0,False
2026-04-06,389,0,389,0.0,False,0,389,0.0,False,0,0.0,False
2026-04-07,388,0,388,0.0,False,0,388,0.0,False,0,0.0,False
2026-04-08,387,0,387,0.0,False,0,387,0.0,False,0,0.0,False
2026-04-09,387,0,387,0.0,False,0,387,0.0,False,0,0.0,False
2026-04-10,385,0,385,0.0,False,0,385,0.0,False,0,0.0,False
2026-04-13,381,0,381,0.0,False,0,381,0.0,False,0,0.0,False
2026-04-14,380,0,380,0.0,False,0,380,0.0,False,0,0.0,False
2026-04-15,376,0,376,0.0,False,0,376,0.0,False,0,0.0,False
2026-04-16,376,0,376,0.0,False,0,376,0.0,False,0,0.0,False
2026-04-17,376,0,376,0.0,False,0,376,0.0,False,0,0.0,False
2026-04-20,375,0,375,0.0,False,0,375,0.0,False,0,0.0,False
2026-04-21,376,0,376,0.0,False,0,376,0.0,False,0,0.0,False
2026-04-22,375,0,375,0.0,False,0,375,0.0,False,0,0.0,False
2026-04-23,373,0,373,0.0,False,0,373,0.0,False,0,0.0,False
2026-04-24,371,0,371,0.0,False,0,371,0.0,False,0,0.0,False
2026-04-27,371,0,371,0.0,False,0,371,0.0,False,0,0.0,False
2026-04-28,369,0,369,0.0,False,0,369,0.0,False,0,0.0,False
2026-04-29,366,0,366,0.0,False,0,366,0.0,False,0,0.0,False
2026-04-30,364,0,364,0.0,False,0,364,0.0,False,0,0.0,False
2026-05-04,365,0,365,0.0,False,0,365,0.0,False,0,0.0,False
2026-05-05,362,0,362,0.0,False,0,362,0.0,False,0,0.0,False
2026-05-06,363,0,363,0.0,False,0,363,0.0,False,0,0.0,False
2026-05-07,362,0,362,0.0,False,0,362,0.0,False,0,0.0,False
2026-05-08,361,0,361,0.0,False,0,361,0.0,False,0,0.0,False
2026-05-11,362,0,362,0.0,False,0,362,0.0,False,0,0.0,False
2026-05-12,361,0,361,0.0,False,0,361,0.0,False,0,0.0,False
2026-05-13,362,0,362,0.0,False,0,362,0.0,False,0,0.0,False
2026-05-18,361,0,361,0.0,False,0,361,0.0,False,0,0.0,False
2026-05-19,359,0,359,0.0,False,0,359,0.0,False,0,0.0,False
2026-05-20,356,0,356,0.0,False,0,356,0.0,False,0,0.0,False
2026-05-21,355,0,355,0.0,False,0,355,0.0,False,0,0.0,False
2026-05-22,353,0,353,0.0,False,0,353,0.0,False,0,0.0,False
2026-05-25,350,0,350,0.0,False,0,350,0.0,False,0,0.0,False
2026-05-26,348,0,348,0.0,False,0,348,0.0,False,0,0.0,False
2026-05-29,346,0,346,0.0,False,0,346,0.0,False,0,0.0,False
2026-06-02,343,0,343,0.0,False,0,343,0.0,False,0,0.0,False
2026-06-03,339,0,339,0.0,False,0,339,0.0,False,0,0.0,False
2026-06-04,337,0,337,0.0,False,0,337,0.0,False,0,0.0,False
2026-06-05,334,0,334,0.0,False,0,334,0.0,False,0,0.0,False
2026-06-08,332,0,332,0.0,False,0,332,0.0,False,0,0.0,False
2026-06-09,330,0,330,0.0,False,0,330,0.0,False,0,0.0,False
2026-06-10,329,0,329,0.0,False,0,329,0.0,False,0,0.0,False
2026-06-11,329,0,329,0.0,False,0,329,0.0,False,0,0.0,False
2026-06-12,326,0,326,0.0,False,0,326,0.0,False,0,0.0,False
2026-06-15,328,0,328,0.0,False,0,328,0.0,False,0,0.0,False
2026-06-17,328,0,328,0.0,False,0,328,0.0,False,0,0.0,False
2026-06-18,327,0,327,0.0,False,0,327,0.0,False,0,0.0,False
2026-06-19,325,0,325,0.0,False,0,325,0.0,False,0,0.0,False
2026-06-22,322,0,322,0.0,False,0,322,0.0,False,0,0.0,False
2026-06-23,323,0,323,0.0,False,0,323,0.0,False,0,0.0,False
2026-06-24,323,0,323,0.0,False,0,323,0.0,False,0,0.0,False
2026-06-25,321,0,321,0.0,False,0,321,0.0,False,0,0.0,False
2026-06-26,320,0,320,0.0,False,0,320,0.0,False,0,0.0,False
2026-06-29,318,0,318,0.0,False,0,318,0.0,False,0,0.0,False
2026-06-30,314,0,314,0.0,False,0,314,0.0,False,0,0.0,False
2026-07-01,314,0,314,0.0,False,0,314,0.0,False,0,0.0,False
2026-07-02,312,0,312,0.0,False,0,312,0.0,False,0,0.0,False
2026-07-03,314,0,314,0.0,False,0,314,0.0,False,0,0.0,False
2026-07-06,311,0,311,0.0,False,0,311,0.0,False,0,0.0,False
2026-07-07,312,0,312,0.0,False,0,312,0.0,False,0,0.0,False
2026-07-08,312,0,312,0.0,False,0,312,0.0,False,0,0.0,False
2026-07-09,312,0,312,0.0,False,0,312,0.0,False,0,0.0,False
2026-07-10,312,0,312,0.0,False,0,312,0.0,False,0,0.0,False
2026-07-13,311,0,311,0.0,False,0,311,0.0,False,0,0.0,False
2026-07-14,309,0,309,0.0,False,0,309,0.0,False,0,0.0,False
2026-07-15,308,0,308,0.0,False,0,308,0.0,False,0,0.0,False
2026-07-16,306,0,306,0.0,False,0,306,0.0,False,0,0.0,False
2026-07-17,303,0,303,0.0,False,0,303,0.0,False,0,0.0,False
