ticker,action,effective_date,listing_date,action_shares,total_shares_after_action,old_shares,new_shares,ratio,source,source_identity,source_ref
ALDO,stockSplit,2024-07-08,2024-07-08,0,0,,,,IDX_LISTING_ACTIVITY_ISSUED_HISTORY,IDX_LISTING_ACTIVITY_ISSUED_HISTORY,https://www.idx.id/primary/ListingActivity/GetIssuedHistory?caType=&dateFrom=20230101&dateTo=20260808&start=0&length=9999
ASDM,stockSplit,2023-12-12,2023-12-12,192000000,384000000,192000000.0,384000000.0,2.0,IDX_LISTING_ACTIVITY_ISSUED_HISTORY,IDX_LISTING_ACTIVITY_ISSUED_HISTORY,https://www.idx.id/primary/ListingActivity/GetIssuedHistory?caType=&dateFrom=20230101&dateTo=20260808&start=0&length=9999
BBNI,stockSplit,2023-10-06,2023-10-06,0,1,,,,IDX_LISTING_ACTIVITY_ISSUED_HISTORY,IDX_LISTING_ACTIVITY_ISSUED_HISTORY,https://www.idx.id/primary/ListingActivity/GetIssuedHistory?caType=&dateFrom=20230101&dateTo=20260808&start=0&length=9999
BBNI,stockSplit,2023-10-06,2023-10-06,289341867,578683733,289341866.0,578683733.0,2.0000000034561194,IDX_LISTING_ACTIVITY_ISSUED_HISTORY,IDX_LISTING_ACTIVITY_ISSUED_HISTORY,https://www.idx.id/primary/ListingActivity/GetIssuedHistory?caType=&dateFrom=20230101&dateTo=20260808&start=0&length=9999
BBNI,stockSplit,2023-10-06,2023-10-06,18359314591,36718629182,18359314591.0,36718629182.0,2.0,IDX_LISTING_ACTIVITY_ISSUED_HISTORY,IDX_LISTING_ACTIVITY_ISSUED_HISTORY,https://www.idx.id/primary/ListingActivity/GetIssuedHistory?caType=&dateFrom=20230101&dateTo=20260808&start=0&length=9999
BMRI,stockSplit,2023-04-04,2023-04-04,46666666666,93333333332,46666666666.0,93333333332.0,2.0,IDX_LISTING_ACTIVITY_ISSUED_HISTORY,IDX_LISTING_ACTIVITY_ISSUED_HISTORY,https://www.idx.id/primary/ListingActivity/GetIssuedHistory?caType=&dateFrom=20230101&dateTo=20260808&start=0&length=9999
BUAH,stockSplit,2025-10-22,2025-10-22,1000000000,2000000000,1000000000.0,2000000000.0,2.0,IDX_LISTING_ACTIVITY_ISSUED_HISTORY,IDX_LISTING_ACTIVITY_ISSUED_HISTORY,https://www.idx.id/primary/ListingActivity/GetIssuedHistory?caType=&dateFrom=20230101&dateTo=20260808&start=0&length=9999
CUAN,stockSplit,2025-07-15,2025-07-15,101177010000,112418900000,11241890000.0,112418900000.0,10.0,IDX_LISTING_ACTIVITY_ISSUED_HISTORY,IDX_LISTING_ACTIVITY_ISSUED_HISTORY,https://www.idx.id/primary/ListingActivity/GetIssuedHistory?caType=&dateFrom=20230101&dateTo=20260808&start=0&length=9999
DSSA,stockSplit,2026-04-09,2026-04-09,184932556800,192638080000,7705523200.0,192638080000.0,25.0,IDX_LISTING_ACTIVITY_ISSUED_HISTORY,IDX_LISTING_ACTIVITY_ISSUED_HISTORY,https://www.idx.id/primary/ListingActivity/GetIssuedHistory?caType=&dateFrom=20230101&dateTo=20260808&start=0&length=9999
EDGE,stockSplit,2023-11-15,2023-11-15,0,0,,,,IDX_LISTING_ACTIVITY_ISSUED_HISTORY,IDX_LISTING_ACTIVITY_ISSUED_HISTORY,https://www.idx.id/primary/ListingActivity/GetIssuedHistory?caType=&dateFrom=20230101&dateTo=20260808&start=0&length=9999
FISH,stockSplit,2025-09-09,2025-09-09,4320000000,4800000000,480000000.0,4800000000.0,10.0,IDX_LISTING_ACTIVITY_ISSUED_HISTORY,IDX_LISTING_ACTIVITY_ISSUED_HISTORY,https://www.idx.id/primary/ListingActivity/GetIssuedHistory?caType=&dateFrom=20230101&dateTo=20260808&start=0&length=9999
GMTD,stockSplit,2024-01-04,2024-01-04,913842000,1015380000,101538000.0,1015380000.0,10.0,IDX_LISTING_ACTIVITY_ISSUED_HISTORY,IDX_LISTING_ACTIVITY_ISSUED_HISTORY,https://www.idx.id/primary/ListingActivity/GetIssuedHistory?caType=&dateFrom=20230101&dateTo=20260808&start=0&length=9999
HILL,stockSplit,2025-03-14,2025-03-14,11793200000,14741500000,2948300000.0,14741500000.0,5.0,IDX_LISTING_ACTIVITY_ISSUED_HISTORY,IDX_LISTING_ACTIVITY_ISSUED_HISTORY,https://www.idx.id/primary/ListingActivity/GetIssuedHistory?caType=&dateFrom=20230101&dateTo=20260808&start=0&length=9999
INDS,stockSplit,2024-07-04,2024-07-04,0,0,,,,IDX_LISTING_ACTIVITY_ISSUED_HISTORY,IDX_LISTING_ACTIVITY_ISSUED_HISTORY,https://www.idx.id/primary/ListingActivity/GetIssuedHistory?caType=&dateFrom=20230101&dateTo=20260808&start=0&length=9999
ISAT,stockSplit,2024-10-14,2024-10-14,0,1,,,,IDX_LISTING_ACTIVITY_ISSUED_HISTORY,IDX_LISTING_ACTIVITY_ISSUED_HISTORY,https://www.idx.id/primary/ListingActivity/GetIssuedHistory?caType=&dateFrom=20230101&dateTo=20260808&start=0&length=9999
ISAT,stockSplit,2024-10-14,2024-10-14,0,0,,,,IDX_LISTING_ACTIVITY_ISSUED_HISTORY,IDX_LISTING_ACTIVITY_ISSUED_HISTORY,https://www.idx.id/primary/ListingActivity/GetIssuedHistory?caType=&dateFrom=20230101&dateTo=20260808&start=0&length=9999
JECC,stockSplit,2024-06-13,2024-06-13,0,0,,,,IDX_LISTING_ACTIVITY_ISSUED_HISTORY,IDX_LISTING_ACTIVITY_ISSUED_HISTORY,https://www.idx.id/primary/ListingActivity/GetIssuedHistory?caType=&dateFrom=20230101&dateTo=20260808&start=0&length=9999
KDSI,stockSplit,2024-11-07,2024-11-07,0,0,,,,IDX_LISTING_ACTIVITY_ISSUED_HISTORY,IDX_LISTING_ACTIVITY_ISSUED_HISTORY,https://www.idx.id/primary/ListingActivity/GetIssuedHistory?caType=&dateFrom=20230101&dateTo=20260808&start=0&length=9999
LPGI,stockSplit,2024-09-17,2024-09-17,0,0,,,,IDX_LISTING_ACTIVITY_ISSUED_HISTORY,IDX_LISTING_ACTIVITY_ISSUED_HISTORY,https://www.idx.id/primary/ListingActivity/GetIssuedHistory?caType=&dateFrom=20230101&dateTo=20260808&start=0&length=9999
MAPA,stockSplit,2023-07-17,2023-07-17,25653600000,28504000000,2850400000.0,28504000000.0,10.0,IDX_LISTING_ACTIVITY_ISSUED_HISTORY,IDX_LISTING_ACTIVITY_ISSUED_HISTORY,https://www.idx.id/primary/ListingActivity/GetIssuedHistory?caType=&dateFrom=20230101&dateTo=20260808&start=0&length=9999
MLPT,stockSplit,2026-07-21,2026-07-21,45000000000,46875000000,1875000000.0,46875000000.0,25.0,IDX_LISTING_ACTIVITY_ISSUED_HISTORY,IDX_LISTING_ACTIVITY_ISSUED_HISTORY,https://www.idx.id/primary/ListingActivity/GetIssuedHistory?caType=&dateFrom=20230101&dateTo=20260808&start=0&length=9999
MSIN,stockSplit,2024-10-07,2024-10-07,0,0,,,,IDX_LISTING_ACTIVITY_ISSUED_HISTORY,IDX_LISTING_ACTIVITY_ISSUED_HISTORY,https://www.idx.id/primary/ListingActivity/GetIssuedHistory?caType=&dateFrom=20230101&dateTo=20260808&start=0&length=9999
PBID,stockSplit,2024-05-31,2024-05-31,0,0,,,,IDX_LISTING_ACTIVITY_ISSUED_HISTORY,IDX_LISTING_ACTIVITY_ISSUED_HISTORY,https://www.idx.id/primary/ListingActivity/GetIssuedHistory?caType=&dateFrom=20230101&dateTo=20260808&start=0&length=9999
PTRO,stockSplit,2025-01-03,2025-01-03,9077445000,10086050000,1008605000.0,10086050000.0,10.0,IDX_LISTING_ACTIVITY_ISSUED_HISTORY,IDX_LISTING_ACTIVITY_ISSUED_HISTORY,https://www.idx.id/primary/ListingActivity/GetIssuedHistory?caType=&dateFrom=20230101&dateTo=20260808&start=0&length=9999
PUDP,stockSplit,2024-07-04,2024-07-04,0,0,,,,IDX_LISTING_ACTIVITY_ISSUED_HISTORY,IDX_LISTING_ACTIVITY_ISSUED_HISTORY,https://www.idx.id/primary/ListingActivity/GetIssuedHistory?caType=&dateFrom=20230101&dateTo=20260808&start=0&length=9999
RAJA,stockSplit,2026-07-16,2026-07-16,16908330000,21135412500,4227082500.0,21135412500.0,5.0,IDX_LISTING_ACTIVITY_ISSUED_HISTORY,IDX_LISTING_ACTIVITY_ISSUED_HISTORY,https://www.idx.id/primary/ListingActivity/GetIssuedHistory?caType=&dateFrom=20230101&dateTo=20260808&start=0&length=9999
RMKE,stockSplit,2026-07-17,2026-07-17,17500000000,21875000000,4375000000.0,21875000000.0,5.0,IDX_LISTING_ACTIVITY_ISSUED_HISTORY,IDX_LISTING_ACTIVITY_ISSUED_HISTORY,https://www.idx.id/primary/ListingActivity/GetIssuedHistory?caType=&dateFrom=20230101&dateTo=20260808&start=0&length=9999
SAMF,stockSplit,2025-02-06,2025-02-06,5125000000,10250000000,5125000000.0,10250000000.0,2.0,IDX_LISTING_ACTIVITY_ISSUED_HISTORY,IDX_LISTING_ACTIVITY_ISSUED_HISTORY,https://www.idx.id/primary/ListingActivity/GetIssuedHistory?caType=&dateFrom=20230101&dateTo=20260808&start=0&length=9999
SCCO,stockSplit,2024-03-08,2024-03-08,0,0,,,,IDX_LISTING_ACTIVITY_ISSUED_HISTORY,IDX_LISTING_ACTIVITY_ISSUED_HISTORY,https://www.idx.id/primary/ListingActivity/GetIssuedHistory?caType=&dateFrom=20230101&dateTo=20260808&start=0&length=9999
SKLT,stockSplit,2023-12-05,2023-12-05,0,0,,,,IDX_LISTING_ACTIVITY_ISSUED_HISTORY,IDX_LISTING_ACTIVITY_ISSUED_HISTORY,https://www.idx.id/primary/ListingActivity/GetIssuedHistory?caType=&dateFrom=20230101&dateTo=20260808&start=0&length=9999
SKRN,stockSplit,2023-01-06,2023-01-06,6000000000,7500000000,1500000000.0,7500000000.0,5.0,IDX_LISTING_ACTIVITY_ISSUED_HISTORY,IDX_LISTING_ACTIVITY_ISSUED_HISTORY,https://www.idx.id/primary/ListingActivity/GetIssuedHistory?caType=&dateFrom=20230101&dateTo=20260808&start=0&length=9999
SMDR,stockSplit,2023-01-31,2023-01-31,13100480000,16375600000,3275120000.0,16375600000.0,5.0,IDX_LISTING_ACTIVITY_ISSUED_HISTORY,IDX_LISTING_ACTIVITY_ISSUED_HISTORY,https://www.idx.id/primary/ListingActivity/GetIssuedHistory?caType=&dateFrom=20230101&dateTo=20260808&start=0&length=9999
SOHO,stockSplit,2023-11-13,2023-11-13,0,0,,,,IDX_LISTING_ACTIVITY_ISSUED_HISTORY,IDX_LISTING_ACTIVITY_ISSUED_HISTORY,https://www.idx.id/primary/ListingActivity/GetIssuedHistory?caType=&dateFrom=20230101&dateTo=20260808&start=0&length=9999
SONA,stockSplit,2024-01-03,2024-01-03,331200000,662400000,331200000.0,662400000.0,2.0,IDX_LISTING_ACTIVITY_ISSUED_HISTORY,IDX_LISTING_ACTIVITY_ISSUED_HISTORY,https://www.idx.id/primary/ListingActivity/GetIssuedHistory?caType=&dateFrom=20230101&dateTo=20260808&start=0&length=9999
TBMS,stockSplit,2024-02-16,2024-02-16,0,0,,,,IDX_LISTING_ACTIVITY_ISSUED_HISTORY,IDX_LISTING_ACTIVITY_ISSUED_HISTORY,https://www.idx.id/primary/ListingActivity/GetIssuedHistory?caType=&dateFrom=20230101&dateTo=20260808&start=0&length=9999
TCID,stockSplit,2023-06-06,2023-06-06,201066667,402133334,201066667.0,402133334.0,2.0,IDX_LISTING_ACTIVITY_ISSUED_HISTORY,IDX_LISTING_ACTIVITY_ISSUED_HISTORY,https://www.idx.id/primary/ListingActivity/GetIssuedHistory?caType=&dateFrom=20230101&dateTo=20260808&start=0&length=9999
TMAS,stockSplit,2023-05-23,2023-05-23,51346350000,57051500000,5705150000.0,57051500000.0,10.0,IDX_LISTING_ACTIVITY_ISSUED_HISTORY,IDX_LISTING_ACTIVITY_ISSUED_HISTORY,https://www.idx.id/primary/ListingActivity/GetIssuedHistory?caType=&dateFrom=20230101&dateTo=20260808&start=0&length=9999
TUGU,stockSplit,2023-05-24,2023-05-24,1777787800,3555575600,1777787800.0,3555575600.0,2.0,IDX_LISTING_ACTIVITY_ISSUED_HISTORY,IDX_LISTING_ACTIVITY_ISSUED_HISTORY,https://www.idx.id/primary/ListingActivity/GetIssuedHistory?caType=&dateFrom=20230101&dateTo=20260808&start=0&length=9999
