security_id,ticker,company_name,listed_from,listed_to,source
IDX:AADI:20241205,AADI,Adaro Andalan Indonesia Tbk.,2024-12-05,,IDX_STOCK_LIST
IDX:AALI:19971209,AALI,Astra Agro Lestari Tbk.,1997-12-09,,IDX_STOCK_LIST
IDX:ABBA:20020403,ABBA,Mahaka Media Tbk.,2002-04-03,,IDX_STOCK_LIST
IDX:ABDA:19890706,ABDA,Asuransi Bina Dana Arta Tbk.,1989-07-06,,IDX_STOCK_LIST
IDX:ABMM:20111206,ABMM,ABM Investama Tbk.,2011-12-06,,IDX_STOCK_LIST
IDX:ACES:20071106,ACES,Aspirasi Hidup Indonesia Tbk.,2007-11-06,,IDX_STOCK_LIST
IDX:ACRO:20240111,ACRO,Samcro Hyosung Adilestari Tbk.,2024-01-11,,IDX_STOCK_LIST
IDX:ACST:20130624,ACST,Acset Indonusa Tbk.,2013-06-24,,IDX_STOCK_LIST
IDX:ADCP:20210521,ADCP,Adhi Commuter Properti Tbk.,2021-05-21,,IDX_STOCK_LIST
IDX:ADES:19940613,ADES,Akasha Wira International Tbk.,1994-06-13,,IDX_STOCK_LIST
IDX:ADHI:20040318,ADHI,Adhi Karya (Persero) Tbk.,2004-03-18,,IDX_STOCK_LIST
IDX:ADMF:20040331,ADMF,Adira Dinamika Multi Finance T,2004-03-31,,IDX_STOCK_LIST
IDX:ADMG:19931020,ADMG,Polychem Indonesia Tbk,1993-10-20,,IDX_STOCK_LIST
IDX:ADMR:20220103,ADMR,Alamtri Minerals Indonesia Tbk,2022-01-03,,IDX_STOCK_LIST
IDX:ADRO:20080716,ADRO,Alamtri Resources Indonesia Tb,2008-07-16,,IDX_STOCK_LIST
IDX:AEGS:20230911,AEGS,Anugerah Spareparts Sejahtera,2023-09-11,,IDX_STOCK_LIST
IDX:AGAR:20191202,AGAR,Asia Sejahtera Mina Tbk.,2019-12-02,,IDX_STOCK_LIST
IDX:AGII:20160928,AGII,Samator Indo Gas Tbk.,2016-09-28,,IDX_STOCK_LIST
IDX:AGRO:20030808,AGRO,Bank Raya Indonesia Tbk.,2003-08-08,,IDX_STOCK_LIST
IDX:AGRS:20141222,AGRS,Bank IBK Indonesia Tbk.,2014-12-22,,IDX_STOCK_LIST
IDX:AHAP:19900914,AHAP,Asuransi Harta Aman Pratama Tb,1990-09-14,,IDX_STOCK_LIST
IDX:AIMS:20010720,AIMS,Artha Mahiya Investama Tbk.,2001-07-20,,IDX_STOCK_LIST
IDX:AISA:19970611,AISA,FKS Food Sejahtera Tbk.,1997-06-11,,IDX_STOCK_LIST
IDX:AKKU:20041101,AKKU,Anugerah Kagum Karya Utama Tbk,2004-11-01,,IDX_STOCK_LIST
IDX:AKPI:19921218,AKPI,Argha Karya Prima Industry Tbk,1992-12-18,,IDX_STOCK_LIST
IDX:AKRA:19941003,AKRA,AKR Corporindo Tbk.,1994-10-03,,IDX_STOCK_LIST
IDX:AKSI:20010713,AKSI,Mineral Sumberdaya Mandiri Tbk,2001-07-13,,IDX_STOCK_LIST
IDX:ALDO:20110712,ALDO,Alkindo Naratama Tbk.,2011-07-12,,IDX_STOCK_LIST
IDX:ALII:20240207,ALII,Ancara Logistics Indonesia Tbk,2024-02-07,,IDX_STOCK_LIST
IDX:ALKA:19900712,ALKA,Alakasa Industrindo Tbk,1990-07-12,,IDX_STOCK_LIST
IDX:ALMI:19970102,ALMI,Alumindo Light Metal Industry,1997-01-02,,IDX_STOCK_LIST
IDX:ALTO:20120710,ALTO,Tri Banyan Tirta Tbk.,2012-07-10,,IDX_STOCK_LIST
IDX:AMAG:20051223,AMAG,Asuransi Multi Artha Guna Tbk.,2005-12-23,,IDX_STOCK_LIST
IDX:AMAN:20200313,AMAN,Makmur Berkah Amanda Tbk.,2020-03-13,,IDX_STOCK_LIST
IDX:AMAR:20200109,AMAR,Bank Amar Indonesia Tbk.,2020-01-09,,IDX_STOCK_LIST
IDX:AMFG:19951108,AMFG,Asahimas Flat Glass Tbk.,1995-11-08,,IDX_STOCK_LIST
IDX:AMIN:20151210,AMIN,Ateliers Mecaniques D Indonesi,2015-12-10,,IDX_STOCK_LIST
IDX:AMMN:20230707,AMMN,Amman Mineral Internasional Tb,2023-07-07,,IDX_STOCK_LIST
IDX:AMMS:20220804,AMMS,Agung Menjangan Mas Tbk.,2022-08-04,,IDX_STOCK_LIST
IDX:AMOR:20200114,AMOR,Ashmore Asset Management Indon,2020-01-14,,IDX_STOCK_LIST
IDX:AMRT:20090115,AMRT,Sumber Alfaria Trijaya Tbk.,2009-01-15,,IDX_STOCK_LIST
IDX:ANDI:20180816,ANDI,Andira Agro Tbk.,2018-08-16,,IDX_STOCK_LIST
IDX:ANJT:20130508,ANJT,Austindo Nusantara Jaya Tbk.,2013-05-08,,IDX_STOCK_LIST
IDX:ANTM:19971127,ANTM,ANTAM (Persero) Tbk.,1997-11-27,,IDX_STOCK_LIST
IDX:APEX:20130605,APEX,Apexindo Pratama Duta Tbk.,2013-06-05,,IDX_STOCK_LIST
IDX:APIC:20021218,APIC,Pacific Strategic Financial Tb,2002-12-18,,IDX_STOCK_LIST
IDX:APII:20131029,APII,Arita Prima Indonesia Tbk.,2013-10-29,,IDX_STOCK_LIST
IDX:APLI:20000501,APLI,Asiaplast Industries Tbk.,2000-05-01,,IDX_STOCK_LIST
IDX:APLN:20101111,APLN,Agung Podomoro Land Tbk.,2010-11-11,,IDX_STOCK_LIST
IDX:ARCI:20210628,ARCI,Archi Indonesia Tbk.,2021-06-28,,IDX_STOCK_LIST
IDX:AREA:20240401,AREA,Dunia Virtual Online Tbk.,2024-04-01,,IDX_STOCK_LIST
IDX:ARGO:19910107,ARGO,Argo Pantes Tbk,1991-01-07,,IDX_STOCK_LIST
IDX:ARII:20111108,ARII,Atlas Resources Tbk.,2011-11-08,,IDX_STOCK_LIST
IDX:ARKA:20190710,ARKA,Arkha Jayanti Persada Tbk.,2019-07-10,,IDX_STOCK_LIST
IDX:ARKO:20220708,ARKO,Arkora Hydro Tbk.,2022-07-08,,IDX_STOCK_LIST
IDX:ARMY:20170621,ARMY,Armidian Karyatama Tbk.,2017-06-21,,IDX_STOCK_LIST
IDX:ARNA:20010717,ARNA,Arwana Citramulia Tbk.,2001-07-17,,IDX_STOCK_LIST
IDX:ARTA:20021105,ARTA,Arthavest Tbk,2002-11-05,,IDX_STOCK_LIST
IDX:ARTI:20030430,ARTI,Ratu Prabu Energi Tbk,2003-04-30,,IDX_STOCK_LIST
IDX:ARTO:20160112,ARTO,Bank Jago Tbk.,2016-01-12,,IDX_STOCK_LIST
IDX:ASBI:19891129,ASBI,Asuransi Bintang Tbk.,1989-11-29,,IDX_STOCK_LIST
IDX:ASDM:19891215,ASDM,Asuransi Dayin Mitra Tbk.,1989-12-15,,IDX_STOCK_LIST
IDX:ASGR:19891115,ASGR,Astra Graphia Tbk.,1989-11-15,,IDX_STOCK_LIST
IDX:ASHA:20220527,ASHA,Cilacap Samudera Fishing Indus,2022-05-27,,IDX_STOCK_LIST
IDX:ASII:19900404,ASII,Astra International Tbk.,1990-04-04,,IDX_STOCK_LIST
IDX:ASJT:20031223,ASJT,Asuransi Jasa Tania Tbk.,2003-12-23,,IDX_STOCK_LIST
IDX:ASLC:20220125,ASLC,Autopedia Sukses Lestari Tbk.,2022-01-25,,IDX_STOCK_LIST
IDX:ASLI:20240105,ASLI,Asri Karya Lestari Tbk.,2024-01-05,,IDX_STOCK_LIST
IDX:ASMI:20140116,ASMI,Asuransi Maximus Graha Persada,2014-01-16,,IDX_STOCK_LIST
IDX:ASPI:20200217,ASPI,Andalan Sakti Primaindo Tbk.,2020-02-17,,IDX_STOCK_LIST
IDX:ASPR:20250708,ASPR,Asia Pramulia Tbk.,2025-07-08,,IDX_STOCK_LIST
IDX:ASRI:20071218,ASRI,Alam Sutera Realty Tbk.,2007-12-18,,IDX_STOCK_LIST
IDX:ASRM:19900319,ASRM,Asuransi Ramayana Tbk.,1990-03-19,,IDX_STOCK_LIST
IDX:ASSA:20121112,ASSA,Adi Sarana Armada Tbk.,2012-11-12,,IDX_STOCK_LIST
IDX:ATAP:20201211,ATAP,Trimitra Prawara Goldland Tbk.,2020-12-11,,IDX_STOCK_LIST
IDX:ATIC:20150708,ATIC,Anabatic Technologies Tbk.,2015-07-08,,IDX_STOCK_LIST
IDX:ATLA:20240416,ATLA,Atlantis Subsea Indonesia Tbk.,2024-04-16,,IDX_STOCK_LIST
IDX:AUTO:19980615,AUTO,Astra Otoparts Tbk.,1998-06-15,,IDX_STOCK_LIST
IDX:AVIA:20211208,AVIA,Avia Avian Tbk.,2021-12-08,,IDX_STOCK_LIST
IDX:AWAN:20230418,AWAN,Era Digital Media Tbk.,2023-04-18,,IDX_STOCK_LIST
IDX:AXIO:20220720,AXIO,Tera Data Indonusa Tbk.,2022-07-20,,IDX_STOCK_LIST
IDX:AYAM:20231130,AYAM,Janu Putra Sejahtera Tbk.,2023-11-30,,IDX_STOCK_LIST
IDX:AYLS:20200212,AYLS,Arkayana Lestari Grup Tbk.,2020-02-12,,IDX_STOCK_LIST
IDX:BABP:20020715,BABP,Bank MNC Internasional Tbk.,2002-07-15,,IDX_STOCK_LIST
IDX:BABY:20230907,BABY,Multitrend Indo Tbk.,2023-09-07,,IDX_STOCK_LIST
IDX:BACA:20071004,BACA,Bank Capital Indonesia Tbk.,2007-10-04,,IDX_STOCK_LIST
IDX:BACH:20260708,BACH,Bach Multi Global Tbk.,2026-07-08,,IDX_STOCK_LIST
IDX:BAIK:20240215,BAIK,Bersama Mencapai Puncak Tbk.,2024-02-15,,IDX_STOCK_LIST
IDX:BAJA:20111221,BAJA,Saranacentral Bajatama Tbk.,2011-12-21,,IDX_STOCK_LIST
IDX:BALI:20140313,BALI,Bali Towerindo Sentra Tbk.,2014-03-13,,IDX_STOCK_LIST
IDX:BANK:20210201,BANK,Bank Aladin Syariah Tbk.,2021-02-01,,IDX_STOCK_LIST
IDX:BAPA:20080114,BAPA,Bekasi Asri Pemula Tbk.,2008-01-14,,IDX_STOCK_LIST
IDX:BAPI:20190916,BAPI,Bhakti Agung Propertindo Tbk.,2019-09-16,,IDX_STOCK_LIST
IDX:BATA:19820324,BATA,Sepatu Bata Tbk.,1982-03-24,,IDX_STOCK_LIST
IDX:BATR:20240610,BATR,Benteng Api Technic Tbk.,2024-06-10,,IDX_STOCK_LIST
IDX:BAUT:20220128,BAUT,Mitra Angkasa Sejahtera Tbk.,2022-01-28,,IDX_STOCK_LIST
IDX:BAYU:19891030,BAYU,Bayu Buana Tbk,1989-10-30,,IDX_STOCK_LIST
IDX:BBCA:20000531,BBCA,Bank Central Asia Tbk.,2000-05-31,,IDX_STOCK_LIST
IDX:BBHI:20150812,BBHI,Allo Bank Indonesia Tbk.,2015-08-12,,IDX_STOCK_LIST
IDX:BBKP:20060710,BBKP,Bank KB Indonesia Tbk.,2006-07-10,,IDX_STOCK_LIST
IDX:BBLD:19900507,BBLD,Buana Finance Tbk.,1990-05-07,,IDX_STOCK_LIST
IDX:BBMD:20130708,BBMD,Bank Mestika Dharma Tbk.,2013-07-08,,IDX_STOCK_LIST
IDX:BBNI:19961125,BBNI,Bank Negara Indonesia (Persero,1996-11-25,,IDX_STOCK_LIST
IDX:BBRI:20031110,BBRI,Bank Rakyat Indonesia (Persero,2003-11-10,,IDX_STOCK_LIST
IDX:BBRM:20130109,BBRM,Pelayaran Nasional Bina Buana,2013-01-09,,IDX_STOCK_LIST
IDX:BBSI:20200907,BBSI,Krom Bank Indonesia Tbk.,2020-09-07,,IDX_STOCK_LIST
IDX:BBSS:20200415,BBSS,Bumi Benowo Sukses Sejahtera T,2020-04-15,,IDX_STOCK_LIST
IDX:BBTN:20091217,BBTN,Bank Tabungan Negara (Persero),2009-12-17,,IDX_STOCK_LIST
IDX:BBYB:20150113,BBYB,Bank Neo Commerce Tbk.,2015-01-13,,IDX_STOCK_LIST
IDX:BCAP:20010608,BCAP,MNC Kapital Indonesia Tbk.,2001-06-08,,IDX_STOCK_LIST
IDX:BCIC:19970625,BCIC,Bank JTrust Indonesia Tbk.,1997-06-25,,IDX_STOCK_LIST
IDX:BCIP:20091211,BCIP,Bumi Citra Permai Tbk.,2009-12-11,,IDX_STOCK_LIST
IDX:BDKR:20230303,BDKR,Berdikari Pondasi Perkasa Tbk.,2023-03-03,,IDX_STOCK_LIST
IDX:BDMN:19891206,BDMN,Bank Danamon Indonesia Tbk.,1989-12-06,,IDX_STOCK_LIST
IDX:BEBS:20210310,BEBS,Berkah Beton Sadaya Tbk.,2021-03-10,,IDX_STOCK_LIST
IDX:BEEF:20190110,BEEF,Estika Tata Tiara Tbk.,2019-01-10,,IDX_STOCK_LIST
IDX:BEER:20230106,BEER,Jobubu Jarum Minahasa Tbk.,2023-01-06,,IDX_STOCK_LIST
IDX:BEKS:20010713,BEKS,Bank Pembangunan Daerah Banten,2001-07-13,,IDX_STOCK_LIST
IDX:BELI:20221108,BELI,Global Digital Niaga Tbk.,2022-11-08,,IDX_STOCK_LIST
IDX:BELL:20171003,BELL,Trisula Textile Industries Tbk,2017-10-03,,IDX_STOCK_LIST
IDX:BESS:20200309,BESS,Batulicin Nusantara Maritim Tb,2020-03-09,,IDX_STOCK_LIST
IDX:BEST:20120410,BEST,Bekasi Fajar Industrial Estate,2012-04-10,,IDX_STOCK_LIST
IDX:BFIN:19900516,BFIN,BFI Finance  Indonesia Tbk.,1990-05-16,,IDX_STOCK_LIST
IDX:BGTG:20160512,BGTG,Bank Ganesha Tbk.,2016-05-12,,IDX_STOCK_LIST
IDX:BHAT:20200415,BHAT,Bhakti Multi Artha Tbk.,2020-04-15,,IDX_STOCK_LIST
IDX:BHIT:19971124,BHIT,MNC Asia Holding Tbk.,1997-11-24,,IDX_STOCK_LIST
IDX:BIKA:20150714,BIKA,Binakarya Jaya Abadi Tbk.,2015-07-14,,IDX_STOCK_LIST
IDX:BIKE:20220321,BIKE,Bhineka Inovasi Ketahanan Ener,2022-03-21,,IDX_STOCK_LIST
IDX:BIMA:19940830,BIMA,Primarindo Asia Infrastructure,1994-08-30,,IDX_STOCK_LIST
IDX:BINA:20140116,BINA,Bank Ina Perdana Tbk.,2014-01-16,,IDX_STOCK_LIST
IDX:BINO:20211125,BINO,Perma Plasindo Tbk.,2021-11-25,,IDX_STOCK_LIST
IDX:BIPI:20100211,BIPI,Astrindo Nusantara Infrastrukt,2010-02-11,,IDX_STOCK_LIST
IDX:BIPP:19951023,BIPP,Bhuwanatala Indah Permai Tbk.,1995-10-23,,IDX_STOCK_LIST
IDX:BIRD:20141105,BIRD,Blue Bird Tbk.,2014-11-05,,IDX_STOCK_LIST
IDX:BISI:20070528,BISI,BISI International Tbk.,2007-05-28,,IDX_STOCK_LIST
IDX:BJBR:20100708,BJBR,Bank Pembangunan Daerah Jawa B,2010-07-08,,IDX_STOCK_LIST
IDX:BJTM:20120712,BJTM,Bank Pembangunan Daerah Jawa T,2012-07-12,,IDX_STOCK_LIST
IDX:BKDP:20070615,BKDP,Bukit Darmo Property Tbk,2007-06-15,,IDX_STOCK_LIST
IDX:BKSL:19970728,BKSL,Sentul City Tbk.,1997-07-28,,IDX_STOCK_LIST
IDX:BKSW:20021121,BKSW,Bank QNB Indonesia Tbk.,2002-11-21,,IDX_STOCK_LIST
IDX:BLES:20240708,BLES,Superior Prima Sukses Tbk.,2024-07-08,,IDX_STOCK_LIST
IDX:BLOG:20250710,BLOG,Trimitra Trans Persada Tbk.,2025-07-10,,IDX_STOCK_LIST
IDX:BLTA:19900326,BLTA,Berlian Laju Tanker Tbk,1990-03-26,,IDX_STOCK_LIST
IDX:BLTZ:20140410,BLTZ,Graha Layar Prima Tbk.,2014-04-10,,IDX_STOCK_LIST
IDX:BLUE:20190708,BLUE,Berkah Prima Perkasa Tbk.,2019-07-08,,IDX_STOCK_LIST
IDX:BMAS:20130711,BMAS,Bank Kasikorn Indonesia Tbk.,2013-07-11,,IDX_STOCK_LIST
IDX:BMBL:20230111,BMBL,Lavender Bina Cendikia Tbk.,2023-01-11,,IDX_STOCK_LIST
IDX:BMHS:20210706,BMHS,Bundamedik Tbk.,2021-07-06,,IDX_STOCK_LIST
IDX:BMRI:20030714,BMRI,Bank Mandiri (Persero) Tbk.,2003-07-14,,IDX_STOCK_LIST
IDX:BMSR:19991229,BMSR,Bintang Mitra Semestaraya Tbk,1999-12-29,,IDX_STOCK_LIST
IDX:BMTR:19950717,BMTR,Global Mediacom Tbk.,1995-07-17,,IDX_STOCK_LIST
IDX:BNBA:20060601,BNBA,Bank Bumi Arta Tbk.,2006-06-01,,IDX_STOCK_LIST
IDX:BNBR:19890828,BNBR,Bakrie & Brothers Tbk,1989-08-28,,IDX_STOCK_LIST
IDX:BNGA:19891129,BNGA,Bank CIMB Niaga Tbk.,1989-11-29,,IDX_STOCK_LIST
IDX:BNII:19891121,BNII,Bank Maybank Indonesia Tbk.,1989-11-21,,IDX_STOCK_LIST
IDX:BNLI:19900115,BNLI,Bank Permata Tbk.,1990-01-15,,IDX_STOCK_LIST
IDX:BOAT:20241112,BOAT,Newport Marine Services Tbk.,2024-11-12,,IDX_STOCK_LIST
IDX:BOBA:20211101,BOBA,Formosa Ingredient Factory Tbk,2021-11-01,,IDX_STOCK_LIST
IDX:BOGA:20161219,BOGA,Apollo Global Interactive Tbk.,2016-12-19,,IDX_STOCK_LIST
IDX:BOLA:20190617,BOLA,Bali Bintang Sejahtera Tbk.,2019-06-17,,IDX_STOCK_LIST
IDX:BOLT:20150707,BOLT,Garuda Metalindo Tbk.,2015-07-07,,IDX_STOCK_LIST
IDX:BOSS:20180215,BOSS,Borneo Olah Sarana Sukses Tbk.,2018-02-15,,IDX_STOCK_LIST
IDX:BPFI:20090601,BPFI,Woori Finance Indonesia Tbk.,2009-06-01,,IDX_STOCK_LIST
IDX:BPII:20140708,BPII,Batavia Prosperindo Internasio,2014-07-08,,IDX_STOCK_LIST
IDX:BPTR:20180709,BPTR,Batavia Prosperindo Trans Tbk.,2018-07-09,,IDX_STOCK_LIST
IDX:BRAM:19900905,BRAM,Indo Kordsa Tbk.,1990-09-05,,IDX_STOCK_LIST
IDX:BREN:20231009,BREN,Barito Renewables Energy Tbk.,2023-10-09,,IDX_STOCK_LIST
IDX:BRIS:20180509,BRIS,Bank Syariah Indonesia (Perser,2018-05-09,,IDX_STOCK_LIST
IDX:BRMS:20101209,BRMS,Bumi Resources Minerals Tbk.,2010-12-09,,IDX_STOCK_LIST
IDX:BRNA:19891106,BRNA,Berlina Tbk.,1989-11-06,,IDX_STOCK_LIST
IDX:BRPT:19931001,BRPT,Barito Pacific Tbk.,1993-10-01,,IDX_STOCK_LIST
IDX:BRRC:20250109,BRRC,Raja Roti Cemerlang Tbk.,2025-01-09,,IDX_STOCK_LIST
IDX:BSBK:20221108,BSBK,Wulandari Bangun Laksana Tbk.,2022-11-08,,IDX_STOCK_LIST
IDX:BSDE:20080606,BSDE,Bumi Serpong Damai Tbk.,2008-06-06,,IDX_STOCK_LIST
IDX:BSIM:20101213,BSIM,Bank Sinarmas Tbk.,2010-12-13,,IDX_STOCK_LIST
IDX:BSML:20211216,BSML,Bintang Samudera Mandiri Lines,2021-12-16,,IDX_STOCK_LIST
IDX:BSSR:20121108,BSSR,Baramulti Suksessarana Tbk.,2012-11-08,,IDX_STOCK_LIST
IDX:BSWD:20020501,BSWD,Bank Of India Indonesia Tbk.,2002-05-01,,IDX_STOCK_LIST
IDX:BTEK:20040514,BTEK,Bumi Teknokultura Unggul Tbk,2004-05-14,,IDX_STOCK_LIST
IDX:BTEL:20060203,BTEL,Bakrie Telecom Tbk.,2006-02-03,,IDX_STOCK_LIST
IDX:BTON:20010718,BTON,Betonjaya Manunggal Tbk.,2001-07-18,,IDX_STOCK_LIST
IDX:BTPN:20080312,BTPN,Bank SMBC Indonesia Tbk.,2008-03-12,,IDX_STOCK_LIST
IDX:BTPS:20180508,BTPS,Bank BTPN Syariah Tbk.,2018-05-08,,IDX_STOCK_LIST
IDX:BUAH:20220809,BUAH,Segar Kumala Indonesia Tbk.,2022-08-09,,IDX_STOCK_LIST
IDX:BUDI:19950508,BUDI,Budi Starch & Sweetener Tbk.,1995-05-08,,IDX_STOCK_LIST
IDX:BUKA:20210806,BUKA,Bukalapak.com Tbk.,2021-08-06,,IDX_STOCK_LIST
IDX:BUKK:20150629,BUKK,Bukaka Teknik Utama Tbk.,2015-06-29,,IDX_STOCK_LIST
IDX:BULL:20110523,BULL,Buana Lintas Lautan Tbk.,2011-05-23,,IDX_STOCK_LIST
IDX:BUMI:19900730,BUMI,Bumi Resources Tbk.,1990-07-30,,IDX_STOCK_LIST
IDX:BUVA:20100712,BUVA,Bukit Uluwatu Villa Tbk.,2010-07-12,,IDX_STOCK_LIST
IDX:BVIC:19990630,BVIC,Bank Victoria International Tb,1999-06-30,,IDX_STOCK_LIST
IDX:BWPT:20091027,BWPT,Eagle High Plantations Tbk.,2009-10-27,,IDX_STOCK_LIST
IDX:BYAN:20080812,BYAN,Bayan Resources Tbk.,2008-08-12,,IDX_STOCK_LIST
IDX:CAKK:20181031,CAKK,Cahayaputra Asa Keramik Tbk.,2018-10-31,,IDX_STOCK_LIST
IDX:CAMP:20171219,CAMP,Campina Ice Cream Industry Tbk,2017-12-19,,IDX_STOCK_LIST
IDX:CANI:20140116,CANI,Capitol Nusantara Indonesia Tb,2014-01-16,,IDX_STOCK_LIST
IDX:CARE:20200313,CARE,Metro Healthcare Indonesia Tbk,2020-03-13,,IDX_STOCK_LIST
IDX:CARS:20170410,CARS,Industri dan Perdagangan Bintr,2017-04-10,,IDX_STOCK_LIST
IDX:CASA:20160719,CASA,Capital Financial Indonesia Tb,2016-07-19,,IDX_STOCK_LIST
IDX:CASH:20200504,CASH,Cashlez Worldwide Indonesia Tb,2020-05-04,,IDX_STOCK_LIST
IDX:CASS:20111205,CASS,Cahaya Aero Services Tbk.,2011-12-05,,IDX_STOCK_LIST
IDX:CBDK:20250113,CBDK,Bangun Kosambi Sukses Tbk.,2025-01-13,,IDX_STOCK_LIST
IDX:CBMF:20200409,CBMF,Cahaya Bintang Medan Tbk.,2020-04-09,,IDX_STOCK_LIST
IDX:CBPE:20230106,CBPE,Citra Buana Prasida Tbk.,2023-01-06,,IDX_STOCK_LIST
IDX:CBRE:20230109,CBRE,Cakra Buana Resources Energi T,2023-01-09,,IDX_STOCK_LIST
IDX:CBUT:20221108,CBUT,Citra Borneo Utama Tbk.,2022-11-08,,IDX_STOCK_LIST
IDX:CCSI:20190618,CCSI,Communication Cable Systems In,2019-06-18,,IDX_STOCK_LIST
IDX:CDIA:20250709,CDIA,Chandra Daya Investasi Tbk.,2025-07-09,,IDX_STOCK_LIST
IDX:CEKA:19960709,CEKA,Wilmar Cahaya Indonesia Tbk.,1996-07-09,,IDX_STOCK_LIST
IDX:CENT:20011101,CENT,Centratama Telekomunikasi Indo,2001-11-01,,IDX_STOCK_LIST
IDX:CFIN:19900827,CFIN,Clipan Finance Indonesia Tbk.,1990-08-27,,IDX_STOCK_LIST
IDX:CGAS:20240108,CGAS,Citra Nusantara Gemilang Tbk.,2024-01-08,,IDX_STOCK_LIST
IDX:CHEK:20250710,CHEK,Diastika Biotekindo Tbk.,2025-07-10,,IDX_STOCK_LIST
IDX:CHEM:20220708,CHEM,Chemstar Indonesia Tbk.,2022-07-08,,IDX_STOCK_LIST
IDX:CHIP:20230208,CHIP,Pelita Teknologi Global Tbk.,2023-02-08,,IDX_STOCK_LIST
IDX:CINT:20140627,CINT,Chitose Internasional Tbk.,2014-06-27,,IDX_STOCK_LIST
IDX:CITA:20020320,CITA,Cita Mineral Investindo Tbk.,2002-03-20,,IDX_STOCK_LIST
IDX:CITY:20180928,CITY,Natura City Developments Tbk.,2018-09-28,,IDX_STOCK_LIST
IDX:CLAY:20190118,CLAY,Citra Putra Realty Tbk.,2019-01-18,,IDX_STOCK_LIST
IDX:CLEO:20170505,CLEO,Sariguna Primatirta Tbk.,2017-05-05,,IDX_STOCK_LIST
IDX:CLPI:20011130,CLPI,Colorpak Indonesia Tbk.,2001-11-30,,IDX_STOCK_LIST
IDX:CMNP:19950110,CMNP,Citra Marga Nusaphala Persada,1995-01-10,,IDX_STOCK_LIST
IDX:CMNT:20210908,CMNT,Cemindo Gemilang Tbk.,2021-09-08,,IDX_STOCK_LIST
IDX:CMPP:19941208,CMPP,AirAsia Indonesia Tbk.,1994-12-08,,IDX_STOCK_LIST
IDX:CMRY:20211206,CMRY,Cisarua Mountain Dairy Tbk.,2021-12-06,,IDX_STOCK_LIST
IDX:CNKO:20011120,CNKO,Exploitasi Energi Indonesia Tb,2001-11-20,,IDX_STOCK_LIST
IDX:CNMA:20230802,CNMA,Nusantara Sejahtera Raya Tbk.,2023-08-02,,IDX_STOCK_LIST
IDX:CNTB:20001222,CNTB,Century Textile Industry Tbk Seri B,2000-12-22,,KSEI_REGISTERED_SECURITIES
IDX:COAL:20220907,COAL,Black Diamond Resources Tbk.,2022-09-07,,IDX_STOCK_LIST
IDX:COCO:20190320,COCO,Wahana Interfood Nusantara Tbk,2019-03-20,,IDX_STOCK_LIST
IDX:COIN:20250709,COIN,Indokripto Koin Semesta Tbk.,2025-07-09,,IDX_STOCK_LIST
IDX:COWL:20071219,COWL,Cowell Development Tbk.,2007-12-19,,IDX_STOCK_LIST
IDX:CPIN:19910318,CPIN,Charoen Pokphand Indonesia Tbk,1991-03-18,,IDX_STOCK_LIST
IDX:CPRI:20190411,CPRI,Capri Nusa Satu Properti Tbk.,2019-04-11,,IDX_STOCK_LIST
IDX:CPRO:20061128,CPRO,Central Proteina Prima Tbk.,2006-11-28,,IDX_STOCK_LIST
IDX:CRAB:20220810,CRAB,Toba Surimi Industries Tbk.,2022-08-10,,IDX_STOCK_LIST
IDX:CRSN:20230710,CRSN,Carsurin Tbk.,2023-07-10,,IDX_STOCK_LIST
IDX:CSAP:20071212,CSAP,Catur Sentosa Adiprana Tbk.,2007-12-12,,IDX_STOCK_LIST
IDX:CSIS:20170510,CSIS,Cahayasakti Investindo Sukses,2017-05-10,,IDX_STOCK_LIST
IDX:CSMI:20200409,CSMI,Cipta Selera Murni Tbk.,2020-04-09,,IDX_STOCK_LIST
IDX:CSRA:20200109,CSRA,Cisadane Sawit Raya Tbk.,2020-01-09,,IDX_STOCK_LIST
IDX:CTBN:19891128,CTBN,Citra Tubindo Tbk.,1989-11-28,,IDX_STOCK_LIST
IDX:CTRA:19940328,CTRA,Ciputra Development Tbk.,1994-03-28,,IDX_STOCK_LIST
IDX:CTTH:19960703,CTTH,Citatah Tbk.,1996-07-03,,IDX_STOCK_LIST
IDX:CUAN:20230308,CUAN,Petrindo Jaya Kreasi Tbk.,2023-03-08,,IDX_STOCK_LIST
IDX:CYBR:20230808,CYBR,ITSEC Asia Tbk.,2023-08-08,,IDX_STOCK_LIST
IDX:DAAZ:20241111,DAAZ,Daaz Bara Lestari Tbk.,2024-11-11,,IDX_STOCK_LIST
IDX:DADA:20200214,DADA,Diamond Citra Propertindo Tbk.,2020-02-14,,IDX_STOCK_LIST
IDX:DART:19900508,DART,Duta Anggada Realty Tbk.,1990-05-08,,IDX_STOCK_LIST
IDX:DATA:20240507,DATA,Remala Abadi Tbk.,2024-05-07,,IDX_STOCK_LIST
IDX:DAYA:20160628,DAYA,Duta Intidaya Tbk.,2016-06-28,,IDX_STOCK_LIST
IDX:DCII:20210106,DCII,DCI Indonesia Tbk.,2021-01-06,,IDX_STOCK_LIST
IDX:DEAL:20181111,DEAL,Dewata Freightinternational Tb,2018-11-11,,IDX_STOCK_LIST
IDX:DEFI:20010706,DEFI,Danasupra Erapacific Tbk.,2001-07-06,,IDX_STOCK_LIST
IDX:DEPO:20211125,DEPO,Caturkarda Depo Bangunan Tbk.,2021-11-25,,IDX_STOCK_LIST
IDX:DEWA:20070926,DEWA,Darma Henwa Tbk,2007-09-26,,IDX_STOCK_LIST
IDX:DEWI:20220718,DEWI,Dewi Shri Farmindo Tbk.,2022-07-18,,IDX_STOCK_LIST
IDX:DFAM:20180427,DFAM,Dafam Property Indonesia Tbk.,2018-04-27,,IDX_STOCK_LIST
IDX:DGIK:20071219,DGIK,Nusa Konstruksi Enjiniring Tbk,2007-12-19,,IDX_STOCK_LIST
IDX:DGNS:20210115,DGNS,Diagnos Laboratorium Utama Tbk,2021-01-15,,IDX_STOCK_LIST
IDX:DGWG:20250113,DGWG,Delta Giri Wacana Tbk.,2025-01-13,,IDX_STOCK_LIST
IDX:DIGI:20180918,DIGI,Arkadia Digital Media Tbk.,2018-09-18,,IDX_STOCK_LIST
IDX:DILD:19910904,DILD,Intiland Development Tbk.,1991-09-04,,IDX_STOCK_LIST
IDX:DIVA:20181127,DIVA,Distribusi Voucher Nusantara T,2018-11-27,,IDX_STOCK_LIST
IDX:DKFT:19971121,DKFT,Central Omega Resources Tbk.,1997-11-21,,IDX_STOCK_LIST
IDX:DKHH:20250508,DKHH,Cipta Sarana Medika Tbk.,2025-05-08,,IDX_STOCK_LIST
IDX:DLTA:19840227,DLTA,Delta Djakarta Tbk.,1984-02-27,,IDX_STOCK_LIST
IDX:DMAS:20150529,DMAS,Puradelta Lestari Tbk.,2015-05-29,,IDX_STOCK_LIST
IDX:DMMX:20191021,DMMX,Digital Mediatama Maxima Tbk.,2019-10-21,,IDX_STOCK_LIST
IDX:DMND:20200122,DMND,Diamond Food Indonesia Tbk.,2020-01-22,,IDX_STOCK_LIST
IDX:DNAR:20140711,DNAR,Bank Oke Indonesia Tbk.,2014-07-11,,IDX_STOCK_LIST
IDX:DNET:20001211,DNET,Indoritel Makmur Internasional,2000-12-11,,IDX_STOCK_LIST
IDX:DOID:20010615,DOID,BUMA Internasional Grup Tbk.,2001-06-15,,IDX_STOCK_LIST
IDX:DOOH:20230508,DOOH,Era Media Sejahtera Tbk.,2023-05-08,,IDX_STOCK_LIST
IDX:DOSS:20240807,DOSS,Global Sukses Digital Tbk.,2024-08-07,,IDX_STOCK_LIST
IDX:DPNS:19900808,DPNS,Duta Pertiwi Nusantara Tbk.,1990-08-08,,IDX_STOCK_LIST
IDX:DPUM:20151208,DPUM,Dua Putra Utama Makmur Tbk.,2015-12-08,,IDX_STOCK_LIST
IDX:DRMA:20211220,DRMA,Dharma Polimetal Tbk.,2021-12-20,,IDX_STOCK_LIST
IDX:DSFI:20000324,DSFI,Dharma Samudera Fishing Indust,2000-03-24,,IDX_STOCK_LIST
IDX:DSNG:20130614,DSNG,Dharma Satya Nusantara Tbk.,2013-06-14,,IDX_STOCK_LIST
IDX:DSSA:20091210,DSSA,Dian Swastatika Sentosa Tbk,2009-12-10,,IDX_STOCK_LIST
IDX:DUCK:20181010,DUCK,Jaya Bersama Indo Tbk.,2018-10-10,,IDX_STOCK_LIST
IDX:DUTI:19941102,DUTI,Duta Pertiwi Tbk,1994-11-02,,IDX_STOCK_LIST
IDX:DVLA:19941111,DVLA,Darya-Varia Laboratoria Tbk.,1994-11-11,,IDX_STOCK_LIST
IDX:DWGL:20171213,DWGL,Dwi Guna Laksana Tbk.,2017-12-13,,IDX_STOCK_LIST
IDX:DYAN:20130325,DYAN,Dyandra Media International Tb,2013-03-25,,IDX_STOCK_LIST
IDX:EAST:20190709,EAST,Eastparc Hotel Tbk.,2019-07-09,,IDX_STOCK_LIST
IDX:ECII:20130703,ECII,Electronic City Indonesia Tbk.,2013-07-03,,IDX_STOCK_LIST
IDX:EDGE:20210208,EDGE,Indointernet Tbk.,2021-02-08,,IDX_STOCK_LIST
IDX:EKAD:19900814,EKAD,Ekadharma International Tbk.,1990-08-14,,IDX_STOCK_LIST
IDX:ELIT:20230106,ELIT,Data Sinergitama Jaya Tbk.,2023-01-06,,IDX_STOCK_LIST
IDX:ELPI:20220808,ELPI,Pelayaran Nasional Ekalya Purn,2022-08-08,,IDX_STOCK_LIST
IDX:ELSA:20080206,ELSA,Elnusa Tbk.,2008-02-06,,IDX_STOCK_LIST
IDX:ELTY:19951030,ELTY,Bakrieland Development Tbk.,1995-10-30,,IDX_STOCK_LIST
IDX:EMAS:20250923,EMAS,Merdeka Gold Resources Tbk.,2025-09-23,,IDX_STOCK_LIST
IDX:EMDE:20110112,EMDE,Megapolitan Developments Tbk.,2011-01-12,,IDX_STOCK_LIST
IDX:EMMI:20260708,EMMI,Esa Medika Mandiri Tbk.,2026-07-08,,IDX_STOCK_LIST
IDX:EMTK:20100112,EMTK,Elang Mahkota Teknologi Tbk.,2010-01-12,,IDX_STOCK_LIST
IDX:ENAK:20220208,ENAK,Champ Resto Indonesia Tbk.,2022-02-08,,IDX_STOCK_LIST
IDX:ENRG:20040607,ENRG,Energi Mega Persada Tbk.,2004-06-07,,IDX_STOCK_LIST
IDX:ENVY:20190708,ENVY,Envy Technologies Indonesia Tb,2019-07-08,,IDX_STOCK_LIST
IDX:ENZO:20200914,ENZO,Morenzo Abadi Perkasa Tbk.,2020-09-14,,IDX_STOCK_LIST
IDX:EPAC:20200701,EPAC,Megalestari Epack Sentosaraya,2020-07-01,,IDX_STOCK_LIST
IDX:EPMT:19940801,EPMT,Enseval Putera Megatrading Tbk,1994-08-01,,IDX_STOCK_LIST
IDX:ERAA:20111214,ERAA,Erajaya Swasembada Tbk.,2011-12-14,,IDX_STOCK_LIST
IDX:ERAL:20230808,ERAL,Sinar Eka Selaras Tbk.,2023-08-08,,IDX_STOCK_LIST
IDX:ERTX:19900821,ERTX,Eratex Djaja Tbk.,1990-08-21,,IDX_STOCK_LIST
IDX:ESIP:20191114,ESIP,Sinergi Inti Plastindo Tbk.,2019-11-14,,IDX_STOCK_LIST
IDX:ESSA:20120201,ESSA,ESSA Industries Indonesia Tbk.,2012-02-01,,IDX_STOCK_LIST
IDX:ESTA:20200309,ESTA,Esta Multi Usaha Tbk.,2020-03-09,,IDX_STOCK_LIST
IDX:ESTI:19921013,ESTI,Ever Shine Tex Tbk.,1992-10-13,,IDX_STOCK_LIST
IDX:ETWA:19970516,ETWA,Eterindo Wahanatama Tbk,1997-05-16,,IDX_STOCK_LIST
IDX:EURO:20220808,EURO,Estee Gold Feet Tbk.,2022-08-08,,IDX_STOCK_LIST
IDX:EXCL:20050929,EXCL,XLSMART Telecom Sejahtera Tbk.,2005-09-29,,IDX_STOCK_LIST
IDX:FAPA:20210104,FAPA,FAP Agri Tbk.,2021-01-04,,IDX_STOCK_LIST
IDX:FAST:19930511,FAST,Fast Food Indonesia Tbk.,1993-05-11,,IDX_STOCK_LIST
IDX:FASW:19941219,FASW,Fajar Surya Wisesa Tbk.,1994-12-19,,IDX_STOCK_LIST
IDX:FILM:20180807,FILM,MD Entertainment Tbk.,2018-08-07,,IDX_STOCK_LIST
IDX:FIMP:20210409,FIMP,Fimperkasa Utama Tbk.,2021-04-09,,IDX_STOCK_LIST
IDX:FIRE:20170609,FIRE,Alfa Energi Investama Tbk.,2017-06-09,,IDX_STOCK_LIST
IDX:FISH:20020118,FISH,FKS Multi Agro Tbk.,2002-01-18,,IDX_STOCK_LIST
IDX:FITT:20190611,FITT,Hotel Fitra International Tbk.,2019-06-11,,IDX_STOCK_LIST
IDX:FLMC:20210708,FLMC,Falmaco Nonwoven Industri Tbk.,2021-07-08,,IDX_STOCK_LIST
IDX:FMII:20000630,FMII,Fortune Mate Indonesia Tbk,2000-06-30,,IDX_STOCK_LIST
IDX:FOLK:20230807,FOLK,Multi Garam Utama Tbk.,2023-08-07,,IDX_STOCK_LIST
IDX:FOOD:20190108,FOOD,Sentra Food Indonesia Tbk.,2019-01-08,,IDX_STOCK_LIST
IDX:FORE:20250414,FORE,Fore Kopi Indonesia Tbk.,2025-04-14,,IDX_STOCK_LIST
IDX:FORU:20020117,FORU,Fortune Indonesia Tbk,2002-01-17,,IDX_STOCK_LIST
IDX:FORZ:20170428,FORZ,Forza Land Indonesia Tbk,2017-04-28,2025-07-18,IDX_DIGITAL_STATISTIC_DELISTING
IDX:FPNI:20020321,FPNI,Lotte Chemical Titan Tbk.,2002-03-21,,IDX_STOCK_LIST
IDX:FUJI:20190709,FUJI,Fuji Finance Indonesia Tbk.,2019-07-09,,IDX_STOCK_LIST
IDX:FUTR:20230227,FUTR,Futura Energi Global Tbk.,2023-02-27,,IDX_STOCK_LIST
IDX:FWCT:20230201,FWCT,Wijaya Cahaya Timber Tbk.,2023-02-01,,IDX_STOCK_LIST
IDX:GAMA:20120711,GAMA,Aksara Global Development Tbk.,2012-07-11,,IDX_STOCK_LIST
IDX:GDST:20091223,GDST,Gunawan Dianjaya Steel Tbk.,2009-12-23,,IDX_STOCK_LIST
IDX:GDYR:19801222,GDYR,Goodyear Indonesia Tbk.,1980-12-22,,IDX_STOCK_LIST
IDX:GEMA:20020812,GEMA,Gema Grahasarana Tbk.,2002-08-12,,IDX_STOCK_LIST
IDX:GEMS:20111117,GEMS,Golden Energy Mines Tbk.,2011-11-17,,IDX_STOCK_LIST
IDX:GGRM:19900827,GGRM,Gudang Garam Tbk.,1990-08-27,,IDX_STOCK_LIST
IDX:GGRP:20190919,GGRP,Gunung Raja Paksi Tbk.,2019-09-19,,IDX_STOCK_LIST
IDX:GHON:20180409,GHON,Gihon Telekomunikasi Indonesia,2018-04-09,,IDX_STOCK_LIST
IDX:GIAA:20110211,GIAA,Garuda Indonesia (Persero) Tbk,2011-02-11,,IDX_STOCK_LIST
IDX:GJTL:19900508,GJTL,Gajah Tunggal Tbk.,1990-05-08,,IDX_STOCK_LIST
IDX:GLOB:20120710,GLOB,Globe Kita Terang Tbk.,2012-07-10,,IDX_STOCK_LIST
IDX:GLVA:20191223,GLVA,Galva Technologies Tbk.,2019-12-23,,IDX_STOCK_LIST
IDX:GMFI:20171010,GMFI,Garuda Maintenance Facility Ae,2017-10-10,,IDX_STOCK_LIST
IDX:GMTD:20001211,GMTD,Gowa Makassar Tourism Developm,2000-12-11,,IDX_STOCK_LIST
IDX:GOLD:20100707,GOLD,Visi Telekomunikasi Infrastruk,2010-07-07,,IDX_STOCK_LIST
IDX:GOLF:20240708,GOLF,Intra Golflink Resorts Tbk.,2024-07-08,,IDX_STOCK_LIST
IDX:GOLL:20141223,GOLL,Golden Plantation Tbk.,2014-12-23,,IDX_STOCK_LIST
IDX:GOOD:20181010,GOOD,Garudafood Putra Putri Jaya Tb,2018-10-10,,IDX_STOCK_LIST
IDX:GOTO:20220411,GOTO,GoTo Gojek Tokopedia Tbk.,2022-04-11,,IDX_STOCK_LIST
IDX:GPRA:20071010,GPRA,Perdana Gapuraprima Tbk.,2007-10-10,,IDX_STOCK_LIST
IDX:GPSO:20210906,GPSO,Geoprima Solusi Tbk.,2021-09-06,,IDX_STOCK_LIST
IDX:GRIA:20230808,GRIA,Ingria Pratama Capitalindo Tbk,2023-08-08,,IDX_STOCK_LIST
IDX:GRPH:20240117,GRPH,Griptha Putra Persada Tbk.,2024-01-17,,IDX_STOCK_LIST
IDX:GRPM:20230710,GRPM,Graha Prima Mentari Tbk.,2023-07-10,,IDX_STOCK_LIST
IDX:GSMF:19891023,GSMF,Equity Development Investment,1989-10-23,,IDX_STOCK_LIST
IDX:GTBO:20090709,GTBO,Garda Tujuh Buana Tbk,2009-07-09,,IDX_STOCK_LIST
IDX:GTRA:20230330,GTRA,Grahaprima Suksesmandiri Tbk.,2023-03-30,,IDX_STOCK_LIST
IDX:GTSI:20210908,GTSI,GTS Internasional Tbk.,2021-09-08,,IDX_STOCK_LIST
IDX:GULA:20220803,GULA,Aman Agrindo Tbk.,2022-08-03,,IDX_STOCK_LIST
IDX:GUNA:20240709,GUNA,Gunanusa Eramandiri Tbk.,2024-07-09,,IDX_STOCK_LIST
IDX:GWSA:20111223,GWSA,Greenwood Sejahtera Tbk.,2011-12-23,,IDX_STOCK_LIST
IDX:GZCO:20080515,GZCO,Gozco Plantations Tbk.,2008-05-15,,IDX_STOCK_LIST
IDX:HADE:20040412,HADE,Himalaya Energi Perkasa Tbk.,2004-04-12,,IDX_STOCK_LIST
IDX:HAIS:20210901,HAIS,Hasnur Internasional Shipping,2021-09-01,,IDX_STOCK_LIST
IDX:HAJJ:20230405,HAJJ,Arsy Buana Travelindo Tbk.,2023-04-05,,IDX_STOCK_LIST
IDX:HALO:20230208,HALO,Haloni Jane Tbk.,2023-02-08,,IDX_STOCK_LIST
IDX:HATM:20220726,HATM,Habco Trans Maritima Tbk.,2022-07-26,,IDX_STOCK_LIST
IDX:HBAT:20230807,HBAT,Minahasa Membangun Hebat Tbk.,2023-08-07,,IDX_STOCK_LIST
IDX:HDFA:20110510,HDFA,Radana Bhaskara Finance Tbk.,2011-05-10,,IDX_STOCK_LIST
IDX:HDIT:20190712,HDIT,Hensel Davest Indonesia Tbk.,2019-07-12,,IDX_STOCK_LIST
IDX:HDTX:19900606,HDTX,Panasia Indo Resources Tbk,1990-06-06,2025-07-18,IDX_DIGITAL_STATISTIC_DELISTING
IDX:HEAL:20180516,HEAL,Medikaloka Hermina Tbk.,2018-05-16,,IDX_STOCK_LIST
IDX:HELI:20180327,HELI,Jaya Trishindo Tbk.,2018-03-27,,IDX_STOCK_LIST
IDX:HERO:19890821,HERO,DFI Retail Nusantara Tbk.,1989-08-21,,IDX_STOCK_LIST
IDX:HEXA:19950213,HEXA,Hexindo Adiperkasa Tbk.,1995-02-13,,IDX_STOCK_LIST
IDX:HGII:20250109,HGII,Hero Global Investment Tbk.,2025-01-09,,IDX_STOCK_LIST
IDX:HILL:20230301,HILL,Hillcon Tbk.,2023-03-01,,IDX_STOCK_LIST
IDX:HITS:19971215,HITS,Humpuss Intermoda Transportasi,1997-12-15,,IDX_STOCK_LIST
IDX:HKMU:20181009,HKMU,HK Metals Utama Tbk.,2018-10-09,,IDX_STOCK_LIST
IDX:HMSP:19900815,HMSP,H.M. Sampoerna Tbk.,1990-08-15,,IDX_STOCK_LIST
IDX:HOKI:20170622,HOKI,Buyung Poetra Sembada Tbk.,2017-06-22,,IDX_STOCK_LIST
IDX:HOME:20080717,HOME,Hotel Mandarine Regency Tbk.,2008-07-17,,IDX_STOCK_LIST
IDX:HOMI:20200910,HOMI,Grand House Mulia Tbk.,2020-09-10,,IDX_STOCK_LIST
IDX:HOPE:20210524,HOPE,Harapan Duta Pertiwi Tbk.,2021-05-24,,IDX_STOCK_LIST
IDX:HOTL:20130110,HOTL,Saraswati Griya Lestari Tbk.,2013-01-10,,IDX_STOCK_LIST
IDX:HRME:20190412,HRME,Menteng Heritage Realty Tbk.,2019-04-12,,IDX_STOCK_LIST
IDX:HRTA:20170621,HRTA,Hartadinata Abadi Tbk.,2017-06-21,,IDX_STOCK_LIST
IDX:HRUM:20101006,HRUM,Harum Energy Tbk.,2010-10-06,,IDX_STOCK_LIST
IDX:HUMI:20230809,HUMI,Humpuss Maritim Internasional,2023-08-09,,IDX_STOCK_LIST
IDX:HYGN:20240213,HYGN,Ecocare Indo Pasifik Tbk.,2024-02-13,,IDX_STOCK_LIST
IDX:IATA:20060913,IATA,Karya Pacific Energy Tbk.,2006-09-13,,IDX_STOCK_LIST
IDX:IBFN:20141222,IBFN,Intan Baru Prana Tbk.,2014-12-22,,IDX_STOCK_LIST
IDX:IBOS:20220425,IBOS,Indo Boga Sukses Tbk.,2022-04-25,,IDX_STOCK_LIST
IDX:IBST:20120831,IBST,Inti Bangun Sejahtera Tbk.,2012-08-31,,IDX_STOCK_LIST
IDX:ICBP:20101007,ICBP,Indofood CBP Sukses Makmur Tbk,2010-10-07,,IDX_STOCK_LIST
IDX:ICON:20050708,ICON,Island Concepts Indonesia Tbk.,2005-07-08,,IDX_STOCK_LIST
IDX:IDEA:20210909,IDEA,Idea Indonesia Akademi Tbk.,2021-09-09,,IDX_STOCK_LIST
IDX:IDPR:20151210,IDPR,Indonesia Pondasi Raya Tbk.,2015-12-10,,IDX_STOCK_LIST
IDX:IFII:20191210,IFII,Indonesia Fibreboard Industry,2019-12-10,,IDX_STOCK_LIST
IDX:IFSH:20191205,IFSH,Ifishdeco Tbk.,2019-12-05,,IDX_STOCK_LIST
IDX:IGAR:19901105,IGAR,Champion Pacific Indonesia Tbk,1990-11-05,,IDX_STOCK_LIST
IDX:IIKP:20021014,IIKP,Inti Agri Resources Tbk,2002-10-14,,IDX_STOCK_LIST
IDX:IKAI:19970604,IKAI,Intikeramik Alamasri Industri,1997-06-04,,IDX_STOCK_LIST
IDX:IKAN:20200212,IKAN,Era Mandiri Cemerlang Tbk.,2020-02-12,,IDX_STOCK_LIST
IDX:IKBI:19910121,IKBI,Sumi Indo Kabel Tbk.,1991-01-21,,IDX_STOCK_LIST
IDX:IKPM:20231108,IKPM,Ikapharmindo Putramas Tbk.,2023-11-08,,IDX_STOCK_LIST
IDX:IMAS:19931115,IMAS,Indomobil Sukses Internasional,1993-11-15,,IDX_STOCK_LIST
IDX:IMJS:20131210,IMJS,Indomobil Multi Jasa Tbk.,2013-12-10,,IDX_STOCK_LIST
IDX:IMPC:20141217,IMPC,Impack Pratama Industri Tbk.,2014-12-17,,IDX_STOCK_LIST
IDX:INAF:20010417,INAF,Indofarma Tbk.,2001-04-17,,IDX_STOCK_LIST
IDX:INAI:19941205,INAI,Indal Aluminium Industry Tbk.,1994-12-05,,IDX_STOCK_LIST
IDX:INCF:20160906,INCF,Indo Komoditi Korpora Tbk.,2016-09-06,,IDX_STOCK_LIST
IDX:INCI:19900724,INCI,Intanwijaya Internasional Tbk,1990-07-24,,IDX_STOCK_LIST
IDX:INCO:19900516,INCO,Vale Indonesia Tbk.,1990-05-16,,IDX_STOCK_LIST
IDX:INDF:19940714,INDF,Indofood Sukses Makmur Tbk.,1994-07-14,,IDX_STOCK_LIST
IDX:INDO:20200113,INDO,Royalindo Investa Wijaya Tbk.,2020-01-13,,IDX_STOCK_LIST
IDX:INDR:19900803,INDR,Indo-Rama Synthetics Tbk.,1990-08-03,,IDX_STOCK_LIST
IDX:INDS:19900810,INDS,Indospring Tbk.,1990-08-10,,IDX_STOCK_LIST
IDX:INDX:20010517,INDX,Tanah Laut Tbk,2001-05-17,,IDX_STOCK_LIST
IDX:INDY:20080611,INDY,Indika Energy Tbk.,2008-06-11,,IDX_STOCK_LIST
IDX:INET:20230724,INET,Sinergi Inti Andalan Prima Tbk,2023-07-24,,IDX_STOCK_LIST
IDX:INKP:19900716,INKP,Indah Kiat Pulp & Paper Tbk.,1990-07-16,,IDX_STOCK_LIST
IDX:INOV:20190710,INOV,Inocycle Technology Group Tbk.,2019-07-10,,IDX_STOCK_LIST
IDX:INPC:19900823,INPC,Bank Artha Graha Internasional,1990-08-23,,IDX_STOCK_LIST
IDX:INPP:20040112,INPP,Indonesian Paradise Property T,2004-01-12,,IDX_STOCK_LIST
IDX:INPS:20180406,INPS,Indah Prakasa Sentosa Tbk.,2018-04-06,,IDX_STOCK_LIST
IDX:INRU:19900618,INRU,Toba Pulp Lestari Tbk.,1990-06-18,,IDX_STOCK_LIST
IDX:INTA:19930823,INTA,Intraco Penta Tbk.,1993-08-23,,IDX_STOCK_LIST
IDX:INTD:19891218,INTD,Inter Delta Tbk,1989-12-18,,IDX_STOCK_LIST
IDX:INTP:19891205,INTP,Indocement Tunggal Prakarsa Tb,1989-12-05,,IDX_STOCK_LIST
IDX:IOTF:20231006,IOTF,Sumber Sinergi Makmur Tbk.,2023-10-06,,IDX_STOCK_LIST
IDX:IPAC:20210630,IPAC,Era Graharealty Tbk.,2021-06-30,,IDX_STOCK_LIST
IDX:IPCC:20180709,IPCC,Indonesia Kendaraan Terminal T,2018-07-09,,IDX_STOCK_LIST
IDX:IPCM:20171222,IPCM,Jasa Armada Indonesia Tbk.,2017-12-22,,IDX_STOCK_LIST
IDX:IPOL:20100709,IPOL,Indopoly Swakarsa Industry Tbk,2010-07-09,,IDX_STOCK_LIST
IDX:IPPE:20211209,IPPE,Indo Pureco Pratama Tbk.,2021-12-09,,IDX_STOCK_LIST
IDX:IPTV:20190708,IPTV,MNC Vision Networks Tbk.,2019-07-08,,IDX_STOCK_LIST
IDX:IRRA:20191015,IRRA,Itama Ranoraya Tbk.,2019-10-15,,IDX_STOCK_LIST
IDX:IRSX:20230207,IRSX,Folago Global Nusantara Tbk.,2023-02-07,,IDX_STOCK_LIST
IDX:ISAP:20221209,ISAP,Isra Presisi Indonesia Tbk.,2022-12-09,,IDX_STOCK_LIST
IDX:ISAT:19941019,ISAT,Indosat Tbk.,1994-10-19,,IDX_STOCK_LIST
IDX:ISEA:20240708,ISEA,Indo American Seafoods Tbk.,2024-07-08,,IDX_STOCK_LIST
IDX:ISSP:20130222,ISSP,Steel Pipe Industry of Indones,2013-02-22,,IDX_STOCK_LIST
IDX:ITIC:20190704,ITIC,Indonesian Tobacco Tbk.,2019-07-04,,IDX_STOCK_LIST
IDX:ITMA:19901210,ITMA,Sumber Energi Andalan Tbk.,1990-12-10,,IDX_STOCK_LIST
IDX:ITMG:20071218,ITMG,Indo Tambangraya Megah Tbk.,2007-12-18,,IDX_STOCK_LIST
IDX:JARR:20220804,JARR,Jhonlin Agro Raya Tbk.,2022-08-04,,IDX_STOCK_LIST
IDX:JAST:20190516,JAST,Jasnita Telekomindo Tbk.,2019-05-16,,IDX_STOCK_LIST
IDX:JATI:20230508,JATI,Informasi Teknologi Indonesia,2023-05-08,,IDX_STOCK_LIST
IDX:JAWA:20110530,JAWA,Jaya Agra Wattie Tbk.,2011-05-30,,IDX_STOCK_LIST
IDX:JAYA:20190221,JAYA,Armada Berjaya Trans Tbk.,2019-02-21,,IDX_STOCK_LIST
IDX:JECC:19921118,JECC,Jembo Cable Company Tbk.,1992-11-18,,IDX_STOCK_LIST
IDX:JECX:20260707,JECX,Nitrasanata Dharma Tbk.,2026-07-07,,IDX_STOCK_LIST
IDX:JELI:20260707,JELI,Niramas Utama Tbk.,2026-07-07,,IDX_STOCK_LIST
IDX:JGLE:20160629,JGLE,Graha Andrasentra Propertindo,2016-06-29,,IDX_STOCK_LIST
IDX:JIHD:19840229,JIHD,Jakarta International Hotels &,1984-02-29,,IDX_STOCK_LIST
IDX:JKON:20071204,JKON,Jaya Konstruksi Manggala Prata,2007-12-04,,IDX_STOCK_LIST
IDX:JKSW:19970806,JKSW,Jakarta Kyoei Steel Works Tbk,1997-08-06,2025-07-18,IDX_DIGITAL_STATISTIC_DELISTING
IDX:JMAS:20171218,JMAS,Asuransi Jiwa Syariah Jasa Mit,2017-12-18,,IDX_STOCK_LIST
IDX:JPFA:19891023,JPFA,Japfa Comfeed Indonesia Tbk.,1989-10-23,,IDX_STOCK_LIST
IDX:JRPT:19940629,JRPT,Jaya Real Property Tbk.,1994-06-29,,IDX_STOCK_LIST
IDX:JSKY:20180328,JSKY,Sky Energy Indonesia Tbk.,2018-03-28,,IDX_STOCK_LIST
IDX:JSMR:20071112,JSMR,Jasa Marga (Persero) Tbk.,2007-11-12,,IDX_STOCK_LIST
IDX:JSPT:19980112,JSPT,Jakarta Setiabudi Internasiona,1998-01-12,,IDX_STOCK_LIST
IDX:JTPE:20020416,JTPE,Jasuindo Tiga Perkasa Tbk.,2002-04-16,,IDX_STOCK_LIST
IDX:KAEF:20010704,KAEF,Kimia Farma Tbk.,2001-07-04,,IDX_STOCK_LIST
IDX:KAQI:20250310,KAQI,Jantra Grupo Indonesia Tbk.,2025-03-10,,IDX_STOCK_LIST
IDX:KARW:19941220,KARW,Meratus Jasa Prima Tbk.,1994-12-20,,IDX_STOCK_LIST
IDX:KAYU:20190704,KAYU,Darmi Bersaudara Tbk.,2019-07-04,,IDX_STOCK_LIST
IDX:KBAG:20200408,KBAG,Karya Bersama Anugerah Tbk.,2020-04-08,,IDX_STOCK_LIST
IDX:KBLI:19920706,KBLI,KMI Wire & Cable Tbk.,1992-07-06,,IDX_STOCK_LIST
IDX:KBLM:19920601,KBLM,Kabelindo Murni Tbk.,1992-06-01,,IDX_STOCK_LIST
IDX:KBLV:20000225,KBLV,First Media Tbk.,2000-02-25,,IDX_STOCK_LIST
IDX:KBRI:20080711,KBRI,Kertas Basuki Rachmat Indonesi,2008-07-11,,IDX_STOCK_LIST
IDX:KDSI:19960729,KDSI,Kedawung Setia Industrial Tbk.,1996-07-29,,IDX_STOCK_LIST
IDX:KDTN:20221109,KDTN,Puri Sentul Permai Tbk.,2022-11-09,,IDX_STOCK_LIST
IDX:KEEN:20190902,KEEN,Kencana Energi Lestari Tbk.,2019-09-02,,IDX_STOCK_LIST
IDX:KEJU:20191125,KEJU,Mulia Boga Raya Tbk.,2019-11-25,,IDX_STOCK_LIST
IDX:KETR:20210111,KETR,Ketrosden Triasmitra Tbk.,2021-01-11,,IDX_STOCK_LIST
IDX:KIAS:19941208,KIAS,Keramika Indonesia Assosiasi T,1994-12-08,,IDX_STOCK_LIST
IDX:KICI:19931028,KICI,Kedaung Indah Can Tbk,1993-10-28,,IDX_STOCK_LIST
IDX:KIJA:19950110,KIJA,Kawasan Industri Jababeka Tbk.,1995-01-10,,IDX_STOCK_LIST
IDX:KING:20230216,KING,Hoffmen Cleanindo Tbk.,2023-02-16,,IDX_STOCK_LIST
IDX:KINO:20151211,KINO,Kino Indonesia Tbk.,2015-12-11,,IDX_STOCK_LIST
IDX:KIOS:20171005,KIOS,Kioson Komersial Indonesia Tbk,2017-10-05,,IDX_STOCK_LIST
IDX:KJEN:20190701,KJEN,Krida Jaringan Nusantara Tbk.,2019-07-01,,IDX_STOCK_LIST
IDX:KKES:20220808,KKES,Kusuma Kemindo Sentosa Tbk.,2022-08-08,,IDX_STOCK_LIST
IDX:KKGI:19910701,KKGI,Resource Alam Indonesia Tbk.,1991-07-01,,IDX_STOCK_LIST
IDX:KLAS:20230612,KLAS,Pelayaran Kurnia Lautan Semest,2023-06-12,,IDX_STOCK_LIST
IDX:KLBF:19910730,KLBF,Kalbe Farma Tbk.,1991-07-30,,IDX_STOCK_LIST
IDX:KLIN:20220809,KLIN,Klinko Karya Imaji Tbk.,2022-08-09,,IDX_STOCK_LIST
IDX:KMDS:20200907,KMDS,Kurniamitra Duta Sentosa Tbk.,2020-09-07,,IDX_STOCK_LIST
IDX:KMTR:20170619,KMTR,Kirana Megatara Tbk.,2017-06-19,,IDX_STOCK_LIST
IDX:KOBX:20120705,KOBX,Kobexindo Tractors Tbk.,2012-07-05,,IDX_STOCK_LIST
IDX:KOCI:20231007,KOCI,Kokoh Exa Nusantara Tbk.,2023-10-07,,IDX_STOCK_LIST
IDX:KOIN:20080409,KOIN,Kokoh Inti Arebama Tbk,2008-04-09,,IDX_STOCK_LIST
IDX:KOKA:20231011,KOKA,Koka Indonesia Tbk.,2023-10-11,,IDX_STOCK_LIST
IDX:KONI:19950822,KONI,Perdana Bangun Pusaka Tbk,1995-08-22,,IDX_STOCK_LIST
IDX:KOPI:20150504,KOPI,Mitra Energi Persada Tbk.,2015-05-04,,IDX_STOCK_LIST
IDX:KOTA:20190709,KOTA,DMS Propertindo Tbk.,2019-07-09,,IDX_STOCK_LIST
IDX:KPAL:20180608,KPAL,Steadfast Marine Tbk,2018-06-08,2025-07-18,IDX_DIGITAL_STATISTIC_DELISTING
IDX:KPAS:20181005,KPAS,PT Cottonindo Ariesta Tbk.,2018-10-05,2025-07-18,IDX_DIGITAL_STATISTIC_DELISTING
IDX:KPIG:20000330,KPIG,MNC Tourism Indonesia Tbk.,2000-03-30,,IDX_STOCK_LIST
IDX:KRAH:20131108,KRAH,PT Grand Kartech Tbk,2013-11-08,2025-07-18,IDX_DIGITAL_STATISTIC_DELISTING
IDX:KRAS:20101110,KRAS,Krakatau Steel (Persero) Tbk.,2010-11-10,,IDX_STOCK_LIST
IDX:KREN:20020628,KREN,Quantum Clovera Investama Tbk.,2002-06-28,,IDX_STOCK_LIST
IDX:KRYA:20220725,KRYA,Bangun Karya Perkasa Jaya Tbk.,2022-07-25,,IDX_STOCK_LIST
IDX:KSIX:20250108,KSIX,Kentanix Supra International T,2025-01-08,,IDX_STOCK_LIST
IDX:KUAS:20211025,KUAS,Ace Oldfields Tbk.,2021-10-25,,IDX_STOCK_LIST
IDX:LABA:20210610,LABA,Green Power Group Tbk.,2021-06-10,,IDX_STOCK_LIST
IDX:LABS:20240710,LABS,UBC Medical Indonesia Tbk.,2024-07-10,,IDX_STOCK_LIST
IDX:LAJU:20230127,LAJU,Jasa Berdikari Logistics Tbk.,2023-01-27,,IDX_STOCK_LIST
IDX:LAND:20180823,LAND,Trimitra Propertindo Tbk.,2018-08-23,,IDX_STOCK_LIST
IDX:LAPD:20010717,LAPD,Leyand International Tbk.,2001-07-17,,IDX_STOCK_LIST
IDX:LCGP:20070713,LCGP,Eureka Prima Jakarta Tbk.,2007-07-13,,IDX_STOCK_LIST
IDX:LCKM:20180116,LCKM,LCK Global Kedaton Tbk.,2018-01-16,,IDX_STOCK_LIST
IDX:LEAD:20131211,LEAD,Logindo Samudramakmur Tbk.,2013-12-11,,IDX_STOCK_LIST
IDX:LFLO:20210407,LFLO,Imago Mulia Persada Tbk.,2021-04-07,,IDX_STOCK_LIST
IDX:LIFE:20190709,LIFE,MSIG Life Insurance Indonesia,2019-07-09,,IDX_STOCK_LIST
IDX:LINK:20140602,LINK,Link Net Tbk.,2014-06-02,,IDX_STOCK_LIST
IDX:LION:19930820,LION,Lion Metal Works Tbk.,1993-08-20,,IDX_STOCK_LIST
IDX:LIVE:20240212,LIVE,Homeco Victoria Makmur Tbk.,2024-02-12,,IDX_STOCK_LIST
IDX:LMAS:20011228,LMAS,Limas Indonesia Makmur Tbk,2001-12-28,,IDX_STOCK_LIST
IDX:LMAX:20230809,LMAX,Lupromax Pelumas Indonesia Tbk,2023-08-09,,IDX_STOCK_LIST
IDX:LMPI:19941017,LMPI,Langgeng Makmur Industri Tbk.,1994-10-17,,IDX_STOCK_LIST
IDX:LMSH:19900604,LMSH,Lionmesh Prima Tbk.,1990-06-04,,IDX_STOCK_LIST
IDX:LOPI:20231011,LOPI,Logisticsplus International Tb,2023-10-11,,IDX_STOCK_LIST
IDX:LPCK:19970724,LPCK,Lippo Cikarang Tbk,1997-07-24,,IDX_STOCK_LIST
IDX:LPGI:19970722,LPGI,Lippo General Insurance Tbk.,1997-07-22,,IDX_STOCK_LIST
IDX:LPIN:19900205,LPIN,Multi Prima Sejahtera Tbk,1990-02-05,,IDX_STOCK_LIST
IDX:LPKR:19960628,LPKR,Lippo Karawaci Tbk.,1996-06-28,,IDX_STOCK_LIST
IDX:LPLI:19891023,LPLI,Star Pacific Tbk,1989-10-23,,IDX_STOCK_LIST
IDX:LPPF:19891009,LPPF,MDS Retailing Tbk.,1989-10-09,,IDX_STOCK_LIST
IDX:LPPS:19940328,LPPS,Lenox Pasifik Investama Tbk.,1994-03-28,,IDX_STOCK_LIST
IDX:LRNA:20140415,LRNA,Eka Sari Lorena Transport Tbk.,2014-04-15,,IDX_STOCK_LIST
IDX:LSIP:19960705,LSIP,PP London Sumatra Indonesia Tb,1996-07-05,,IDX_STOCK_LIST
IDX:LTLS:19970721,LTLS,Lautan Luas Tbk.,1997-07-21,,IDX_STOCK_LIST
IDX:LUCK:20181128,LUCK,Sentral Mitra Informatika Tbk.,2018-11-28,,IDX_STOCK_LIST
IDX:LUCY:20210505,LUCY,Lima Dua Lima Tiga Tbk.,2021-05-05,,IDX_STOCK_LIST
IDX:MABA:20170622,MABA,Marga Abhinaya Abadi Tbk.,2017-06-22,,IDX_STOCK_LIST
IDX:MAGP:20130116,MAGP,Multi Agro Gemilang Plantation,2013-01-16,,IDX_STOCK_LIST
IDX:MAHA:20230725,MAHA,Mandiri Herindo Adiperkasa Tbk,2023-07-25,,IDX_STOCK_LIST
IDX:MAIN:20060210,MAIN,Malindo Feedmill Tbk.,2006-02-10,,IDX_STOCK_LIST
IDX:MAMI:19940209,MAMI,Mas Murni Indonesia Tbk,1994-02-09,2025-07-18,IDX_DIGITAL_STATISTIC_DELISTING
IDX:MANG:20240111,MANG,Manggung Polahraya Tbk.,2024-01-11,,IDX_STOCK_LIST
IDX:MAPA:20180705,MAPA,Map Aktif Adiperkasa Tbk.,2018-07-05,,IDX_STOCK_LIST
IDX:MAPB:20170621,MAPB,MAP Boga Adiperkasa Tbk.,2017-06-21,,IDX_STOCK_LIST
IDX:MAPI:20041110,MAPI,Mitra Adiperkasa Tbk.,2004-11-10,,IDX_STOCK_LIST
IDX:MARI:20160211,MARI,Mahaka Radio Integra Tbk.,2016-02-11,,IDX_STOCK_LIST
IDX:MARK:20170712,MARK,Mark Dynamics Indonesia Tbk.,2017-07-12,,IDX_STOCK_LIST
IDX:MASA:20050609,MASA,Multistrada Arah Sarana Tbk,2005-06-09,2025-10-30,IDX_DIGITAL_STATISTIC_DELISTING
IDX:MASB:20210630,MASB,Bank Multiarta Sentosa Tbk.,2021-06-30,,IDX_STOCK_LIST
IDX:MAXI:20230612,MAXI,Maxindo Karya Anugerah Tbk.,2023-06-12,,IDX_STOCK_LIST
IDX:MAYA:19970829,MAYA,Bank Mayapada Internasional Tb,1997-08-29,,IDX_STOCK_LIST
IDX:MBAP:20140710,MBAP,Mitrabara Adiperdana Tbk.,2014-07-10,,IDX_STOCK_LIST
IDX:MBMA:20230418,MBMA,Merdeka Battery Materials Tbk.,2023-04-18,,IDX_STOCK_LIST
IDX:MBSS:20110406,MBSS,Mitrabahtera Segara Sejati Tbk,2011-04-06,,IDX_STOCK_LIST
IDX:MBTO:20110113,MBTO,Martina Berto Tbk.,2011-01-13,,IDX_STOCK_LIST
IDX:MCAS:20171101,MCAS,M Cash Integrasi Tbk.,2017-11-01,,IDX_STOCK_LIST
IDX:MCOL:20210907,MCOL,Prima Andalan Mandiri Tbk.,2021-09-07,,IDX_STOCK_LIST
IDX:MCOR:20070703,MCOR,Bank China Construction Bank I,2007-07-03,,IDX_STOCK_LIST
IDX:MDIA:20140411,MDIA,Intermedia Capital Tbk.,2014-04-11,,IDX_STOCK_LIST
IDX:MDIY:20241219,MDIY,Daya Intiguna Yasa Tbk.,2024-12-19,,IDX_STOCK_LIST
IDX:MDKA:20150619,MDKA,Merdeka Copper Gold Tbk.,2015-06-19,,IDX_STOCK_LIST
IDX:MDKI:20170925,MDKI,Emdeki Utama Tbk.,2017-09-25,,IDX_STOCK_LIST
IDX:MDLA:20250415,MDLA,Medela Potentia Tbk.,2025-04-15,,IDX_STOCK_LIST
IDX:MDLN:19930118,MDLN,Modernland Realty Tbk.,1993-01-18,,IDX_STOCK_LIST
IDX:MDRN:19910716,MDRN,Modern Internasional Tbk.,1991-07-16,,IDX_STOCK_LIST
IDX:MEDC:19941012,MEDC,Medco Energi Internasional Tbk,1994-10-12,,IDX_STOCK_LIST
IDX:MEDS:20220810,MEDS,Hetzer Medical Indonesia Tbk.,2022-08-10,,IDX_STOCK_LIST
IDX:MEGA:20000417,MEGA,Bank Mega Tbk.,2000-04-17,,IDX_STOCK_LIST
IDX:MEJA:20240212,MEJA,Harta Djaya Karya Tbk.,2024-02-12,,IDX_STOCK_LIST
IDX:MENN:20230418,MENN,Menn Teknologi Indonesia Tbk.,2023-04-18,,IDX_STOCK_LIST
IDX:MERI:20250710,MERI,Merry Riana Edukasi Tbk.,2025-07-10,,IDX_STOCK_LIST
IDX:MERK:19810723,MERK,Merck Tbk.,1981-07-23,,IDX_STOCK_LIST
IDX:META:20010718,META,Nusantara Infrastructure Tbk.,2001-07-18,,IDX_STOCK_LIST
IDX:MFIN:20050906,MFIN,Mandala Multifinance Tbk,2005-09-06,2025-10-02,IDX_DIGITAL_STATISTIC_DELISTING
IDX:MFMI:20101229,MFMI,Multifiling Mitra Indonesia Tb,2010-12-29,,IDX_STOCK_LIST
IDX:MGLV:20210608,MGLV,NexAI Digital Infrastruktur Tb,2021-06-08,,IDX_STOCK_LIST
IDX:MGNA:20140708,MGNA,Magna Investama Mandiri Tbk.,2014-07-08,,IDX_STOCK_LIST
IDX:MGRO:20180712,MGRO,Mahkota Group Tbk.,2018-07-12,,IDX_STOCK_LIST
IDX:MHKI:20240416,MHKI,Multi Hanna Kreasindo Tbk.,2024-04-16,,IDX_STOCK_LIST
IDX:MICE:20051221,MICE,Multi Indocitra Tbk.,2005-12-21,,IDX_STOCK_LIST
IDX:MIDI:20101130,MIDI,Midi Utama Indonesia Tbk.,2010-11-30,,IDX_STOCK_LIST
IDX:MIKA:20150324,MIKA,Mitra Keluarga Karyasehat Tbk.,2015-03-24,,IDX_STOCK_LIST
IDX:MINA:20170428,MINA,Sanurhasta Mitra Tbk.,2017-04-28,,IDX_STOCK_LIST
IDX:MINE:20250310,MINE,Sinar Terang Mandiri Tbk.,2025-03-10,,IDX_STOCK_LIST
IDX:MIRA:19970130,MIRA,Mitra International Resources,1997-01-30,,IDX_STOCK_LIST
IDX:MITI:19970716,MITI,Mitra Investindo Tbk.,1997-07-16,,IDX_STOCK_LIST
IDX:MKAP:20240212,MKAP,Multikarya Asia Pasifik Raya T,2024-02-12,,IDX_STOCK_LIST
IDX:MKNT:20151026,MKNT,Mitra Komunikasi Nusantara Tbk,2015-10-26,,IDX_STOCK_LIST
IDX:MKPI:20090710,MKPI,Metropolitan Kentjana Tbk.,2009-07-10,,IDX_STOCK_LIST
IDX:MKTR:20221108,MKTR,Menthobi Karyatama Raya Tbk.,2022-11-08,,IDX_STOCK_LIST
IDX:MLBI:19811215,MLBI,Multi Bintang Indonesia Tbk.,1981-12-15,,IDX_STOCK_LIST
IDX:MLIA:19940117,MLIA,Mulia Industrindo Tbk,1994-01-17,,IDX_STOCK_LIST
IDX:MLPL:19891106,MLPL,Multipolar Tbk.,1989-11-06,,IDX_STOCK_LIST
IDX:MLPT:20130708,MLPT,Multipolar Technology Tbk.,2013-07-08,,IDX_STOCK_LIST
IDX:MMIX:20221206,MMIX,Multi Medika Internasional Tbk,2022-12-06,,IDX_STOCK_LIST
IDX:MMLP:20150612,MMLP,Mega Manunggal Property Tbk.,2015-06-12,,IDX_STOCK_LIST
IDX:MNCN:20070622,MNCN,Media Nusantara Citra Tbk.,2007-06-22,,IDX_STOCK_LIST
IDX:MOLI:20180830,MOLI,Madusari Murni Indah Tbk.,2018-08-30,,IDX_STOCK_LIST
IDX:MORA:20220808,MORA,Ekamas Mora Republik Tbk.,2022-08-08,,IDX_STOCK_LIST
IDX:MPIX:20240207,MPIX,Mitra Pedagang Indonesia Tbk.,2024-02-07,,IDX_STOCK_LIST
IDX:MPMX:20130529,MPMX,Mitra Pinasthika Mustika Tbk.,2013-05-29,,IDX_STOCK_LIST
IDX:MPOW:20170705,MPOW,Megapower Makmur Tbk.,2017-07-05,,IDX_STOCK_LIST
IDX:MPPA:19921221,MPPA,Matahari Putra Prima Tbk.,1992-12-21,,IDX_STOCK_LIST
IDX:MPRO:20181009,MPRO,Maha Properti Indonesia Tbk.,2018-10-09,,IDX_STOCK_LIST
IDX:MPXL:20230509,MPXL,MPX Logistics International Tb,2023-05-09,,IDX_STOCK_LIST
IDX:MRAT:19950727,MRAT,Mustika Ratu Tbk.,1995-07-27,,IDX_STOCK_LIST
IDX:MREI:19890904,MREI,Maskapai Reasuransi Indonesia,1989-09-04,,IDX_STOCK_LIST
IDX:MSIE:20230810,MSIE,Multisarana Intan Eduka Tbk.,2023-08-10,,IDX_STOCK_LIST
IDX:MSIN:20180608,MSIN,MNC Digital Entertainment Tbk.,2018-06-08,,IDX_STOCK_LIST
IDX:MSJA:20240110,MSJA,Multi Spunindo Jaya Tbk.,2024-01-10,,IDX_STOCK_LIST
IDX:MSKY:20120709,MSKY,MNC Sky Vision Tbk.,2012-07-09,,IDX_STOCK_LIST
IDX:MSTI:20231108,MSTI,Mastersystem Infotama Tbk.,2023-11-08,,IDX_STOCK_LIST
IDX:MTDL:19900409,MTDL,Metrodata Electronics Tbk.,1990-04-09,,IDX_STOCK_LIST
IDX:MTEL:20211122,MTEL,Dayamitra Telekomunikasi Tbk.,2021-11-22,,IDX_STOCK_LIST
IDX:MTFN:19900416,MTFN,Capitalinc Investment Tbk.,1990-04-16,,IDX_STOCK_LIST
IDX:MTLA:20110620,MTLA,Metropolitan Land Tbk.,2011-06-20,,IDX_STOCK_LIST
IDX:MTMH:20220420,MTMH,Murni Sadar Tbk.,2022-04-20,,IDX_STOCK_LIST
IDX:MTPS:20190410,MTPS,Meta Epsi Tbk.,2019-04-10,,IDX_STOCK_LIST
IDX:MTRA:20160210,MTRA,Mitra Pemuda Tbk.,2016-02-10,,IDX_STOCK_LIST
IDX:MTSM:19920108,MTSM,Metro Realty Tbk.,1992-01-08,,IDX_STOCK_LIST
IDX:MTWI:20171012,MTWI,Malacca Trust Wuwungan Insuran,2017-10-12,,IDX_STOCK_LIST
IDX:MUTU:20230809,MUTU,Mutuagung Lestari Tbk.,2023-08-09,,IDX_STOCK_LIST
IDX:MYOH:20000727,MYOH,Samindo Resources Tbk.,2000-07-27,,IDX_STOCK_LIST
IDX:MYOR:19900704,MYOR,Mayora Indah Tbk.,1990-07-04,,IDX_STOCK_LIST
IDX:MYRX:19901031,MYRX,Hanson International Tbk,1990-10-31,2025-07-18,IDX_DIGITAL_STATISTIC_DELISTING
IDX:MYTX:19891010,MYTX,Asia Pacific Investama Tbk.,1989-10-10,,IDX_STOCK_LIST
IDX:NAIK:20241113,NAIK,Adiwarna Anugerah Abadi Tbk.,2024-11-13,,IDX_STOCK_LIST
IDX:NANO:20220310,NANO,Nanotech Indonesia Global Tbk.,2022-03-10,,IDX_STOCK_LIST
IDX:NASA:20170807,NASA,Andalan Perkasa Abadi Tbk.,2017-08-07,,IDX_STOCK_LIST
IDX:NASI:20211213,NASI,Wahana Inti Makmur Tbk.,2021-12-13,,IDX_STOCK_LIST
IDX:NATO:20190118,NATO,Olympus Strategic Indonesia Tb,2019-01-18,,IDX_STOCK_LIST
IDX:NAYZ:20230206,NAYZ,Hassana Boga Sejahtera Tbk.,2023-02-06,,IDX_STOCK_LIST
IDX:NCKL:20230412,NCKL,Trimegah Bangun Persada Tbk.,2023-04-12,,IDX_STOCK_LIST
IDX:NELY:20121011,NELY,Pelayaran Nelly Dwi Putri Tbk.,2012-10-11,,IDX_STOCK_LIST
IDX:NEST:20240808,NEST,Esta Indonesia Tbk.,2024-08-08,,IDX_STOCK_LIST
IDX:NETV:20220126,NETV,MDTV Media Technologies Tbk.,2022-01-26,,IDX_STOCK_LIST
IDX:NFCX:20180712,NFCX,NFC Indonesia Tbk.,2018-07-12,,IDX_STOCK_LIST
IDX:NICE:20240109,NICE,Adhi Kartiko Pratama Tbk.,2024-01-09,,IDX_STOCK_LIST
IDX:NICK:20180502,NICK,Charnic Capital Tbk.,2018-05-02,,IDX_STOCK_LIST
IDX:NICL:20210709,NICL,PAM Mineral Tbk.,2021-07-09,,IDX_STOCK_LIST
IDX:NIKL:20091214,NIKL,Pelat Timah Nusantara Tbk.,2009-12-14,,IDX_STOCK_LIST
IDX:NINE:20221205,NINE,Techno9 Indonesia Tbk.,2022-12-05,,IDX_STOCK_LIST
IDX:NIPS:19910724,NIPS,Nipress Tbk,1991-07-24,2025-07-18,IDX_DIGITAL_STATISTIC_DELISTING
IDX:NIRO:20120913,NIRO,City Retail Developments Tbk.,2012-09-13,,IDX_STOCK_LIST
IDX:NISP:19941020,NISP,Bank OCBC NISP Tbk.,1994-10-20,,IDX_STOCK_LIST
IDX:NOBU:20130520,NOBU,Bank Nationalnobu Tbk.,2013-05-20,,IDX_STOCK_LIST
IDX:NPGF:20210414,NPGF,Nusa Palapa Gemilang Tbk.,2021-04-14,,IDX_STOCK_LIST
IDX:NRCA:20130627,NRCA,Nusa Raya Cipta Tbk.,2013-06-27,,IDX_STOCK_LIST
IDX:NSSS:20230310,NSSS,Nusantara Sawit Sejahtera Tbk.,2023-03-10,,IDX_STOCK_LIST
IDX:NTBK:20220209,NTBK,Nusatama Berkah Tbk.,2022-02-09,,IDX_STOCK_LIST
IDX:NUSA:20180712,NUSA,Sinergi Megah Internusa Tbk.,2018-07-12,,IDX_STOCK_LIST
IDX:NZIA:20190925,NZIA,Nusantara Almazia Tbk.,2019-09-25,,IDX_STOCK_LIST
IDX:OASA:20160718,OASA,Maharaksa Biru Energi Tbk.,2016-07-18,,IDX_STOCK_LIST
IDX:OBAT:20250113,OBAT,Brigit Biofarmaka Teknologi Tb,2025-01-13,,IDX_STOCK_LIST
IDX:OBMD:20211208,OBMD,OBM Drilchem Tbk.,2021-12-08,,IDX_STOCK_LIST
IDX:OCAP:20031010,OCAP,Onix Capital Tbk.,2003-10-10,,IDX_STOCK_LIST
IDX:OILS:20210906,OILS,Indo Oil Perkasa Tbk.,2021-09-06,,IDX_STOCK_LIST
IDX:OKAS:20060329,OKAS,Ancora Indonesia Resources Tbk,2006-03-29,,IDX_STOCK_LIST
IDX:OLIV:20220517,OLIV,Atlas Nexus Group Tbk.,2022-05-17,,IDX_STOCK_LIST
IDX:OMED:20221108,OMED,Jayamas Medica Industri Tbk.,2022-11-08,,IDX_STOCK_LIST
IDX:OMRE:19940822,OMRE,Indonesia Prima Property Tbk,1994-08-22,,IDX_STOCK_LIST
IDX:OPMS:20190923,OPMS,Optima Prima Metal Sinergi Tbk,2019-09-23,,IDX_STOCK_LIST
IDX:PACK:20230208,PACK,Abadi Nusantara Hijau Investam,2023-02-08,,IDX_STOCK_LIST
IDX:PADA:20221208,PADA,Personel Alih Daya Tbk.,2022-12-08,,IDX_STOCK_LIST
IDX:PADI:20120109,PADI,Minna Padi Investama Sekuritas,2012-01-09,,IDX_STOCK_LIST
IDX:PALM:20121008,PALM,Provident Investasi Bersama Tb,2012-10-08,,IDX_STOCK_LIST
IDX:PAMG:20190705,PAMG,Bima Sakti Pertiwi Tbk.,2019-07-05,,IDX_STOCK_LIST
IDX:PANI:20180918,PANI,Pantai Indah Kapuk Dua Tbk.,2018-09-18,,IDX_STOCK_LIST
IDX:PANR:20010918,PANR,Panorama Sentrawisata Tbk.,2001-09-18,,IDX_STOCK_LIST
IDX:PANS:20000531,PANS,Panin Sekuritas Tbk.,2000-05-31,,IDX_STOCK_LIST
IDX:PART:20240705,PART,Cipta Perdana Lancar Tbk.,2024-07-05,,IDX_STOCK_LIST
IDX:PBID:20171213,PBID,Panca Budi Idaman Tbk.,2017-12-13,,IDX_STOCK_LIST
IDX:PBRX:19900816,PBRX,Pan Brothers Tbk.,1990-08-16,,IDX_STOCK_LIST
IDX:PBSA:20160928,PBSA,Paramita Bangun Sarana Tbk.,2016-09-28,,IDX_STOCK_LIST
IDX:PCAR:20171229,PCAR,Prima Cakrawala Abadi Tbk.,2017-12-29,,IDX_STOCK_LIST
IDX:PDES:20080708,PDES,Destinasi Tirta Nusantara Tbk,2008-07-08,,IDX_STOCK_LIST
IDX:PDPP:20221109,PDPP,Primadaya Plastisindo Tbk.,2022-11-09,,IDX_STOCK_LIST
IDX:PEGE:20050624,PEGE,Panca Global Kapital Tbk.,2005-06-24,,IDX_STOCK_LIST
IDX:PEHA:20181226,PEHA,Phapros Tbk.,2018-12-26,,IDX_STOCK_LIST
IDX:PEVE:20230124,PEVE,Penta Valent Tbk.,2023-01-24,,IDX_STOCK_LIST
IDX:PGAS:20031215,PGAS,Perusahaan Gas Negara (Persero,2003-12-15,,IDX_STOCK_LIST
IDX:PGEO:20230224,PGEO,Pertamina Geothermal Energy Tb,2023-02-24,,IDX_STOCK_LIST
IDX:PGJO:20200108,PGJO,Bahtera Bumi Raya Tbk.,2020-01-08,,IDX_STOCK_LIST
IDX:PGLI:20000405,PGLI,Pembangunan Graha Lestari Inda,2000-04-05,,IDX_STOCK_LIST
IDX:PGUN:20200707,PGUN,Pradiksi Gunatama Tbk.,2020-07-07,,IDX_STOCK_LIST
IDX:PICO:19960923,PICO,Pelangi Indah Canindo Tbk,1996-09-23,,IDX_STOCK_LIST
IDX:PIPA:20230410,PIPA,Multi Makmur Lemindo Tbk.,2023-04-10,,IDX_STOCK_LIST
IDX:PJAA:20040702,PJAA,Pembangunan Jaya Ancol Tbk.,2004-07-02,,IDX_STOCK_LIST
IDX:PJHB:20251106,PJHB,Pelayaran Jaya Hidup Baru Tbk.,2025-11-06,,IDX_STOCK_LIST
IDX:PKPK:20070711,PKPK,Paragon Karya Perkasa Tbk.,2007-07-11,,IDX_STOCK_LIST
IDX:PLAN:20200915,PLAN,Planet Properindo Jaya Tbk.,2020-09-15,,IDX_STOCK_LIST
IDX:PLAS:20010316,PLAS,Polaris Investama Tbk,2001-03-16,,IDX_STOCK_LIST
IDX:PLIN:19920615,PLIN,Plaza Indonesia Realty Tbk.,1992-06-15,,IDX_STOCK_LIST
IDX:PMJS:20191218,PMJS,Putra Mandiri Jembar Tbk.,2019-12-18,,IDX_STOCK_LIST
IDX:PMMP:20201218,PMMP,Panca Mitra Multiperdana Tbk.,2020-12-18,,IDX_STOCK_LIST
IDX:PMUI:20250710,PMUI,Prima Multi Usaha Indonesia Tb,2025-07-10,,IDX_STOCK_LIST
IDX:PNBN:19821229,PNBN,Bank Pan Indonesia Tbk,1982-12-29,,IDX_STOCK_LIST
IDX:PNBS:20140115,PNBS,Bank Panin Dubai Syariah Tbk.,2014-01-15,,IDX_STOCK_LIST
IDX:PNGO:20200831,PNGO,AEP Pinago Plantations Tbk.,2020-08-31,,IDX_STOCK_LIST
IDX:PNIN:19830920,PNIN,Paninvest Tbk.,1983-09-20,,IDX_STOCK_LIST
IDX:PNLF:19830614,PNLF,Panin Financial Tbk.,1983-06-14,,IDX_STOCK_LIST
IDX:PNSE:19900501,PNSE,Pudjiadi & Sons Tbk.,1990-05-01,,IDX_STOCK_LIST
IDX:POLA:20181116,POLA,Pool Advista Finance Tbk.,2018-11-16,,IDX_STOCK_LIST
IDX:POLI:20190110,POLI,Pollux Hotels Group Tbk.,2019-01-10,,IDX_STOCK_LIST
IDX:POLL:20180711,POLL,Pollux Properties Indonesia Tb,2018-07-11,,IDX_STOCK_LIST
IDX:POLU:20190626,POLU,Golden Flower Tbk.,2019-06-26,,IDX_STOCK_LIST
IDX:POLY:19910312,POLY,Asia Pacific Fibers Tbk,1991-03-12,,IDX_STOCK_LIST
IDX:POOL:19910520,POOL,Pool Advista Indonesia Tbk.,1991-05-20,,IDX_STOCK_LIST
IDX:PORT:20170316,PORT,Nusantara Pelabuhan Handal Tbk,2017-03-16,,IDX_STOCK_LIST
IDX:POSA:20190510,POSA,Bliss Properti Indonesia Tbk.,2019-05-10,,IDX_STOCK_LIST
IDX:POWR:20160614,POWR,Cikarang Listrindo Tbk.,2016-06-14,,IDX_STOCK_LIST
IDX:PPGL:20200720,PPGL,Prima Globalindo Logistik Tbk.,2020-07-20,,IDX_STOCK_LIST
IDX:PPRE:20171124,PPRE,PP Presisi Tbk.,2017-11-24,,IDX_STOCK_LIST
IDX:PPRI:20230808,PPRI,Paperocks Indonesia Tbk.,2023-08-08,,IDX_STOCK_LIST
IDX:PPRO:20150519,PPRO,PP Properti Tbk.,2015-05-19,,IDX_STOCK_LIST
IDX:PRAS:19900712,PRAS,Prima Alloy Steel Universal Tbk,1990-07-12,2025-07-18,IDX_DIGITAL_STATISTIC_DELISTING
IDX:PRAY:20221108,PRAY,Famon Awal Bros Sedaya Tbk.,2022-11-08,,IDX_STOCK_LIST
IDX:PRDA:20161207,PRDA,Prodia Widyahusada Tbk.,2016-12-07,,IDX_STOCK_LIST
IDX:PRDL:20260709,PRDL,Prodia Diagnostic Line Tbk.,2026-07-09,,IDX_STOCK_LIST
IDX:PRIM:20180515,PRIM,Royal Prima Tbk.,2018-05-15,,IDX_STOCK_LIST
IDX:PSAB:20030422,PSAB,J Resources Asia Pasifik Tbk.,2003-04-22,,IDX_STOCK_LIST
IDX:PSAT:20250708,PSAT,Pancaran Samudera Transport Tb,2025-07-08,,IDX_STOCK_LIST
IDX:PSDN:19941018,PSDN,Prasidha Aneka Niaga Tbk,1994-10-18,,IDX_STOCK_LIST
IDX:PSGO:20191125,PSGO,Palma Serasih Tbk.,2019-11-25,,IDX_STOCK_LIST
IDX:PSKT:19950919,PSKT,Red Planet Indonesia Tbk.,1995-09-19,,IDX_STOCK_LIST
IDX:PSSI:20171205,PSSI,IMC Pelita Logistik Tbk.,2017-12-05,,IDX_STOCK_LIST
IDX:PTBA:20021223,PTBA,Bukit Asam (Persero) Tbk.,2002-12-23,,IDX_STOCK_LIST
IDX:PTDU:20201208,PTDU,Djasa Ubersakti Tbk.,2020-12-08,,IDX_STOCK_LIST
IDX:PTIS:20110712,PTIS,Indo Straits Tbk.,2011-07-12,,IDX_STOCK_LIST
IDX:PTMP:20230306,PTMP,Mitra Pack Tbk.,2023-03-06,,IDX_STOCK_LIST
IDX:PTMR:20241008,PTMR,Master Print Tbk.,2024-10-08,,IDX_STOCK_LIST
IDX:PTPP:20100209,PTPP,PP (Persero) Tbk.,2010-02-09,,IDX_STOCK_LIST
IDX:PTPS:20231009,PTPS,Pulau Subur Tbk.,2023-10-09,,IDX_STOCK_LIST
IDX:PTPW:20200207,PTPW,Pratama Widya Tbk.,2020-02-07,,IDX_STOCK_LIST
IDX:PTRO:19900521,PTRO,Petrosea Tbk.,1990-05-21,,IDX_STOCK_LIST
IDX:PTSN:20071108,PTSN,Sat Nusapersada Tbk,2007-11-08,,IDX_STOCK_LIST
IDX:PTSP:19940530,PTSP,Pioneerindo Gourmet Internatio,1994-05-30,,IDX_STOCK_LIST
IDX:PUDP:19941118,PUDP,Pudjiadi Prestige Tbk.,1994-11-18,,IDX_STOCK_LIST
IDX:PURA:20200129,PURA,Putra Rajawali Kencana Tbk.,2020-01-29,,IDX_STOCK_LIST
IDX:PURE:20191009,PURE,Trinitan Metals and Minerals T,2019-10-09,,IDX_STOCK_LIST
IDX:PURI:20200908,PURI,Puri Global Sukses Tbk.,2020-09-08,,IDX_STOCK_LIST
IDX:PWON:19891009,PWON,Pakuwon Jati Tbk.,1989-10-09,,IDX_STOCK_LIST
IDX:PYFA:20011016,PYFA,Pyridam Farma Tbk,2001-10-16,,IDX_STOCK_LIST
IDX:PZZA:20180523,PZZA,Sarimelati Kencana Tbk.,2018-05-23,,IDX_STOCK_LIST
IDX:RAAM:20230508,RAAM,Tripar Multivision Plus Tbk.,2023-05-08,,IDX_STOCK_LIST
IDX:RAFI:20220805,RAFI,Sari Kreasi Boga Tbk.,2022-08-05,,IDX_STOCK_LIST
IDX:RAJA:20060419,RAJA,Rukun Raharja Tbk.,2006-04-19,,IDX_STOCK_LIST
IDX:RALS:19960724,RALS,Ramayana Lestari Sentosa Tbk.,1996-07-24,,IDX_STOCK_LIST
IDX:RANC:20120607,RANC,Supra Boga Lestari Tbk.,2012-06-07,,IDX_STOCK_LIST
IDX:RANS:20260710,RANS,Rans Entertainmen Indonesia Tb,2026-07-10,,IDX_STOCK_LIST
IDX:RATU:20250108,RATU,Raharja Energi Cepu Tbk.,2025-01-08,,IDX_STOCK_LIST
IDX:RBMS:19971219,RBMS,Ristia Bintang Mahkotasejati T,1997-12-19,,IDX_STOCK_LIST
IDX:RCCC:20220802,RCCC,Utama Radar Cahaya Tbk.,2022-08-02,,IDX_STOCK_LIST
IDX:RDTX:19900514,RDTX,Roda Vivatex Tbk,1990-05-14,,IDX_STOCK_LIST
IDX:REAL:20191206,REAL,Repower Asia Indonesia Tbk.,2019-12-06,,IDX_STOCK_LIST
IDX:RELF:20230622,RELF,Graha Mitra Asia Tbk.,2023-06-22,,IDX_STOCK_LIST
IDX:RELI:20050713,RELI,Reliance Sekuritas Indonesia T,2005-07-13,,IDX_STOCK_LIST
IDX:RGAS:20231108,RGAS,Kian Santang Muliatama Tbk.,2023-11-08,,IDX_STOCK_LIST
IDX:RICY:19980122,RICY,Ricky Putra Globalindo Tbk,1998-01-22,,IDX_STOCK_LIST
IDX:RIGS:19900305,RIGS,Rig Tenders Indonesia Tbk.,1990-03-05,,IDX_STOCK_LIST
IDX:RIMO:20001110,RIMO,Rimo International Lestari Tbk,2000-11-10,,IDX_STOCK_LIST
IDX:RISE:20180709,RISE,Jaya Sukses Makmur Sentosa Tbk,2018-07-09,,IDX_STOCK_LIST
IDX:RLCO:20251208,RLCO,Abadi Lestari Indonesia Tbk.,2025-12-08,,IDX_STOCK_LIST
IDX:RMBA:19900305,RMBA,Bentoel International Investama Tbk,1990-03-05,2024-01-16,IDX_DIGITAL_STATISTIC_DELISTING
IDX:RMKE:20211207,RMKE,RMK Energy Tbk.,2021-12-07,,IDX_STOCK_LIST
IDX:RMKO:20230731,RMKO,Royaltama Mulia Kontraktorindo,2023-07-31,,IDX_STOCK_LIST
IDX:ROCK:20200910,ROCK,Rockfields Properti Indonesia,2020-09-10,,IDX_STOCK_LIST
IDX:RODA:20011022,RODA,Pikko Land Development Tbk.,2001-10-22,,IDX_STOCK_LIST
IDX:RONY:20200409,RONY,Aracord Nusantara Group Tbk.,2020-04-09,,IDX_STOCK_LIST
IDX:ROTI:20100628,ROTI,Nippon Indosari Corpindo Tbk.,2010-06-28,,IDX_STOCK_LIST
IDX:RSCH:20230828,RSCH,Charlie Hospital Semarang Tbk.,2023-08-28,,IDX_STOCK_LIST
IDX:RSGK:20210908,RSGK,Kedoya Adyaraya Tbk.,2021-09-08,,IDX_STOCK_LIST
IDX:RUIS:20060712,RUIS,Radiant Utama Interinsco Tbk.,2006-07-12,,IDX_STOCK_LIST
IDX:RUNS:20210908,RUNS,Global Sukses Solusi Tbk.,2021-09-08,,IDX_STOCK_LIST
IDX:SAFE:19940815,SAFE,Steady Safe Tbk,1994-08-15,,IDX_STOCK_LIST
IDX:SAGE:20230308,SAGE,Saptausaha Gemilangindah Tbk.,2023-03-08,,IDX_STOCK_LIST
IDX:SAME:20130111,SAME,Sarana Meditama Metropolitan T,2013-01-11,,IDX_STOCK_LIST
IDX:SAMF:20200331,SAMF,Saraswanti Anugerah Makmur Tbk,2020-03-31,,IDX_STOCK_LIST
IDX:SAPX:20181003,SAPX,Satria Antaran Prima Tbk.,2018-10-03,,IDX_STOCK_LIST
IDX:SATU:20181105,SATU,Kota Satu Properti Tbk.,2018-11-05,,IDX_STOCK_LIST
IDX:SBAT:20200408,SBAT,Sejahtera Bintang Abadi Textil,2020-04-08,,IDX_STOCK_LIST
IDX:SBMA:20210908,SBMA,Surya Biru Murni Acetylene Tbk,2021-09-08,,IDX_STOCK_LIST
IDX:SCCO:19820720,SCCO,Supreme Cable Manufacturing &,1982-07-20,,IDX_STOCK_LIST
IDX:SCMA:20020716,SCMA,Surya Citra Media Tbk.,2002-07-16,,IDX_STOCK_LIST
IDX:SCNP:20200907,SCNP,Selaras Citra Nusantara Perkas,2020-09-07,,IDX_STOCK_LIST
IDX:SCPI:19900608,SCPI,Organon Pharma Indonesia Tbk.,1990-06-08,,IDX_STOCK_LIST
IDX:SDMU:20110712,SDMU,Sidomulyo Selaras Tbk.,2011-07-12,,IDX_STOCK_LIST
IDX:SDPC:19900507,SDPC,Millennium Pharmacon Internati,1990-05-07,,IDX_STOCK_LIST
IDX:SDRA:20061215,SDRA,Bank Woori Saudara Indonesia 1,2006-12-15,,IDX_STOCK_LIST
IDX:SEMA:20220110,SEMA,Semacom Integrated Tbk.,2022-01-10,,IDX_STOCK_LIST
IDX:SFAN:20190619,SFAN,Surya Fajar Capital Tbk.,2019-06-19,,IDX_STOCK_LIST
IDX:SGER:20200810,SGER,Sumber Global Energy Tbk.,2020-08-10,,IDX_STOCK_LIST
IDX:SGRO:20070618,SGRO,Prime Agri Resources Tbk.,2007-06-18,,IDX_STOCK_LIST
IDX:SHID:19900508,SHID,Hotel Sahid Jaya International,1990-05-08,,IDX_STOCK_LIST
IDX:SHIP:20160616,SHIP,Sillo Maritime Perdana Tbk.,2016-06-16,,IDX_STOCK_LIST
IDX:SICO:20220408,SICO,Sigma Energy Compressindo Tbk.,2022-04-08,,IDX_STOCK_LIST
IDX:SIDO:20131218,SIDO,Industri Jamu dan Farmasi Sido,2013-12-18,,IDX_STOCK_LIST
IDX:SILO:20130912,SILO,Siloam International Hospitals,2013-09-12,,IDX_STOCK_LIST
IDX:SIMA:19940603,SIMA,Siwani Makmur Tbk,1994-06-03,,IDX_STOCK_LIST
IDX:SIMP:20110609,SIMP,Salim Ivomas Pratama Tbk.,2011-06-09,,IDX_STOCK_LIST
IDX:SINI:20191108,SINI,Singaraja Putra Tbk.,2019-11-08,,IDX_STOCK_LIST
IDX:SIPD:19961227,SIPD,Sreeya Sewu Indonesia Tbk.,1996-12-27,,IDX_STOCK_LIST
IDX:SKBM:20120928,SKBM,Sekar Bumi Tbk.,2012-09-28,,IDX_STOCK_LIST
IDX:SKLT:19930908,SKLT,Sekar Laut Tbk.,1993-09-08,,IDX_STOCK_LIST
IDX:SKRN:20181011,SKRN,Superkrane Mitra Utama Tbk.,2018-10-11,,IDX_STOCK_LIST
IDX:SKYB:20100707,SKYB,Northcliff Citranusa Indonesia,2010-07-07,,IDX_STOCK_LIST
IDX:SLIS:20191007,SLIS,Gaya Abadi Sempurna Tbk.,2019-10-07,,IDX_STOCK_LIST
IDX:SMAR:19921120,SMAR,Sinar Mas Agro Resources and T,1992-11-20,,IDX_STOCK_LIST
IDX:SMBR:20130628,SMBR,Semen Baturaja (Persero) Tbk.,2013-06-28,,IDX_STOCK_LIST
IDX:SMCB:19770810,SMCB,Solusi Bangun Indonesia Tbk.,1977-08-10,,IDX_STOCK_LIST
IDX:SMDM:19951012,SMDM,Suryamas Dutamakmur Tbk.,1995-10-12,,IDX_STOCK_LIST
IDX:SMDR:19990705,SMDR,Samudera Indonesia  Tbk.,1999-07-05,,IDX_STOCK_LIST
IDX:SMGA:20240130,SMGA,Sumber Mineral Global Abadi Tb,2024-01-30,,IDX_STOCK_LIST
IDX:SMGR:19910708,SMGR,Semen Indonesia (Persero) Tbk.,1991-07-08,,IDX_STOCK_LIST
IDX:SMIL:20230512,SMIL,Sarana Mitra Luas Tbk.,2023-05-12,,IDX_STOCK_LIST
IDX:SMKL:20190711,SMKL,Satyamitra Kemas Lestari Tbk.,2019-07-11,,IDX_STOCK_LIST
IDX:SMKM:20220309,SMKM,Sumber Mas Konstruksi Tbk.,2022-03-09,,IDX_STOCK_LIST
IDX:SMLE:20240110,SMLE,Sinergi Multi Lestarindo Tbk.,2024-01-10,,IDX_STOCK_LIST
IDX:SMMA:19950705,SMMA,Sinarmas Multiartha Tbk.,1995-07-05,,IDX_STOCK_LIST
IDX:SMMT:19971201,SMMT,Golden Eagle Energy Tbk.,1997-12-01,,IDX_STOCK_LIST
IDX:SMRA:19900507,SMRA,Summarecon Agung Tbk.,1990-05-07,,IDX_STOCK_LIST
IDX:SMRU:20111010,SMRU,SMR Utama Tbk.,2011-10-10,,IDX_STOCK_LIST
IDX:SMSM:19960909,SMSM,Selamat Sempurna Tbk.,1996-09-09,,IDX_STOCK_LIST
IDX:SNLK:20210329,SNLK,Sunter Lakeside Hotel Tbk.,2021-03-29,,IDX_STOCK_LIST
IDX:SOCI:20141203,SOCI,Soechi Lines Tbk.,2014-12-03,,IDX_STOCK_LIST
IDX:SOFA:20200707,SOFA,Solusi Environment Asia Tbk.,2020-07-07,,IDX_STOCK_LIST
IDX:SOHO:20200908,SOHO,Soho Global Health Tbk.,2020-09-08,,IDX_STOCK_LIST
IDX:SOLA:20240508,SOLA,Xolare RCR Energy Tbk.,2024-05-08,,IDX_STOCK_LIST
IDX:SONA:19920721,SONA,Sona Topas Tourism Industry Tb,1992-07-21,,IDX_STOCK_LIST
IDX:SOSS:20181106,SOSS,ALSOK Indonesia Services Tbk.,2018-11-06,,IDX_STOCK_LIST
IDX:SOTS:20181210,SOTS,Satria Mega Kencana Tbk.,2018-12-10,,IDX_STOCK_LIST
IDX:SOUL:20230106,SOUL,Mitra Tirta Buwana Tbk.,2023-01-06,,IDX_STOCK_LIST
IDX:SPMA:19941116,SPMA,Suparma Tbk.,1994-11-16,,IDX_STOCK_LIST
IDX:SPRE:20240703,SPRE,Soraya Berjaya Indonesia Tbk.,2024-07-03,,IDX_STOCK_LIST
IDX:SPTO:20180514,SPTO,Surya Pertiwi Tbk.,2018-05-14,,IDX_STOCK_LIST
IDX:SQMI:20040715,SQMI,Wilton Makmur Indonesia Tbk.,2004-07-15,,IDX_STOCK_LIST
IDX:SRAJ:20110411,SRAJ,Sejahteraraya Anugrahjaya Tbk.,2011-04-11,,IDX_STOCK_LIST
IDX:SRIL:20130617,SRIL,Sri Rejeki Isman Tbk.,2013-06-17,,IDX_STOCK_LIST
IDX:SRSN:19930111,SRSN,Indo Acidatama Tbk,1993-01-11,,IDX_STOCK_LIST
IDX:SRTG:20130626,SRTG,Saratoga Investama Sedaya Tbk.,2013-06-26,,IDX_STOCK_LIST
IDX:SSIA:19970327,SSIA,Surya Semesta Internusa Tbk.,1997-03-27,,IDX_STOCK_LIST
IDX:SSMS:20131212,SSMS,Sawit Sumbermas Sarana Tbk.,2013-12-12,,IDX_STOCK_LIST
IDX:SSTM:19970820,SSTM,Sunson Textile Manufacture Tbk,1997-08-20,,IDX_STOCK_LIST
IDX:STAA:20220310,STAA,Sumber Tani Agung Resources Tb,2022-03-10,,IDX_STOCK_LIST
IDX:STAR:20110713,STAR,Calculus Global Ventures Tbk.,2011-07-13,,IDX_STOCK_LIST
IDX:STRK:20231010,STRK,Lovina Beach Brewery Tbk.,2023-10-10,,IDX_STOCK_LIST
IDX:STTP:19961216,STTP,Siantar Top Tbk.,1996-12-16,,IDX_STOCK_LIST
IDX:SUGI:20020619,SUGI,Sugih Energy Tbk.,2002-06-19,,IDX_STOCK_LIST
IDX:SULI:19940321,SULI,SLJ Global Tbk.,1994-03-21,,IDX_STOCK_LIST
IDX:SUNI:20230109,SUNI,Sunindo Pratama Tbk.,2023-01-09,,IDX_STOCK_LIST
IDX:SUPA:20251217,SUPA,Super Bank Indonesia Tbk.,2025-12-17,,IDX_STOCK_LIST
IDX:SUPR:20111011,SUPR,Solusi Tunas Pratama Tbk.,2011-10-11,,IDX_STOCK_LIST
IDX:SURE:20181005,SURE,Super Energy Tbk.,2018-10-05,,IDX_STOCK_LIST
IDX:SURI:20231207,SURI,Maja Agung Latexindo Tbk.,2023-12-07,,IDX_STOCK_LIST
IDX:SWAT:20180608,SWAT,Sriwahana Adityakarta Tbk.,2018-06-08,,IDX_STOCK_LIST
IDX:SWID:20220707,SWID,Saraswanti Indoland Developmen,2022-07-07,,IDX_STOCK_LIST
IDX:TALF:20140117,TALF,Tunas Alfin Tbk.,2014-01-17,,IDX_STOCK_LIST
IDX:TAMA:20200210,TAMA,Lancartama Sejati Tbk.,2020-02-10,,IDX_STOCK_LIST
IDX:TAMU:20170510,TAMU,Pelayaran Tamarin Samudra Tbk.,2017-05-10,,IDX_STOCK_LIST
IDX:TAPG:20210412,TAPG,Triputra Agro Persada Tbk.,2021-04-12,,IDX_STOCK_LIST
IDX:TARA:20140711,TARA,Agung Semesta Sejahtera Tbk.,2014-07-11,,IDX_STOCK_LIST
IDX:TAXI:20121102,TAXI,Express Transindo Utama Tbk.,2012-11-02,,IDX_STOCK_LIST
IDX:TAYS:20211206,TAYS,Jaya Swarasa Agung Tbk.,2021-12-06,,IDX_STOCK_LIST
IDX:TBIG:20101026,TBIG,Tower Bersama Infrastructure T,2010-10-26,,IDX_STOCK_LIST
IDX:TBLA:20000214,TBLA,Tunas Baru Lampung Tbk.,2000-02-14,,IDX_STOCK_LIST
IDX:TBMS:19900523,TBMS,Tembaga Mulia Semanan Tbk.,1990-05-23,,IDX_STOCK_LIST
IDX:TCID:19930930,TCID,Mandom Indonesia Tbk.,1993-09-30,,IDX_STOCK_LIST
IDX:TCPI:20180706,TCPI,Transcoal Pacific Tbk.,2018-07-06,,IDX_STOCK_LIST
IDX:TDPM:20180409,TDPM,Tianrong Chemicals Industry Tb,2018-04-09,,IDX_STOCK_LIST
IDX:TEBE:20191118,TEBE,Dana Brata Luhur Tbk.,2019-11-18,,IDX_STOCK_LIST
IDX:TECH:20200604,TECH,Indosterling Technomedia Tbk.,2020-06-04,,IDX_STOCK_LIST
IDX:TELE:20120112,TELE,Omni Inovasi Indonesia Tbk.,2012-01-12,,IDX_STOCK_LIST
IDX:TFAS:20190917,TFAS,Telefast Indonesia Tbk.,2019-09-17,,IDX_STOCK_LIST
IDX:TFCO:19800226,TFCO,Tifico Fiber Indonesia Tbk.,1980-02-26,,IDX_STOCK_LIST
IDX:TGKA:19900611,TGKA,Tigaraksa Satria Tbk.,1990-06-11,,IDX_STOCK_LIST
IDX:TGRA:20170516,TGRA,Terregra Asia Energy Tbk.,2017-05-16,,IDX_STOCK_LIST
IDX:TGUK:20230710,TGUK,Platinum Wahab Nusantara Tbk.,2023-07-10,,IDX_STOCK_LIST
IDX:TIFA:20110708,TIFA,KDB Tifa Finance Tbk.,2011-07-08,,IDX_STOCK_LIST
IDX:TINS:19951019,TINS,TIMAH (Persero) Tbk.,1995-10-19,,IDX_STOCK_LIST
IDX:TIRA:19930727,TIRA,Tira Austenite Tbk,1993-07-27,,IDX_STOCK_LIST
IDX:TIRT:19991213,TIRT,Tirta Mahakam Resources Tbk,1999-12-13,,IDX_STOCK_LIST
IDX:TKIM:19900403,TKIM,Pabrik Kertas Tjiwi Kimia Tbk.,1990-04-03,,IDX_STOCK_LIST
IDX:TLDN:20220412,TLDN,Teladan Prima Agro Tbk.,2022-04-12,,IDX_STOCK_LIST
IDX:TLKM:19951114,TLKM,Telkom Indonesia (Persero) Tbk,1995-11-14,,IDX_STOCK_LIST
IDX:TMAS:20030709,TMAS,Temas Tbk.,2003-07-09,,IDX_STOCK_LIST
IDX:TMPO:20010108,TMPO,Tempo Intimedia Tbk.,2001-01-08,,IDX_STOCK_LIST
IDX:TNCA:20180628,TNCA,Trimuda Nuansa Citra Tbk.,2018-06-28,,IDX_STOCK_LIST
IDX:TOBA:20120706,TOBA,TBS Energi Utama Tbk.,2012-07-06,,IDX_STOCK_LIST
IDX:TOOL:20220809,TOOL,Rohartindo Nusantara Luas Tbk.,2022-08-09,,IDX_STOCK_LIST
IDX:TOPS:20170616,TOPS,Totalindo Eka Persada Tbk.,2017-06-16,,IDX_STOCK_LIST
IDX:TOSK:20240207,TOSK,Topindo Solusi Komunika Tbk.,2024-02-07,,IDX_STOCK_LIST
IDX:TOTL:20060725,TOTL,Total Bangun Persada Tbk.,2006-07-25,,IDX_STOCK_LIST
IDX:TOTO:19901030,TOTO,Surya Toto Indonesia Tbk.,1990-10-30,,IDX_STOCK_LIST
IDX:TOWR:20100308,TOWR,Sarana Menara Nusantara Tbk.,2010-03-08,,IDX_STOCK_LIST
IDX:TOYS:20200806,TOYS,Sunindo Adipersada Tbk.,2020-08-06,,IDX_STOCK_LIST
IDX:TPIA:20080526,TPIA,Chandra Asri Pacific Tbk.,2008-05-26,,IDX_STOCK_LIST
IDX:TPMA:20130220,TPMA,Trans Power Marine Tbk.,2013-02-20,,IDX_STOCK_LIST
IDX:TRAM:20080910,TRAM,Trada Alam Minera Tbk.,2008-09-10,,IDX_STOCK_LIST
IDX:TRGU:20220708,TRGU,Cerestar Indonesia Tbk.,2022-07-08,,IDX_STOCK_LIST
IDX:TRIL:20080128,TRIL,Triwira Insanlestari Tbk.,2008-01-28,,IDX_STOCK_LIST
IDX:TRIM:20000131,TRIM,Trimegah Sekuritas Indonesia T,2000-01-31,,IDX_STOCK_LIST
IDX:TRIN:20200115,TRIN,Perintis Triniti Properti Tbk.,2020-01-15,,IDX_STOCK_LIST
IDX:TRIO:20090414,TRIO,Trikomsel Oke Tbk.,2009-04-14,,IDX_STOCK_LIST
IDX:TRIS:20120628,TRIS,Trisula International Tbk.,2012-06-28,,IDX_STOCK_LIST
IDX:TRJA:20200827,TRJA,Transkon Jaya Tbk.,2020-08-27,,IDX_STOCK_LIST
IDX:TRON:20230308,TRON,Teknologi Karya Digital Nusa T,2023-03-08,,IDX_STOCK_LIST
IDX:TRST:19900702,TRST,Trias Sentosa Tbk.,1990-07-02,,IDX_STOCK_LIST
IDX:TRUE:20210610,TRUE,Triniti Dinamik Tbk.,2021-06-10,,IDX_STOCK_LIST
IDX:TRUK:20180523,TRUK,Guna Timur Raya Tbk.,2018-05-23,,IDX_STOCK_LIST
IDX:TRUS:20021128,TRUS,Trust Finance Indonesia Tbk,2002-11-28,,IDX_STOCK_LIST
IDX:TSPC:19940617,TSPC,Tempo Scan Pacific Tbk.,1994-06-17,,IDX_STOCK_LIST
IDX:TUGU:20180528,TUGU,Asuransi Tugu Pratama Indonesi,2018-05-28,,IDX_STOCK_LIST
IDX:TURI:19950516,TURI,Tunas Ridean Tbk,1995-05-16,2023-04-06,IDX_DIGITAL_STATISTIC_DELISTING
IDX:TYRE:20230508,TYRE,King Tire Indonesia Tbk.,2023-05-08,,IDX_STOCK_LIST
IDX:UANG:20200706,UANG,Pakuan Tbk.,2020-07-06,,IDX_STOCK_LIST
IDX:UCID:20191220,UCID,Uni-Charm Indonesia Tbk.,2019-12-20,,IDX_STOCK_LIST
IDX:UDNG:20231031,UDNG,Agro Bahari Nusantara Tbk.,2023-10-31,,IDX_STOCK_LIST
IDX:UFOE:20210201,UFOE,Damai Sejahtera Abadi Tbk.,2021-02-01,,IDX_STOCK_LIST
IDX:ULTJ:19900702,ULTJ,Ultrajaya Milk Industry & Trad,1990-07-02,,IDX_STOCK_LIST
IDX:UNIC:19891106,UNIC,Unggul Indah Cahaya Tbk.,1989-11-06,,IDX_STOCK_LIST
IDX:UNIQ:20210308,UNIQ,Ulima Nitra Tbk.,2021-03-08,,IDX_STOCK_LIST
IDX:UNIT:20020418,UNIT,Nusantara Inti Corpora Tbk,2002-04-18,,IDX_STOCK_LIST
IDX:UNSP:19900306,UNSP,Bakrie Sumatera Plantations Tb,1990-03-06,,IDX_STOCK_LIST
IDX:UNTD:20240207,UNTD,Terang Dunia Internusa Tbk.,2024-02-07,,IDX_STOCK_LIST
IDX:UNTR:19890919,UNTR,United Tractors Tbk.,1989-09-19,,IDX_STOCK_LIST
IDX:UNVR:19820111,UNVR,Unilever Indonesia Tbk.,1982-01-11,,IDX_STOCK_LIST
IDX:URBN:20181210,URBN,Urban Jakarta Propertindo Tbk.,2018-12-10,,IDX_STOCK_LIST
IDX:UVCR:20210727,UVCR,Trimegah Karya Pratama Tbk.,2021-07-27,,IDX_STOCK_LIST
IDX:VAST:20230208,VAST,Vastland Indonesia Tbk.,2023-02-08,,IDX_STOCK_LIST
IDX:VERN:20241008,VERN,Verona Indah Pictures Tbk.,2024-10-08,,IDX_STOCK_LIST
IDX:VICI:20201217,VICI,Victoria Care Indonesia Tbk.,2020-12-17,,IDX_STOCK_LIST
IDX:VICO:20130708,VICO,Victoria Investama Tbk.,2013-07-08,,IDX_STOCK_LIST
IDX:VINS:20150928,VINS,Victoria Insurance Tbk.,2015-09-28,,IDX_STOCK_LIST
IDX:VISI:20240227,VISI,Satu Visi Putra Tbk.,2024-02-27,,IDX_STOCK_LIST
IDX:VIVA:20111121,VIVA,Visi Media Asia Tbk.,2011-11-21,,IDX_STOCK_LIST
IDX:VKTR:20230619,VKTR,VKTR Teknologi Mobilitas Tbk.,2023-06-19,,IDX_STOCK_LIST
IDX:VOKS:19901220,VOKS,Voksel Electric Tbk.,1990-12-20,,IDX_STOCK_LIST
IDX:VRNA:20080625,VRNA,Mizuho Leasing Indonesia Tbk.,2008-06-25,,IDX_STOCK_LIST
IDX:VTNY:20221215,VTNY,Venteny Fortuna International,2022-12-15,,IDX_STOCK_LIST
IDX:WAPO:20010622,WAPO,Wahana Pronatural Tbk.,2001-06-22,,IDX_STOCK_LIST
IDX:WBSA:20260410,WBSA,BSA Logistics Indonesia Tbk.,2026-04-10,,IDX_STOCK_LIST
IDX:WEGE:20171130,WEGE,Wijaya Karya Bangunan Gedung T,2017-11-30,,IDX_STOCK_LIST
IDX:WEHA:20070531,WEHA,WEHA Transportasi Indonesia Tb,2007-05-31,,IDX_STOCK_LIST
IDX:WGSH:20211206,WGSH,Wira Global Solusi Tbk.,2021-12-06,,IDX_STOCK_LIST
IDX:WICO:19940808,WICO,Wicaksana Overseas Internation,1994-08-08,,IDX_STOCK_LIST
IDX:WIDI:20230710,WIDI,Widiant Jaya Krenindo Tbk.,2023-07-10,,IDX_STOCK_LIST
IDX:WIFI:20201230,WIFI,Solusi Sinergi Digital Tbk.,2020-12-30,,IDX_STOCK_LIST
IDX:WIIM:20121218,WIIM,Wismilak Inti Makmur Tbk.,2012-12-18,,IDX_STOCK_LIST
IDX:WIKA:20071029,WIKA,Wijaya Karya (Persero) Tbk.,2007-10-29,,IDX_STOCK_LIST
IDX:WINE:20230110,WINE,Hatten Bali Tbk.,2023-01-10,,IDX_STOCK_LIST
IDX:WINR:20220425,WINR,Winner Nusantara Jaya Tbk.,2022-04-25,,IDX_STOCK_LIST
IDX:WINS:20101129,WINS,Wintermar Offshore Marine Tbk.,2010-11-29,,IDX_STOCK_LIST
IDX:WIRG:20220404,WIRG,WIR ASIA Tbk.,2022-04-04,,IDX_STOCK_LIST
IDX:WMPP:20211206,WMPP,Widodo Makmur Perkasa Tbk.,2021-12-06,,IDX_STOCK_LIST
IDX:WMUU:20210202,WMUU,Widodo Makmur Unggas Tbk.,2021-02-02,,IDX_STOCK_LIST
IDX:WOMF:20041213,WOMF,Wahana Ottomitra Multiartha Tb,2004-12-13,,IDX_STOCK_LIST
IDX:WOOD:20170621,WOOD,Integra Indocabinet Tbk.,2017-06-21,,IDX_STOCK_LIST
IDX:WOWS:20191108,WOWS,Ginting Jaya Energi Tbk.,2019-11-08,,IDX_STOCK_LIST
IDX:WSBP:20160920,WSBP,Waskita Beton Precast Tbk.,2016-09-20,,IDX_STOCK_LIST
IDX:WSKT:20121219,WSKT,Waskita Karya (Persero) Tbk.,2012-12-19,,IDX_STOCK_LIST
IDX:WTON:20140408,WTON,Wijaya Karya Beton Tbk.,2014-04-08,,IDX_STOCK_LIST
IDX:YELO:20181029,YELO,Yelooo Integra Datanet Tbk.,2018-10-29,,IDX_STOCK_LIST
IDX:YOII:20250108,YOII,Asuransi Digital Bersama Tbk.,2025-01-08,,IDX_STOCK_LIST
IDX:YPAS:20080305,YPAS,Yanaprima Hastapersada Tbk,2008-03-05,,IDX_STOCK_LIST
IDX:YULE:20041210,YULE,Yulie Sekuritas Indonesia Tbk.,2004-12-10,,IDX_STOCK_LIST
IDX:YUPI:20250325,YUPI,Yupi Indo Jelly Gum Tbk.,2025-03-25,,IDX_STOCK_LIST
IDX:ZATA:20221110,ZATA,Bersama Zatta Jaya Tbk.,2022-11-10,,IDX_STOCK_LIST
IDX:ZBRA:19910801,ZBRA,Dosni Roha Indonesia Tbk.,1991-08-01,,IDX_STOCK_LIST
IDX:ZINC:20171016,ZINC,Kapuas Prima Coal Tbk.,2017-10-16,,IDX_STOCK_LIST
IDX:ZONE:20181212,ZONE,Mega Perintis Tbk.,2018-12-12,,IDX_STOCK_LIST
IDX:ZYRX:20210330,ZYRX,Zyrexindo Mandiri Buana Tbk.,2021-03-30,,IDX_STOCK_LIST
